protocol,model,context_seed,unit,rows,defaults,threshold,predicted_positive_share,auc,gini,ks,average_precision,brier,log_loss,accuracy,balanced_accuracy,f1,precision,recall,mcc,observed_over_expected,abs_log_oe,cox_slope,brier_miscalibration,psi
"in time, random fold",gbm,,fold 1,20000,460,0.059005812004740435,0.0454,0.6944819990209603,0.3889639980419206,0.31638556361532644,0.050768947695610064,0.022204321199154567,0.10420759936428678,0.938,0.5479684927239553,0.0935672514619883,0.07048458149779736,0.1391304347826087,0.06908100168492413,0.986881386750788,0.013205422301429749,0.9567580454879319,6.738379078786647e-05,0.0006571642198467782
"in time, random fold",gbm-50k,20260911,fold 1,20000,460,0.04600414738163033,0.09635,0.6806487250233635,0.361297450046727,0.2903653597970718,0.04655611731402564,0.022246730480050735,0.10490634659978007,0.89295,0.5875339326242712,0.10305823209049016,0.06382978723404255,0.2673913043478261,0.08893887874054353,0.9691893925735106,0.031295234617290585,1.0129017120752166,5.8415927072359014e-05,0.0007631310449189424
"in time, random fold",gbm-50k,20260912,fold 1,20000,460,0.04667641037434966,0.06995,0.6710828401050243,0.34216568021004856,0.2811757376173735,0.0451688783837875,0.022270721032412216,0.1054147744109126,0.91525,0.5554303324284634,0.08821947283485745,0.058613295210864905,0.1782608695652174,0.06515408809711286,1.0051163709243114,0.005103326772155955,0.982395464386199,4.9937184280399866e-05,0.0008728784162508348
"in time, random fold",gbm-50k,20260913,fold 1,20000,460,0.04050875803571337,0.09665,0.6722441146366428,0.3444882292732856,0.27270481954519155,0.04569287228632091,0.022264787635112793,0.10539189874420145,0.89145,0.5740298607093587,0.09277058086084412,0.05742369374030005,0.24130434782608695,0.07511370326372475,1.0204376163350912,0.020231570909351373,1.0247504608356321,4.2610405057739303e-05,0.0004783377852968022
"in time, random fold",scorecard,,fold 1,20000,460,0.042624356034549345,0.11565,0.6721010969694272,0.34420219393885443,0.2665546704641538,0.04766325484111257,0.022257695438836225,0.10530813520386023,0.87315,0.5720940323083085,0.0851063829787234,0.05101599654128837,0.2565217391304348,0.06758582255144614,0.9844684214240255,0.015653457167495798,0.8996836284286737,6.137931630122856e-05,0.0004818720932649932
"out of time, vintage cohorts",gbm,,"11 cohorts, threshold of fold 1",220000,6864,0.05900581200474043,0.04292272727272727,0.7100641045658009,0.42012820913160187,0.3149833250173681,0.07533089121415971,0.029759654627475395,0.131938816669702,0.9348318181818182,0.5520597228435691,0.12025212643504139,0.10394309513221404,0.1438019280294749,0.08882640940452181,1.427856147123606,0.35264109277186867,1.0059379619439965,0.00024256402360807135,0.017427363276699758
"out of time, vintage cohorts",gbm-50k,20260911,"11 cohorts, threshold of fold 1",220000,6864,0.04600414738163033,0.05634999999999999,0.7010047881697768,0.4020095763395538,0.3055526626532358,0.07079756507002267,0.029887437078828315,0.13349342151550056,0.9228318181818181,0.5571584645014488,0.11848984401789998,0.09256480553867202,0.16711708572318007,0.0859731693067838,1.483742917091849,0.39092939411361366,1.1702657538979586,0.0002929422179863486,0.02028653761358196
"out of time, vintage cohorts",gbm-50k,20260912,"11 cohorts, threshold of fold 1",220000,6864,0.04667641037434966,0.07563181818181819,0.7047397090099943,0.4094794180199886,0.31067131111586127,0.06922082821249413,0.029860643503129412,0.13316757420182043,0.9064318181818183,0.570963822294887,0.1241628732501287,0.0880057220282438,0.21314338458040039,0.09320787136461041,1.484792183888691,0.3913244115644918,1.0102621208089901,0.00025330811442068386,0.01641932959325845
"out of time, vintage cohorts",gbm-50k,20260913,"11 cohorts, threshold of fold 1",220000,6864,0.04050875803571336,0.10884999999999997,0.7052584617781286,0.4105169235562571,0.306123595330928,0.07136654972347022,0.02982587276124966,0.1325306355807338,0.8780863636363635,0.5943594952342578,0.12955885870201347,0.0836613076292617,0.2917010165387522,0.105140414464557,1.4173294973471111,0.3446193199871738,1.1226499061366584,0.0002533508457747221,0.016441658134216993
"out of time, vintage cohorts",scorecard,,"11 cohorts, threshold of fold 1",220000,6864,0.042624356034549345,0.08368181818181818,0.7002033339033952,0.40040666780679035,0.30695912154635907,0.06816797126792024,0.029892793145088536,0.1334954669065403,0.8992454545454546,0.5741868552809758,0.1231287888604964,0.08492678593460054,0.2274491952918683,0.09301862963101919,1.4949597143965014,0.39797523738411333,1.0641599711516228,0.0002581559962238923,0.03278028069388981
