build_id,rows,defaults,auc,gini,ks,brier,observed_rate,expected_rate,observed_over_expected,model,context_seed,cohort,age_quarters
2016H1-E,20000,650,0.678227,0.356453,0.250388,0.03109447,0.0325,0.023849,1.362718,scorecard,,2016Q3,1
2016H1-E,20000,626,0.695815,0.39163,0.293045,0.02992233,0.0313,0.023142,1.35253,scorecard,,2016Q4,2
2016H1-E,20000,629,0.700912,0.401824,0.309522,0.0300807,0.03145,0.022212,1.415881,scorecard,,2017Q1,3
2016H1-E,20000,681,0.707479,0.414959,0.317359,0.03245932,0.03405,0.021831,1.559702,scorecard,,2017Q2,4
2016H1-E,20000,584,0.71155,0.4231,0.300697,0.02784837,0.0292,0.022399,1.303607,scorecard,,2017Q3,5
2016H1-E,20000,623,0.715461,0.430921,0.330912,0.02975318,0.03115,0.021355,1.458688,scorecard,,2017Q4,6
2016H1-E,20000,638,0.685603,0.371207,0.2768,0.03061557,0.0319,0.020208,1.578589,scorecard,,2018Q1,7
2016H1-E,20000,650,0.696765,0.393531,0.288813,0.03092369,0.0325,0.024429,1.330411,gbm,,2016Q3,1
2016H1-E,20000,626,0.706383,0.412765,0.323204,0.02983245,0.0313,0.023792,1.315577,gbm,,2016Q4,2
2016H1-E,20000,629,0.706891,0.413782,0.311236,0.02998639,0.03145,0.022775,1.380905,gbm,,2017Q1,3
2016H1-E,20000,681,0.720751,0.441503,0.324301,0.03225222,0.03405,0.022749,1.496799,gbm,,2017Q2,4
2016H1-E,20000,584,0.719161,0.438322,0.313762,0.02774227,0.0292,0.023859,1.22385,gbm,,2017Q3,5
2016H1-E,20000,623,0.727528,0.455056,0.326837,0.02950528,0.03115,0.022742,1.369731,gbm,,2017Q4,6
2016H1-E,20000,638,0.707743,0.415487,0.301728,0.03040172,0.0319,0.021578,1.478353,gbm,,2018Q1,7
2016H1-E,20000,650,0.68367,0.36734,0.267203,0.03105697,0.0325,0.02319,1.401476,gbm-50k,20260911,2016Q3,1
2016H1-E,20000,626,0.69085,0.3817,0.289314,0.02995403,0.0313,0.022795,1.373104,gbm-50k,20260911,2016Q4,2
2016H1-E,20000,629,0.703664,0.407328,0.306152,0.03008661,0.03145,0.022009,1.428938,gbm-50k,20260911,2017Q1,3
2016H1-E,20000,681,0.712658,0.425316,0.329679,0.03240961,0.03405,0.021871,1.556851,gbm-50k,20260911,2017Q2,4
2016H1-E,20000,584,0.712218,0.424435,0.316566,0.02785739,0.0292,0.022642,1.289623,gbm-50k,20260911,2017Q3,5
2016H1-E,20000,623,0.717143,0.434285,0.324981,0.02977244,0.03115,0.02146,1.45157,gbm-50k,20260911,2017Q4,6
2016H1-E,20000,638,0.681434,0.362868,0.261223,0.030613,0.0319,0.020227,1.577127,gbm-50k,20260911,2018Q1,7
2016H1-E,20000,650,0.690664,0.381328,0.281109,0.03101469,0.0325,0.023828,1.363941,gbm-50k,20260912,2016Q3,1
2016H1-E,20000,626,0.703234,0.406469,0.307645,0.02989789,0.0313,0.023103,1.354781,gbm-50k,20260912,2016Q4,2
2016H1-E,20000,629,0.710244,0.420489,0.324267,0.03000197,0.03145,0.022285,1.41124,gbm-50k,20260912,2017Q1,3
2016H1-E,20000,681,0.714399,0.428798,0.329589,0.03235995,0.03405,0.022322,1.525412,gbm-50k,20260912,2017Q2,4
2016H1-E,20000,584,0.719771,0.439543,0.316161,0.02772896,0.0292,0.023228,1.257117,gbm-50k,20260912,2017Q3,5
2016H1-E,20000,623,0.717796,0.435592,0.330128,0.02972347,0.03115,0.021442,1.45278,gbm-50k,20260912,2017Q4,6
2016H1-E,20000,638,0.691892,0.383784,0.27487,0.03058229,0.0319,0.020135,1.584289,gbm-50k,20260912,2018Q1,7
2016H1-E,20000,650,0.68194,0.36388,0.272045,0.03107747,0.0325,0.023343,1.392259,gbm-50k,20260913,2016Q3,1
2016H1-E,20000,626,0.693892,0.387783,0.296639,0.02994445,0.0313,0.022702,1.378725,gbm-50k,20260913,2016Q4,2
2016H1-E,20000,629,0.705552,0.411104,0.325729,0.03006287,0.03145,0.021925,1.434465,gbm-50k,20260913,2017Q1,3
2016H1-E,20000,681,0.714987,0.429975,0.323247,0.03244604,0.03405,0.021807,1.561413,gbm-50k,20260913,2017Q2,4
2016H1-E,20000,584,0.721801,0.443603,0.320792,0.02783827,0.0292,0.022483,1.298781,gbm-50k,20260913,2017Q3,5
2016H1-E,20000,623,0.717368,0.434737,0.335111,0.02973476,0.03115,0.021658,1.438242,gbm-50k,20260913,2017Q4,6
2016H1-E,20000,638,0.697449,0.394898,0.29754,0.03059525,0.0319,0.020425,1.561835,gbm-50k,20260913,2018Q1,7
