build_id,arm,model,context_seed,kind,fitted,rows,defaults,realised_rate,mean_pd,observed_over_expected,binomial_lo,binomial_hi,bootstrap_lo,bootstrap_hi,bootstrap_holds_one,cox_converged,cox_slope,cox_slope_lo,cox_slope_hi,cox_intercept,cox_intercept_lo,cox_intercept_hi,slope_known_answer,h5_context
2017H1-E,E,scorecard,,training pool,True,1108732,29978,0.027038093966801714,0.027038099244197665,0.9999998048163111,0.9888629141414134,1.0112282030016793,0.9890783409289936,1.0097387477325936,True,True,0.9999996533191762,0.9839305772976689,1.0160687293406834,-1.35256776305102e-06,-0.05447681681309398,0.05447411167756788,True,
2017H1-E,E,gbm,,training pool,True,1108732,29978,0.027038093966801714,0.027039993572675374,0.9999297482867903,0.9887936378239551,1.011157359849396,0.9891370453995424,1.0091309821322803,True,True,1.2040349995833903,1.1887791116850128,1.2192908874817678,0.6555860423520711,0.6059702031469582,0.705201881557184,,
2017H1-E,E,gbm-50k,20260911,context draw,True,50000,1326,0.02652,0.02654635011127801,0.9990073923093925,0.9466153068093804,1.0534837107945825,0.9531218702074191,1.044037479499407,True,True,1.852537837132277,1.758575560973148,1.946500113291406,2.772822715026996,2.474644341291424,3.071001088762568,,
2017H1-E,E,gbm-50k,20260912,context draw,True,50000,1308,0.02616,0.02618846139584086,0.9989132085535434,0.9461623286591649,1.0537785413109322,0.9507960989065208,1.0499787336621595,True,True,1.9827967860803517,1.8827873774490884,2.082806194711615,3.1518601313077084,2.8411484077788236,3.462571854836593,,
2017H1-E,E,gbm-50k,20260913,context draw,True,50000,1348,0.02696,0.02697783739934179,0.999338812853019,0.9473643438556932,1.0533621222179477,0.9505224890546392,1.0512525729313362,True,True,1.860583648112252,1.7739737759600085,1.9471935202644954,2.6697811389299724,2.4094124456910944,2.9301498321688504,,
2017H1-E,E,tabpfn,20260911,context draw,False,50000,1326,0.02652,0.01873465113405371,1.4155587851750797,1.341321019294547,1.4927498368222967,1.3472635311584424,1.4811276146987238,False,True,1.2869084812037734,1.2148032309570533,1.3590137314504935,1.3794641657807833,1.1233066551323934,1.6356216764291733,,
2017H1-E,E,tabpfn,20260912,context draw,False,50000,1308,0.02616,0.018316084343614057,1.4282528683113833,1.352829303110767,1.5066996925305456,1.3611613871986386,1.4991441689751337,False,True,1.7323907999932715,1.6426169887812547,1.8221646112052883,2.9348521248571733,2.6276277068734673,3.2420765428408793,,
2017H1-E,E,tabpfn,20260913,context draw,False,50000,1348,0.02696,0.019194526722928276,1.4045670617028394,1.331517134826962,1.4804966262531576,1.3366205094929953,1.47637393536419,False,True,1.671716542369333,1.5918356666238218,1.7515974181148442,2.6341217587169443,2.3689336601607005,2.899309857273188,,
2017H1-E,E,tabpfn@t1,20260911,context draw,False,50000,1326,0.02652,0.026574565590461716,0.9979466986854039,0.9456102403523828,1.0523651770743938,0.9501784259341777,1.0439226831395536,True,True,1.4253683885745745,1.345294584608142,1.5054421925410069,1.3659850121012254,1.1097683521837167,1.622201672018734,,
2017H1-E,E,tabpfn@t1,20260912,context draw,False,50000,1308,0.02616,0.026095657302122564,1.0024656477180287,0.9495271696518639,1.0575260982846433,0.9551708970920963,1.0521634914911162,True,True,1.9164249526818118,1.8167129071767911,2.0161369981868322,2.9111754666118683,2.6037281273375905,3.218622805886146,,
2017H1-E,E,tabpfn@t1,20260913,context draw,False,50000,1348,0.02696,0.027035698532043025,0.9972000526654303,0.9453368181399702,1.05110774268106,0.948492266183008,1.0493461238109554,True,True,1.852011765795779,1.7633116713299342,1.940711860261624,2.619955053839273,2.3546962758397996,2.8852138318387466,,
2017H1-E,E,tabicl,20260911,context draw,False,50000,1326,0.02652,0.01928043211795157,1.375487843724614,1.3033515639859263,1.4504938090699064,1.3115942178426008,1.4381910028611444,False,True,1.6371569031235778,1.5573402363413682,1.7169735699057873,2.4904386002535737,2.2258700912495764,2.755007109257571,,
2017H1-E,E,tabicl,20260912,context draw,False,50000,1308,0.02616,0.018567628118796274,1.4089037023268394,1.3345019331362937,1.4862877731243533,1.3422724550490468,1.4773433229996435,False,True,1.9041337913217624,1.8098001300955584,1.9984674525479664,3.443138923570127,3.1316767659151465,3.754601081225107,,
2017H1-E,E,tabicl,20260913,context draw,False,50000,1348,0.02696,0.019614737919311738,1.374476687422699,1.3029917265073412,1.448779594849592,1.3092995817429487,1.4445087629884177,False,True,1.812956869480051,1.7282291083742949,1.8976846305858073,3.027861453216943,2.755606416900451,3.3001164895334356,,
2017H1-E,E,tabicl@t1,20260911,context draw,False,50000,1326,0.02652,0.027167248766952208,0.9761754025037839,0.9249807211183355,1.0294066824058,0.9304285453367204,1.0203073764524053,True,True,1.819063225692862,1.730378040379295,1.9077484110064291,2.490438600253567,2.2258700912495666,2.7550071092575674,,
2017H1-E,E,tabicl@t1,20260912,context draw,False,50000,1308,0.02616,0.0263612485227797,0.9923657438832689,0.9399606242806525,1.046871456981236,0.9454168128450877,1.0407106773442278,True,True,2.115704212579734,2.010889033439504,2.2205193917199635,3.443138923570121,3.131676765915132,3.7546010812251103,,
2017H1-E,E,tabicl@t1,20260913,context draw,False,50000,1348,0.02696,0.02754698490947811,0.9786915006703276,0.9277908747711736,1.0315986359016658,0.931746325505146,1.0288495606320172,True,True,2.0143965216444983,1.9202545648603262,2.1085384784286703,3.027861453216934,2.7556064169004455,3.3001164895334223,,
