model,arm,build_id,as_of,context_seed,context_is_whole_pool,cohort,age_quarters,rows,defaults,auc,gini,ks,brier,observed_rate,expected_rate,observed_over_expected
gbm,E,2013H1-E,2013-06-30,,False,2013Q3,1,20000,469,0.683209,0.366418,0.271446,0.02269157,0.02345,0.026727,0.877386
gbm,E,2013H1-E,2013-06-30,,False,2013Q4,2,20000,398,0.66648,0.33296,0.243907,0.01943887,0.0199,0.025325,0.785785
gbm,E,2013H1-E,2013-06-30,,False,2014Q1,3,20000,446,0.654293,0.308586,0.230794,0.02170225,0.0223,0.026612,0.837981
gbm,E,2013H1-E,2013-06-30,,False,2014Q2,4,20000,472,0.679418,0.358835,0.266543,0.02287982,0.0236,0.027677,0.852684
gbm,E,2013H1-E,2013-06-30,,False,2014Q3,5,20000,453,0.669669,0.339338,0.258589,0.02205347,0.02265,0.027619,0.820098
gbm,E,2013H1-E,2013-06-30,,False,2014Q4,6,20000,472,0.688911,0.377822,0.293114,0.02279376,0.0236,0.02628,0.898036
gbm,E,2013H1-E,2013-06-30,,False,2015Q1,7,20000,579,0.689662,0.379323,0.285035,0.02777682,0.02895,0.026031,1.112124
gbm,E,2013H1-E,2013-06-30,,False,2015Q2,8,20000,571,0.689872,0.379743,0.289905,0.02742336,0.02855,0.025932,1.100945
gbm,E,2013H1-E,2013-06-30,,False,2015Q3,9,20000,541,0.705351,0.410703,0.310043,0.0259651,0.02705,0.025517,1.060077
gbm,E,2013H1-E,2013-06-30,,False,2015Q4,10,20000,551,0.703356,0.406712,0.310966,0.02642093,0.02755,0.024826,1.109714
gbm,E,2013H1-E,2013-06-30,,False,2016Q1,11,20000,655,0.712649,0.425297,0.326719,0.03120182,0.03275,0.024349,1.345045
gbm,E,2013H1-E,2013-06-30,,False,2016Q2,12,20000,686,0.702376,0.404752,0.302098,0.03269981,0.0343,0.024349,1.408665
gbm,E,2013H1-E,2013-06-30,,False,2016Q3,13,20000,650,0.650714,0.301427,0.206826,0.03118469,0.0325,0.025438,1.277606
gbm,E,2013H1-E,2013-06-30,,False,2016Q4,14,20000,626,0.652224,0.304448,0.226419,0.03010053,0.0313,0.024915,1.256251
gbm,E,2013H1-E,2013-06-30,,False,2017Q1,15,20000,629,0.674324,0.348648,0.27044,0.03013497,0.03145,0.024036,1.308448
gbm,E,2013H1-E,2013-06-30,,False,2017Q2,16,20000,681,0.689025,0.378051,0.270819,0.03249305,0.03405,0.024095,1.413146
gbm,E,2013H1-E,2013-06-30,,False,2017Q3,17,20000,584,0.687654,0.375308,0.263687,0.02799555,0.0292,0.025001,1.167967
gbm,E,2013H1-E,2013-06-30,,False,2017Q4,18,20000,623,0.698151,0.396303,0.292509,0.02974707,0.03115,0.0241,1.292535
gbm,E,2013H1-E,2013-06-30,,False,2018Q1,19,20000,638,0.679629,0.359259,0.26882,0.03061674,0.0319,0.023179,1.376255
gbm-50k,E,2013H1-E,2013-06-30,20260911,False,2013Q3,1,20000,469,0.684777,0.369553,0.270945,0.02268847,0.02345,0.027008,0.86827
gbm-50k,E,2013H1-E,2013-06-30,20260911,False,2013Q4,2,20000,398,0.663456,0.326912,0.241333,0.01945385,0.0199,0.025672,0.77515
gbm-50k,E,2013H1-E,2013-06-30,20260911,False,2014Q1,3,20000,446,0.654914,0.309828,0.234003,0.02171704,0.0223,0.027012,0.825571
gbm-50k,E,2013H1-E,2013-06-30,20260911,False,2014Q2,4,20000,472,0.680583,0.361166,0.270454,0.02288827,0.0236,0.028119,0.839299
gbm-50k,E,2013H1-E,2013-06-30,20260911,False,2014Q3,5,20000,453,0.668561,0.337122,0.263477,0.02207015,0.02265,0.028091,0.806316
gbm-50k,E,2013H1-E,2013-06-30,20260911,False,2014Q4,6,20000,472,0.68713,0.374261,0.285032,0.02280978,0.0236,0.026725,0.883061
gbm-50k,E,2013H1-E,2013-06-30,20260911,False,2015Q1,7,20000,579,0.687708,0.375417,0.284686,0.02779449,0.02895,0.026482,1.093177
gbm-50k,E,2013H1-E,2013-06-30,20260911,False,2015Q2,8,20000,571,0.683595,0.36719,0.285218,0.02745506,0.02855,0.026396,1.081586
gbm-50k,E,2013H1-E,2013-06-30,20260911,False,2015Q3,9,20000,541,0.698695,0.397391,0.30808,0.02599533,0.02705,0.025951,1.042336
gbm-50k,E,2013H1-E,2013-06-30,20260911,False,2015Q4,10,20000,551,0.701199,0.402399,0.29772,0.02643069,0.02755,0.025269,1.090254
gbm-50k,E,2013H1-E,2013-06-30,20260911,False,2016Q1,11,20000,655,0.710255,0.420509,0.315717,0.03121227,0.03275,0.024765,1.322421
gbm-50k,E,2013H1-E,2013-06-30,20260911,False,2016Q2,12,20000,686,0.703324,0.406648,0.301166,0.03268639,0.0343,0.024834,1.381194
gbm-50k,E,2013H1-E,2013-06-30,20260911,False,2016Q3,13,20000,650,0.648732,0.297465,0.213957,0.03120132,0.0325,0.025855,1.256994
gbm-50k,E,2013H1-E,2013-06-30,20260911,False,2016Q4,14,20000,626,0.65276,0.305519,0.242224,0.03009292,0.0313,0.025327,1.235844
gbm-50k,E,2013H1-E,2013-06-30,20260911,False,2017Q1,15,20000,629,0.669924,0.339848,0.251867,0.03014786,0.03145,0.024449,1.286335
gbm-50k,E,2013H1-E,2013-06-30,20260911,False,2017Q2,16,20000,681,0.687006,0.374012,0.277998,0.03247978,0.03405,0.024552,1.386843
gbm-50k,E,2013H1-E,2013-06-30,20260911,False,2017Q3,17,20000,584,0.682353,0.364707,0.255797,0.02801652,0.0292,0.02535,1.151875
gbm-50k,E,2013H1-E,2013-06-30,20260911,False,2017Q4,18,20000,623,0.693358,0.386715,0.289584,0.02976637,0.03115,0.024455,1.273763
gbm-50k,E,2013H1-E,2013-06-30,20260911,False,2018Q1,19,20000,638,0.678645,0.357291,0.265676,0.03060715,0.0319,0.023491,1.357944
gbm-50k,E,2013H1-E,2013-06-30,20260912,False,2013Q3,1,20000,469,0.678043,0.356086,0.262202,0.02271367,0.02345,0.02688,0.87239
gbm-50k,E,2013H1-E,2013-06-30,20260912,False,2013Q4,2,20000,398,0.665569,0.331139,0.255527,0.0194533,0.0199,0.02556,0.778564
gbm-50k,E,2013H1-E,2013-06-30,20260912,False,2014Q1,3,20000,446,0.653843,0.307686,0.246056,0.02172058,0.0223,0.026952,0.827395
gbm-50k,E,2013H1-E,2013-06-30,20260912,False,2014Q2,4,20000,472,0.677412,0.354823,0.268653,0.02289571,0.0236,0.027978,0.843531
gbm-50k,E,2013H1-E,2013-06-30,20260912,False,2014Q3,5,20000,453,0.668946,0.337892,0.264782,0.02206091,0.02265,0.027913,0.81145
gbm-50k,E,2013H1-E,2013-06-30,20260912,False,2014Q4,6,20000,472,0.688791,0.377583,0.289542,0.02280152,0.0236,0.026625,0.886397
gbm-50k,E,2013H1-E,2013-06-30,20260912,False,2015Q1,7,20000,579,0.689619,0.379239,0.286403,0.0277855,0.02895,0.026364,1.098104
gbm-50k,E,2013H1-E,2013-06-30,20260912,False,2015Q2,8,20000,571,0.686512,0.373023,0.287708,0.02744278,0.02855,0.026257,1.087313
gbm-50k,E,2013H1-E,2013-06-30,20260912,False,2015Q3,9,20000,541,0.705084,0.410169,0.313696,0.0259663,0.02705,0.025822,1.047556
gbm-50k,E,2013H1-E,2013-06-30,20260912,False,2015Q4,10,20000,551,0.705013,0.410025,0.304183,0.02641633,0.02755,0.025196,1.09344
gbm-50k,E,2013H1-E,2013-06-30,20260912,False,2016Q1,11,20000,655,0.712102,0.424205,0.322178,0.03120483,0.03275,0.024705,1.325659
gbm-50k,E,2013H1-E,2013-06-30,20260912,False,2016Q2,12,20000,686,0.700952,0.401903,0.306466,0.032697,0.0343,0.024755,1.385594
gbm-50k,E,2013H1-E,2013-06-30,20260912,False,2016Q3,13,20000,650,0.65051,0.301019,0.21845,0.03120579,0.0325,0.025754,1.261957
gbm-50k,E,2013H1-E,2013-06-30,20260912,False,2016Q4,14,20000,626,0.656899,0.313798,0.253245,0.03007605,0.0313,0.025288,1.237747
gbm-50k,E,2013H1-E,2013-06-30,20260912,False,2017Q1,15,20000,629,0.671597,0.343194,0.269479,0.03015247,0.03145,0.024435,1.287086
gbm-50k,E,2013H1-E,2013-06-30,20260912,False,2017Q2,16,20000,681,0.688284,0.376569,0.278968,0.03248956,0.03405,0.024462,1.39197
gbm-50k,E,2013H1-E,2013-06-30,20260912,False,2017Q3,17,20000,584,0.686537,0.373073,0.262158,0.02799327,0.0292,0.025319,1.153275
gbm-50k,E,2013H1-E,2013-06-30,20260912,False,2017Q4,18,20000,623,0.693786,0.387571,0.281823,0.02975432,0.03115,0.024416,1.275796
gbm-50k,E,2013H1-E,2013-06-30,20260912,False,2018Q1,19,20000,638,0.678598,0.357195,0.262564,0.03060514,0.0319,0.023405,1.362976
gbm-50k,E,2013H1-E,2013-06-30,20260913,False,2013Q3,1,20000,469,0.678544,0.357088,0.26364,0.02273256,0.02345,0.026679,0.878959
gbm-50k,E,2013H1-E,2013-06-30,20260913,False,2013Q4,2,20000,398,0.661788,0.323575,0.238093,0.01948785,0.0199,0.025436,0.782343
gbm-50k,E,2013H1-E,2013-06-30,20260913,False,2014Q1,3,20000,446,0.648923,0.297846,0.214943,0.0217655,0.0223,0.02695,0.827445
gbm-50k,E,2013H1-E,2013-06-30,20260913,False,2014Q2,4,20000,472,0.67213,0.34426,0.246454,0.02294411,0.0236,0.028043,0.841574
gbm-50k,E,2013H1-E,2013-06-30,20260913,False,2014Q3,5,20000,453,0.667946,0.335891,0.260886,0.02211469,0.02265,0.027971,0.809775
gbm-50k,E,2013H1-E,2013-06-30,20260913,False,2014Q4,6,20000,472,0.683556,0.367111,0.276917,0.02285144,0.0236,0.026678,0.884634
gbm-50k,E,2013H1-E,2013-06-30,20260913,False,2015Q1,7,20000,579,0.685766,0.371533,0.276832,0.02781093,0.02895,0.026412,1.096113
gbm-50k,E,2013H1-E,2013-06-30,20260913,False,2015Q2,8,20000,571,0.684958,0.369916,0.287938,0.02747728,0.02855,0.026158,1.091441
gbm-50k,E,2013H1-E,2013-06-30,20260913,False,2015Q3,9,20000,541,0.69969,0.39938,0.313976,0.02600812,0.02705,0.025744,1.050732
gbm-50k,E,2013H1-E,2013-06-30,20260913,False,2015Q4,10,20000,551,0.699523,0.399047,0.30103,0.02644425,0.02755,0.025022,1.101025
gbm-50k,E,2013H1-E,2013-06-30,20260913,False,2016Q1,11,20000,655,0.710758,0.421516,0.325805,0.03118166,0.03275,0.024492,1.337193
gbm-50k,E,2013H1-E,2013-06-30,20260913,False,2016Q2,12,20000,686,0.697326,0.394652,0.299581,0.03272264,0.0343,0.024527,1.398485
gbm-50k,E,2013H1-E,2013-06-30,20260913,False,2016Q3,13,20000,650,0.643961,0.287922,0.203506,0.03122171,0.0325,0.025394,1.279843
gbm-50k,E,2013H1-E,2013-06-30,20260913,False,2016Q4,14,20000,626,0.647443,0.294887,0.229945,0.03014458,0.0313,0.024928,1.255595
gbm-50k,E,2013H1-E,2013-06-30,20260913,False,2017Q1,15,20000,629,0.668643,0.337285,0.266393,0.03018188,0.03145,0.024069,1.306685
gbm-50k,E,2013H1-E,2013-06-30,20260913,False,2017Q2,16,20000,681,0.68285,0.365701,0.271316,0.03251205,0.03405,0.024132,1.41101
gbm-50k,E,2013H1-E,2013-06-30,20260913,False,2017Q3,17,20000,584,0.680613,0.361226,0.256358,0.02803917,0.0292,0.025024,1.166887
gbm-50k,E,2013H1-E,2013-06-30,20260913,False,2017Q4,18,20000,623,0.693014,0.386028,0.277751,0.02974829,0.03115,0.024222,1.286014
gbm-50k,E,2013H1-E,2013-06-30,20260913,False,2018Q1,19,20000,638,0.676171,0.352342,0.265407,0.03062008,0.0319,0.023237,1.372823
gbm,E,2013H2-E,2013-12-31,,False,2014Q1,1,20000,446,0.676141,0.352282,0.252908,0.02161602,0.0223,0.026327,0.847045
gbm,E,2013H2-E,2013-12-31,,False,2014Q2,2,20000,472,0.695696,0.391392,0.293387,0.02283014,0.0236,0.02739,0.861643
gbm,E,2013H2-E,2013-12-31,,False,2014Q3,3,20000,453,0.678958,0.357916,0.28678,0.02200019,0.02265,0.027068,0.83677
gbm,E,2013H2-E,2013-12-31,,False,2014Q4,4,20000,472,0.700695,0.40139,0.310679,0.02274512,0.0236,0.02593,0.910158
gbm,E,2013H2-E,2013-12-31,,False,2015Q1,5,20000,579,0.693168,0.386336,0.297958,0.02779713,0.02895,0.025702,1.126361
gbm,E,2013H2-E,2013-12-31,,False,2015Q2,6,20000,571,0.690745,0.381489,0.298915,0.02741811,0.02855,0.025657,1.112762
gbm,E,2013H2-E,2013-12-31,,False,2015Q3,7,20000,541,0.712209,0.424418,0.348776,0.02596074,0.02705,0.025322,1.068252
gbm,E,2013H2-E,2013-12-31,,False,2015Q4,8,20000,551,0.713909,0.427819,0.330949,0.02638396,0.02755,0.024876,1.107514
gbm,E,2013H2-E,2013-12-31,,False,2016Q1,9,20000,655,0.715898,0.431795,0.334273,0.03127067,0.03275,0.024496,1.336936
gbm,E,2013H2-E,2013-12-31,,False,2016Q2,10,20000,686,0.707511,0.415022,0.31227,0.03271732,0.0343,0.024785,1.383889
gbm,E,2013H2-E,2013-12-31,,False,2016Q3,11,20000,650,0.667208,0.334416,0.24871,0.03115126,0.0325,0.025982,1.250857
gbm,E,2013H2-E,2013-12-31,,False,2016Q4,12,20000,626,0.668109,0.336218,0.272927,0.03005513,0.0313,0.025414,1.231614
gbm,E,2013H2-E,2013-12-31,,False,2017Q1,13,20000,629,0.677418,0.354836,0.275107,0.03017892,0.03145,0.024524,1.282429
gbm,E,2013H2-E,2013-12-31,,False,2017Q2,14,20000,681,0.696937,0.393875,0.297213,0.03247663,0.03405,0.024633,1.382301
gbm,E,2013H2-E,2013-12-31,,False,2017Q3,15,20000,584,0.695931,0.391862,0.293297,0.02794169,0.0292,0.025442,1.14771
gbm,E,2013H2-E,2013-12-31,,False,2017Q4,16,20000,623,0.705919,0.411837,0.290628,0.02975335,0.03115,0.024694,1.261435
gbm,E,2013H2-E,2013-12-31,,False,2018Q1,17,20000,638,0.692394,0.384788,0.27806,0.03053112,0.0319,0.023782,1.341348
gbm-50k,E,2013H2-E,2013-12-31,20260911,False,2014Q1,1,20000,446,0.668004,0.336008,0.263842,0.0216707,0.0223,0.026893,0.829224
gbm-50k,E,2013H2-E,2013-12-31,20260911,False,2014Q2,2,20000,472,0.686293,0.372586,0.291974,0.0228709,0.0236,0.027971,0.84373
gbm-50k,E,2013H2-E,2013-12-31,20260911,False,2014Q3,3,20000,453,0.67551,0.35102,0.274397,0.02203222,0.02265,0.027744,0.816381
gbm-50k,E,2013H2-E,2013-12-31,20260911,False,2014Q4,4,20000,472,0.69311,0.386221,0.292024,0.02277833,0.0236,0.026571,0.888181
gbm-50k,E,2013H2-E,2013-12-31,20260911,False,2015Q1,5,20000,579,0.688416,0.376832,0.298632,0.02779751,0.02895,0.026333,1.099381
gbm-50k,E,2013H2-E,2013-12-31,20260911,False,2015Q2,6,20000,571,0.690024,0.380048,0.294431,0.02740941,0.02855,0.026408,1.081132
gbm-50k,E,2013H2-E,2013-12-31,20260911,False,2015Q3,7,20000,541,0.70908,0.41816,0.329,0.02596274,0.02705,0.026081,1.037155
gbm-50k,E,2013H2-E,2013-12-31,20260911,False,2015Q4,8,20000,551,0.710509,0.421018,0.329715,0.02640429,0.02755,0.025624,1.075174
gbm-50k,E,2013H2-E,2013-12-31,20260911,False,2016Q1,9,20000,655,0.71706,0.43412,0.34,0.03124914,0.03275,0.025169,1.301193
gbm-50k,E,2013H2-E,2013-12-31,20260911,False,2016Q2,10,20000,686,0.698679,0.397358,0.307503,0.03274072,0.0343,0.025363,1.352361
gbm-50k,E,2013H2-E,2013-12-31,20260911,False,2016Q3,11,20000,650,0.664748,0.329497,0.240302,0.03115505,0.0325,0.026495,1.226658
gbm-50k,E,2013H2-E,2013-12-31,20260911,False,2016Q4,12,20000,626,0.667768,0.335536,0.275394,0.03003678,0.0313,0.026008,1.203492
gbm-50k,E,2013H2-E,2013-12-31,20260911,False,2017Q1,13,20000,629,0.675968,0.351936,0.285483,0.03014452,0.03145,0.025143,1.250824
gbm-50k,E,2013H2-E,2013-12-31,20260911,False,2017Q2,14,20000,681,0.696505,0.39301,0.294543,0.03247491,0.03405,0.025091,1.357083
gbm-50k,E,2013H2-E,2013-12-31,20260911,False,2017Q3,15,20000,584,0.693737,0.387473,0.292025,0.02796334,0.0292,0.025697,1.136305
gbm-50k,E,2013H2-E,2013-12-31,20260911,False,2017Q4,16,20000,623,0.705127,0.410255,0.291892,0.02977556,0.03115,0.024783,1.256934
gbm-50k,E,2013H2-E,2013-12-31,20260911,False,2018Q1,17,20000,638,0.687184,0.374367,0.275943,0.0305639,0.0319,0.023845,1.337812
gbm-50k,E,2013H2-E,2013-12-31,20260912,False,2014Q1,1,20000,446,0.681181,0.362361,0.264441,0.02160848,0.0223,0.026203,0.851043
gbm-50k,E,2013H2-E,2013-12-31,20260912,False,2014Q2,2,20000,472,0.694473,0.388947,0.290797,0.02281913,0.0236,0.026874,0.878164
gbm-50k,E,2013H2-E,2013-12-31,20260912,False,2014Q3,3,20000,453,0.680733,0.361467,0.288514,0.02197291,0.02265,0.026787,0.845544
gbm-50k,E,2013H2-E,2013-12-31,20260912,False,2014Q4,4,20000,472,0.704831,0.409661,0.314258,0.02278951,0.0236,0.025965,0.908909
gbm-50k,E,2013H2-E,2013-12-31,20260912,False,2015Q1,5,20000,579,0.703624,0.407248,0.330802,0.02780126,0.02895,0.025872,1.118989
gbm-50k,E,2013H2-E,2013-12-31,20260912,False,2015Q2,6,20000,571,0.700497,0.400994,0.307841,0.02743048,0.02855,0.025853,1.104317
gbm-50k,E,2013H2-E,2013-12-31,20260912,False,2015Q3,7,20000,541,0.721235,0.44247,0.347553,0.02598421,0.02705,0.025595,1.056835
gbm-50k,E,2013H2-E,2013-12-31,20260912,False,2015Q4,8,20000,551,0.71656,0.433121,0.339927,0.02644643,0.02755,0.025342,1.087142
gbm-50k,E,2013H2-E,2013-12-31,20260912,False,2016Q1,9,20000,655,0.728315,0.456629,0.348747,0.0312901,0.03275,0.025151,1.302159
gbm-50k,E,2013H2-E,2013-12-31,20260912,False,2016Q2,10,20000,686,0.711905,0.423811,0.33079,0.03277898,0.0343,0.025199,1.361141
gbm-50k,E,2013H2-E,2013-12-31,20260912,False,2016Q3,11,20000,650,0.672691,0.345382,0.25573,0.03117413,0.0325,0.02623,1.239044
gbm-50k,E,2013H2-E,2013-12-31,20260912,False,2016Q4,12,20000,626,0.682347,0.364694,0.289813,0.03004835,0.0313,0.025906,1.208191
gbm-50k,E,2013H2-E,2013-12-31,20260912,False,2017Q1,13,20000,629,0.697909,0.395819,0.312599,0.03015193,0.03145,0.025231,1.246501
gbm-50k,E,2013H2-E,2013-12-31,20260912,False,2017Q2,14,20000,681,0.704139,0.408278,0.308784,0.03253925,0.03405,0.02527,1.347433
gbm-50k,E,2013H2-E,2013-12-31,20260912,False,2017Q3,15,20000,584,0.702397,0.404794,0.314834,0.02802279,0.0292,0.025576,1.14169
gbm-50k,E,2013H2-E,2013-12-31,20260912,False,2017Q4,16,20000,623,0.706541,0.413082,0.301727,0.02981878,0.03115,0.024975,1.247233
gbm-50k,E,2013H2-E,2013-12-31,20260912,False,2018Q1,17,20000,638,0.682605,0.36521,0.270431,0.03062411,0.0319,0.024159,1.320439
gbm-50k,E,2013H2-E,2013-12-31,20260913,False,2014Q1,1,20000,446,0.664545,0.329091,0.255459,0.02166354,0.0223,0.025884,0.861533
gbm-50k,E,2013H2-E,2013-12-31,20260913,False,2014Q2,2,20000,472,0.681697,0.363393,0.272999,0.02287096,0.0236,0.027003,0.873987
gbm-50k,E,2013H2-E,2013-12-31,20260913,False,2014Q3,3,20000,453,0.683038,0.366077,0.271908,0.0219986,0.02265,0.026621,0.850823
gbm-50k,E,2013H2-E,2013-12-31,20260913,False,2014Q4,4,20000,472,0.689555,0.37911,0.29163,0.02280094,0.0236,0.025382,0.929781
gbm-50k,E,2013H2-E,2013-12-31,20260913,False,2015Q1,5,20000,579,0.688904,0.377809,0.295365,0.02778949,0.02895,0.025277,1.145313
gbm-50k,E,2013H2-E,2013-12-31,20260913,False,2015Q2,6,20000,571,0.686499,0.372997,0.284212,0.02741646,0.02855,0.025213,1.132334
gbm-50k,E,2013H2-E,2013-12-31,20260913,False,2015Q3,7,20000,541,0.712323,0.424645,0.346247,0.02593823,0.02705,0.02487,1.087653
gbm-50k,E,2013H2-E,2013-12-31,20260913,False,2015Q4,8,20000,551,0.710649,0.421297,0.307809,0.02636433,0.02755,0.024355,1.131163
gbm-50k,E,2013H2-E,2013-12-31,20260913,False,2016Q1,9,20000,655,0.712291,0.424581,0.322012,0.03126948,0.03275,0.023956,1.36711
gbm-50k,E,2013H2-E,2013-12-31,20260913,False,2016Q2,10,20000,686,0.700085,0.400169,0.294019,0.03271888,0.0343,0.024069,1.425063
gbm-50k,E,2013H2-E,2013-12-31,20260913,False,2016Q3,11,20000,650,0.666684,0.333368,0.250272,0.031138,0.0325,0.02501,1.299479
gbm-50k,E,2013H2-E,2013-12-31,20260913,False,2016Q4,12,20000,626,0.669199,0.338398,0.263107,0.03004845,0.0313,0.024429,1.281248
gbm-50k,E,2013H2-E,2013-12-31,20260913,False,2017Q1,13,20000,629,0.673676,0.347352,0.26965,0.03017506,0.03145,0.023631,1.330905
gbm-50k,E,2013H2-E,2013-12-31,20260913,False,2017Q2,14,20000,681,0.686208,0.372415,0.282711,0.03251415,0.03405,0.023662,1.439
gbm-50k,E,2013H2-E,2013-12-31,20260913,False,2017Q3,15,20000,584,0.686654,0.373307,0.268323,0.02797983,0.0292,0.024525,1.190626
gbm-50k,E,2013H2-E,2013-12-31,20260913,False,2017Q4,16,20000,623,0.705577,0.411154,0.2965,0.0297411,0.03115,0.023964,1.29987
gbm-50k,E,2013H2-E,2013-12-31,20260913,False,2018Q1,17,20000,638,0.690393,0.380786,0.27839,0.03051449,0.0319,0.023299,1.369132
gbm,E,2014H1-E,2014-06-30,,False,2014Q3,1,20000,453,0.683431,0.366862,0.294408,0.02200735,0.02265,0.025819,0.877269
gbm,E,2014H1-E,2014-06-30,,False,2014Q4,2,20000,472,0.700092,0.400183,0.311513,0.0227174,0.0236,0.024241,0.97356
gbm,E,2014H1-E,2014-06-30,,False,2015Q1,3,20000,579,0.699644,0.399287,0.31676,0.02772286,0.02895,0.023998,1.206347
gbm,E,2014H1-E,2014-06-30,,False,2015Q2,4,20000,571,0.696185,0.392369,0.298079,0.02736902,0.02855,0.024033,1.187925
gbm,E,2014H1-E,2014-06-30,,False,2015Q3,5,20000,541,0.717672,0.435344,0.333314,0.02590615,0.02705,0.023713,1.140722
gbm,E,2014H1-E,2014-06-30,,False,2015Q4,6,20000,551,0.713022,0.426045,0.323697,0.02635338,0.02755,0.022976,1.199059
gbm,E,2014H1-E,2014-06-30,,False,2016Q1,7,20000,655,0.72527,0.45054,0.342803,0.03119654,0.03275,0.022793,1.436848
gbm,E,2014H1-E,2014-06-30,,False,2016Q2,8,20000,686,0.70889,0.41778,0.305893,0.0326887,0.0343,0.023004,1.491068
gbm,E,2014H1-E,2014-06-30,,False,2016Q3,9,20000,650,0.666934,0.333868,0.246305,0.03110795,0.0325,0.024067,1.350414
gbm,E,2014H1-E,2014-06-30,,False,2016Q4,10,20000,626,0.667029,0.334059,0.253722,0.03003254,0.0313,0.023522,1.330691
gbm,E,2014H1-E,2014-06-30,,False,2017Q1,11,20000,629,0.684694,0.369387,0.282804,0.03016567,0.03145,0.022607,1.391138
gbm,E,2014H1-E,2014-06-30,,False,2017Q2,12,20000,681,0.694748,0.389496,0.306141,0.03249793,0.03405,0.022676,1.50156
gbm,E,2014H1-E,2014-06-30,,False,2017Q3,13,20000,584,0.698771,0.397543,0.296664,0.02792481,0.0292,0.023624,1.23602
gbm,E,2014H1-E,2014-06-30,,False,2017Q4,14,20000,623,0.699317,0.398634,0.283099,0.02973987,0.03115,0.02287,1.362038
gbm,E,2014H1-E,2014-06-30,,False,2018Q1,15,20000,638,0.692145,0.384289,0.280964,0.03054359,0.0319,0.021922,1.455155
gbm-50k,E,2014H1-E,2014-06-30,20260911,False,2014Q3,1,20000,453,0.68977,0.379539,0.303754,0.0219408,0.02265,0.025779,0.878608
gbm-50k,E,2014H1-E,2014-06-30,20260911,False,2014Q4,2,20000,472,0.685957,0.371914,0.289827,0.02276446,0.0236,0.024231,0.973943
gbm-50k,E,2014H1-E,2014-06-30,20260911,False,2015Q1,3,20000,579,0.686508,0.373017,0.28644,0.02777961,0.02895,0.02414,1.199244
gbm-50k,E,2014H1-E,2014-06-30,20260911,False,2015Q2,4,20000,571,0.67609,0.35218,0.269298,0.02742266,0.02855,0.024217,1.178922
gbm-50k,E,2014H1-E,2014-06-30,20260911,False,2015Q3,5,20000,541,0.696672,0.393345,0.310266,0.02593623,0.02705,0.023719,1.140415
gbm-50k,E,2014H1-E,2014-06-30,20260911,False,2015Q4,6,20000,551,0.701832,0.403664,0.298721,0.02638079,0.02755,0.022991,1.198296
gbm-50k,E,2014H1-E,2014-06-30,20260911,False,2016Q1,7,20000,655,0.709858,0.419716,0.319098,0.03127618,0.03275,0.022737,1.440396
gbm-50k,E,2014H1-E,2014-06-30,20260911,False,2016Q2,8,20000,686,0.692133,0.384265,0.28202,0.0327465,0.0343,0.022994,1.491673
gbm-50k,E,2014H1-E,2014-06-30,20260911,False,2016Q3,9,20000,650,0.654112,0.308224,0.220469,0.03117441,0.0325,0.023997,1.354338
gbm-50k,E,2014H1-E,2014-06-30,20260911,False,2016Q4,10,20000,626,0.667392,0.334784,0.242249,0.03006597,0.0313,0.023356,1.340142
gbm-50k,E,2014H1-E,2014-06-30,20260911,False,2017Q1,11,20000,629,0.666002,0.332004,0.239711,0.03017607,0.03145,0.022493,1.39819
gbm-50k,E,2014H1-E,2014-06-30,20260911,False,2017Q2,12,20000,681,0.682248,0.364496,0.273952,0.03256743,0.03405,0.022588,1.507463
gbm-50k,E,2014H1-E,2014-06-30,20260911,False,2017Q3,13,20000,584,0.686545,0.37309,0.288483,0.02799317,0.0292,0.023416,1.247007
gbm-50k,E,2014H1-E,2014-06-30,20260911,False,2017Q4,14,20000,623,0.698354,0.396708,0.283454,0.02978956,0.03115,0.022879,1.361524
gbm-50k,E,2014H1-E,2014-06-30,20260911,False,2018Q1,15,20000,638,0.689687,0.379374,0.284703,0.03059533,0.0319,0.021997,1.450228
gbm-50k,E,2014H1-E,2014-06-30,20260912,False,2014Q3,1,20000,453,0.684015,0.36803,0.273924,0.021942,0.02265,0.026309,0.860932
gbm-50k,E,2014H1-E,2014-06-30,20260912,False,2014Q4,2,20000,472,0.689316,0.378632,0.30465,0.02278575,0.0236,0.025058,0.94182
gbm-50k,E,2014H1-E,2014-06-30,20260912,False,2015Q1,3,20000,579,0.687719,0.375439,0.284646,0.02779722,0.02895,0.024965,1.159605
gbm-50k,E,2014H1-E,2014-06-30,20260912,False,2015Q2,4,20000,571,0.688114,0.376228,0.301664,0.02742183,0.02855,0.024933,1.145059
gbm-50k,E,2014H1-E,2014-06-30,20260912,False,2015Q3,5,20000,541,0.706688,0.413377,0.339778,0.02596984,0.02705,0.024556,1.101556
gbm-50k,E,2014H1-E,2014-06-30,20260912,False,2015Q4,6,20000,551,0.706139,0.412278,0.309897,0.02639643,0.02755,0.024128,1.141846
gbm-50k,E,2014H1-E,2014-06-30,20260912,False,2016Q1,7,20000,655,0.718101,0.436201,0.339472,0.03123345,0.03275,0.023711,1.381207
gbm-50k,E,2014H1-E,2014-06-30,20260912,False,2016Q2,8,20000,686,0.69424,0.388479,0.291896,0.03277682,0.0343,0.023955,1.431827
gbm-50k,E,2014H1-E,2014-06-30,20260912,False,2016Q3,9,20000,650,0.66488,0.329759,0.247132,0.03116043,0.0325,0.025074,1.296158
gbm-50k,E,2014H1-E,2014-06-30,20260912,False,2016Q4,10,20000,626,0.666294,0.332588,0.264704,0.03006874,0.0313,0.024448,1.280246
gbm-50k,E,2014H1-E,2014-06-30,20260912,False,2017Q1,11,20000,629,0.665492,0.330985,0.25839,0.03021723,0.03145,0.023551,1.335374
gbm-50k,E,2014H1-E,2014-06-30,20260912,False,2017Q2,12,20000,681,0.686323,0.372647,0.291547,0.03253447,0.03405,0.023675,1.438205
gbm-50k,E,2014H1-E,2014-06-30,20260912,False,2017Q3,13,20000,584,0.69553,0.391059,0.301301,0.02796989,0.0292,0.024277,1.202802
gbm-50k,E,2014H1-E,2014-06-30,20260912,False,2017Q4,14,20000,623,0.691148,0.382296,0.274641,0.02980505,0.03115,0.023233,1.340766
gbm-50k,E,2014H1-E,2014-06-30,20260912,False,2018Q1,15,20000,638,0.680088,0.360176,0.265501,0.03061375,0.0319,0.022258,1.433164
gbm-50k,E,2014H1-E,2014-06-30,20260913,False,2014Q3,1,20000,453,0.68516,0.370319,0.284992,0.02196682,0.02265,0.026358,0.859337
gbm-50k,E,2014H1-E,2014-06-30,20260913,False,2014Q4,2,20000,472,0.68817,0.37634,0.27886,0.0227742,0.0236,0.025185,0.937082
gbm-50k,E,2014H1-E,2014-06-30,20260913,False,2015Q1,3,20000,579,0.700213,0.400427,0.321979,0.02777691,0.02895,0.024973,1.159234
gbm-50k,E,2014H1-E,2014-06-30,20260913,False,2015Q2,4,20000,571,0.691605,0.383209,0.288594,0.0273845,0.02855,0.025031,1.140598
gbm-50k,E,2014H1-E,2014-06-30,20260913,False,2015Q3,5,20000,541,0.702057,0.404113,0.32546,0.0259753,0.02705,0.024714,1.094518
gbm-50k,E,2014H1-E,2014-06-30,20260913,False,2015Q4,6,20000,551,0.703593,0.407186,0.30459,0.02643561,0.02755,0.024129,1.141796
gbm-50k,E,2014H1-E,2014-06-30,20260913,False,2016Q1,7,20000,655,0.71811,0.43622,0.3383,0.03123062,0.03275,0.023967,1.366456
gbm-50k,E,2014H1-E,2014-06-30,20260913,False,2016Q2,8,20000,686,0.703594,0.407187,0.308553,0.0327285,0.0343,0.024265,1.413582
gbm-50k,E,2014H1-E,2014-06-30,20260913,False,2016Q3,9,20000,650,0.664062,0.328123,0.251278,0.03115821,0.0325,0.025356,1.281748
gbm-50k,E,2014H1-E,2014-06-30,20260913,False,2016Q4,10,20000,626,0.675415,0.35083,0.268691,0.03001724,0.0313,0.024867,1.258671
gbm-50k,E,2014H1-E,2014-06-30,20260913,False,2017Q1,11,20000,629,0.672497,0.344995,0.261888,0.03019195,0.03145,0.023877,1.317194
gbm-50k,E,2014H1-E,2014-06-30,20260913,False,2017Q2,12,20000,681,0.682461,0.364923,0.274296,0.03257322,0.03405,0.023956,1.421355
gbm-50k,E,2014H1-E,2014-06-30,20260913,False,2017Q3,13,20000,584,0.694507,0.389014,0.291776,0.02794578,0.0292,0.024818,1.17658
gbm-50k,E,2014H1-E,2014-06-30,20260913,False,2017Q4,14,20000,623,0.700504,0.401008,0.292387,0.0297773,0.03115,0.024347,1.279419
gbm-50k,E,2014H1-E,2014-06-30,20260913,False,2018Q1,15,20000,638,0.684316,0.368632,0.285118,0.03059745,0.0319,0.023473,1.35903
gbm,E,2014H2-E,2014-12-31,,False,2015Q1,1,20000,579,0.714486,0.428973,0.339951,0.02768699,0.02895,0.02276,1.271967
gbm,E,2014H2-E,2014-12-31,,False,2015Q2,2,20000,571,0.70565,0.411299,0.306949,0.02732509,0.02855,0.022715,1.256856
gbm,E,2014H2-E,2014-12-31,,False,2015Q3,3,20000,541,0.724833,0.449666,0.357829,0.0258882,0.02705,0.022408,1.207139
gbm,E,2014H2-E,2014-12-31,,False,2015Q4,4,20000,551,0.722384,0.444768,0.330108,0.02632124,0.02755,0.021641,1.273053
gbm,E,2014H2-E,2014-12-31,,False,2016Q1,5,20000,655,0.732385,0.46477,0.357669,0.03117261,0.03275,0.021594,1.51659
gbm,E,2014H2-E,2014-12-31,,False,2016Q2,6,20000,686,0.721588,0.443177,0.3253,0.03265622,0.0343,0.021643,1.584805
gbm,E,2014H2-E,2014-12-31,,False,2016Q3,7,20000,650,0.681643,0.363286,0.25608,0.03105804,0.0325,0.022685,1.432666
gbm,E,2014H2-E,2014-12-31,,False,2016Q4,8,20000,626,0.684502,0.369003,0.282942,0.02998588,0.0313,0.022147,1.413311
gbm,E,2014H2-E,2014-12-31,,False,2017Q1,9,20000,629,0.691832,0.383664,0.282674,0.0301361,0.03145,0.021304,1.476231
gbm,E,2014H2-E,2014-12-31,,False,2017Q2,10,20000,681,0.705964,0.411928,0.311271,0.03247467,0.03405,0.021478,1.585347
gbm,E,2014H2-E,2014-12-31,,False,2017Q3,11,20000,584,0.706882,0.413764,0.305079,0.02792051,0.0292,0.022493,1.298197
gbm,E,2014H2-E,2014-12-31,,False,2017Q4,12,20000,623,0.716724,0.433448,0.312044,0.02967097,0.03115,0.022121,1.408145
gbm,E,2014H2-E,2014-12-31,,False,2018Q1,13,20000,638,0.701824,0.403648,0.290946,0.03047861,0.0319,0.021284,1.498746
gbm-50k,E,2014H2-E,2014-12-31,20260911,False,2015Q1,1,20000,579,0.703322,0.406644,0.329855,0.02778498,0.02895,0.023098,1.253361
gbm-50k,E,2014H2-E,2014-12-31,20260911,False,2015Q2,2,20000,571,0.702614,0.405227,0.303807,0.02738268,0.02855,0.023033,1.239526
gbm-50k,E,2014H2-E,2014-12-31,20260911,False,2015Q3,3,20000,541,0.718621,0.437241,0.355449,0.02593893,0.02705,0.022709,1.191173
gbm-50k,E,2014H2-E,2014-12-31,20260911,False,2015Q4,4,20000,551,0.723691,0.447381,0.331392,0.02636774,0.02755,0.022174,1.242438
gbm-50k,E,2014H2-E,2014-12-31,20260911,False,2016Q1,5,20000,655,0.724585,0.449169,0.342931,0.031268,0.03275,0.021874,1.497217
gbm-50k,E,2014H2-E,2014-12-31,20260911,False,2016Q2,6,20000,686,0.716087,0.432174,0.325993,0.03275033,0.0343,0.022052,1.55539
gbm-50k,E,2014H2-E,2014-12-31,20260911,False,2016Q3,7,20000,650,0.669517,0.339033,0.245923,0.03118642,0.0325,0.023062,1.409252
gbm-50k,E,2014H2-E,2014-12-31,20260911,False,2016Q4,8,20000,626,0.680663,0.361326,0.285486,0.03004828,0.0313,0.022629,1.383207
gbm-50k,E,2014H2-E,2014-12-31,20260911,False,2017Q1,9,20000,629,0.68694,0.373879,0.281457,0.03020355,0.03145,0.021631,1.453936
gbm-50k,E,2014H2-E,2014-12-31,20260911,False,2017Q2,10,20000,681,0.697815,0.395631,0.299409,0.03256324,0.03405,0.021818,1.56065
gbm-50k,E,2014H2-E,2014-12-31,20260911,False,2017Q3,11,20000,584,0.694275,0.388551,0.29654,0.02799418,0.0292,0.022623,1.290704
gbm-50k,E,2014H2-E,2014-12-31,20260911,False,2017Q4,12,20000,623,0.706731,0.413461,0.302921,0.02978976,0.03115,0.022314,1.395997
gbm-50k,E,2014H2-E,2014-12-31,20260911,False,2018Q1,13,20000,638,0.689655,0.37931,0.276546,0.03059382,0.0319,0.021405,1.490275
gbm-50k,E,2014H2-E,2014-12-31,20260912,False,2015Q1,1,20000,579,0.69755,0.395101,0.298661,0.02781171,0.02895,0.021528,1.34477
gbm-50k,E,2014H2-E,2014-12-31,20260912,False,2015Q2,2,20000,571,0.698431,0.396862,0.281626,0.02739347,0.02855,0.021489,1.328563
gbm-50k,E,2014H2-E,2014-12-31,20260912,False,2015Q3,3,20000,541,0.714287,0.428575,0.339535,0.02594055,0.02705,0.021304,1.269698
gbm-50k,E,2014H2-E,2014-12-31,20260912,False,2015Q4,4,20000,551,0.712125,0.42425,0.325761,0.0264046,0.02755,0.020634,1.335155
gbm-50k,E,2014H2-E,2014-12-31,20260912,False,2016Q1,5,20000,655,0.716571,0.433142,0.333819,0.03128108,0.03275,0.0207,1.582141
gbm-50k,E,2014H2-E,2014-12-31,20260912,False,2016Q2,6,20000,686,0.696307,0.392613,0.297533,0.03283112,0.0343,0.020861,1.644243
gbm-50k,E,2014H2-E,2014-12-31,20260912,False,2016Q3,7,20000,650,0.66227,0.32454,0.22929,0.03119278,0.0325,0.021947,1.480837
gbm-50k,E,2014H2-E,2014-12-31,20260912,False,2016Q4,8,20000,626,0.663094,0.326189,0.24069,0.03011579,0.0313,0.021323,1.467905
gbm-50k,E,2014H2-E,2014-12-31,20260912,False,2017Q1,9,20000,629,0.674167,0.348334,0.261671,0.03021748,0.03145,0.020659,1.522353
gbm-50k,E,2014H2-E,2014-12-31,20260912,False,2017Q2,10,20000,681,0.686355,0.37271,0.27666,0.03255819,0.03405,0.020865,1.631958
gbm-50k,E,2014H2-E,2014-12-31,20260912,False,2017Q3,11,20000,584,0.697306,0.394611,0.290184,0.02798644,0.0292,0.021664,1.347886
gbm-50k,E,2014H2-E,2014-12-31,20260912,False,2017Q4,12,20000,623,0.694995,0.38999,0.276917,0.02979427,0.03115,0.021165,1.471747
gbm-50k,E,2014H2-E,2014-12-31,20260912,False,2018Q1,13,20000,638,0.683394,0.366788,0.257104,0.03061025,0.0319,0.020389,1.564538
gbm-50k,E,2014H2-E,2014-12-31,20260913,False,2015Q1,1,20000,579,0.700398,0.400796,0.31274,0.02779186,0.02895,0.023498,1.231999
gbm-50k,E,2014H2-E,2014-12-31,20260913,False,2015Q2,2,20000,571,0.700358,0.400715,0.29981,0.02737304,0.02855,0.023524,1.213669
gbm-50k,E,2014H2-E,2014-12-31,20260913,False,2015Q3,3,20000,541,0.717857,0.435715,0.337991,0.02591832,0.02705,0.023172,1.167381
gbm-50k,E,2014H2-E,2014-12-31,20260913,False,2015Q4,4,20000,551,0.716825,0.433651,0.319753,0.02637974,0.02755,0.0225,1.22444
gbm-50k,E,2014H2-E,2014-12-31,20260913,False,2016Q1,5,20000,655,0.721571,0.443142,0.351003,0.0312603,0.03275,0.022434,1.459834
gbm-50k,E,2014H2-E,2014-12-31,20260913,False,2016Q2,6,20000,686,0.714269,0.428538,0.318479,0.03273704,0.0343,0.022645,1.514687
gbm-50k,E,2014H2-E,2014-12-31,20260913,False,2016Q3,7,20000,650,0.669303,0.338606,0.249497,0.03115526,0.0325,0.023469,1.384779
gbm-50k,E,2014H2-E,2014-12-31,20260913,False,2016Q4,8,20000,626,0.675668,0.351337,0.276974,0.03004912,0.0313,0.022953,1.363656
gbm-50k,E,2014H2-E,2014-12-31,20260913,False,2017Q1,9,20000,629,0.680575,0.36115,0.269967,0.03017383,0.03145,0.02214,1.420482
gbm-50k,E,2014H2-E,2014-12-31,20260913,False,2017Q2,10,20000,681,0.692373,0.384747,0.29453,0.0325734,0.03405,0.022335,1.524486
gbm-50k,E,2014H2-E,2014-12-31,20260913,False,2017Q3,11,20000,584,0.689171,0.378342,0.292158,0.02798346,0.0292,0.023131,1.26236
gbm-50k,E,2014H2-E,2014-12-31,20260913,False,2017Q4,12,20000,623,0.702541,0.405083,0.301848,0.02981606,0.03115,0.022435,1.38846
gbm-50k,E,2014H2-E,2014-12-31,20260913,False,2018Q1,13,20000,638,0.676433,0.352865,0.26873,0.03062708,0.0319,0.021621,1.475407
gbm,E,2015H1-E,2015-06-30,,False,2015Q3,1,20000,541,0.724371,0.448742,0.358354,0.02585652,0.02705,0.022355,1.210011
gbm,E,2015H1-E,2015-06-30,,False,2015Q4,2,20000,551,0.722997,0.445994,0.333065,0.02628579,0.02755,0.02144,1.285002
gbm,E,2015H1-E,2015-06-30,,False,2016Q1,3,20000,655,0.735953,0.471906,0.359805,0.0311303,0.03275,0.021601,1.516146
gbm,E,2015H1-E,2015-06-30,,False,2016Q2,4,20000,686,0.722691,0.445383,0.331307,0.03258484,0.0343,0.021677,1.582329
gbm,E,2015H1-E,2015-06-30,,False,2016Q3,5,20000,650,0.686801,0.373603,0.267525,0.03101256,0.0325,0.022689,1.432424
gbm,E,2015H1-E,2015-06-30,,False,2016Q4,6,20000,626,0.692011,0.384022,0.297348,0.02994916,0.0313,0.022065,1.418538
gbm,E,2015H1-E,2015-06-30,,False,2017Q1,7,20000,629,0.690307,0.380613,0.282855,0.03014779,0.03145,0.021206,1.483085
gbm,E,2015H1-E,2015-06-30,,False,2017Q2,8,20000,681,0.707578,0.415157,0.308064,0.03243753,0.03405,0.021318,1.59722
gbm,E,2015H1-E,2015-06-30,,False,2017Q3,9,20000,584,0.704808,0.409616,0.302759,0.02792148,0.0292,0.02261,1.291468
gbm,E,2015H1-E,2015-06-30,,False,2017Q4,10,20000,623,0.719903,0.439807,0.32787,0.02961675,0.03115,0.022231,1.401183
gbm,E,2015H1-E,2015-06-30,,False,2018Q1,11,20000,638,0.703284,0.406568,0.295863,0.03041349,0.0319,0.021424,1.489012
gbm-50k,E,2015H1-E,2015-06-30,20260911,False,2015Q3,1,20000,541,0.72313,0.44626,0.361015,0.02590809,0.02705,0.021694,1.24687
gbm-50k,E,2015H1-E,2015-06-30,20260911,False,2015Q4,2,20000,551,0.720027,0.440054,0.331848,0.02636007,0.02755,0.02102,1.310643
gbm-50k,E,2015H1-E,2015-06-30,20260911,False,2016Q1,3,20000,655,0.722897,0.445794,0.345542,0.03130382,0.03275,0.020924,1.565169
gbm-50k,E,2015H1-E,2015-06-30,20260911,False,2016Q2,4,20000,686,0.712586,0.425172,0.321498,0.03278557,0.0343,0.020917,1.639788
gbm-50k,E,2015H1-E,2015-06-30,20260911,False,2016Q3,5,20000,650,0.668005,0.336009,0.240374,0.03118979,0.0325,0.022028,1.475382
gbm-50k,E,2015H1-E,2015-06-30,20260911,False,2016Q4,6,20000,626,0.683507,0.367014,0.285228,0.0300356,0.0313,0.021531,1.453729
gbm-50k,E,2015H1-E,2015-06-30,20260911,False,2017Q1,7,20000,629,0.686779,0.373559,0.284038,0.03021257,0.03145,0.020643,1.523485
gbm-50k,E,2015H1-E,2015-06-30,20260911,False,2017Q2,8,20000,681,0.695637,0.391273,0.291881,0.03259572,0.03405,0.020523,1.65915
gbm-50k,E,2015H1-E,2015-06-30,20260911,False,2017Q3,9,20000,584,0.695167,0.390334,0.297583,0.02799901,0.0292,0.021179,1.378725
gbm-50k,E,2015H1-E,2015-06-30,20260911,False,2017Q4,10,20000,623,0.713608,0.427216,0.321883,0.02978999,0.03115,0.020938,1.487752
gbm-50k,E,2015H1-E,2015-06-30,20260911,False,2018Q1,11,20000,638,0.68971,0.37942,0.280189,0.03058156,0.0319,0.020184,1.580479
gbm-50k,E,2015H1-E,2015-06-30,20260912,False,2015Q3,1,20000,541,0.720842,0.441684,0.361804,0.02591004,0.02705,0.021916,1.234237
gbm-50k,E,2015H1-E,2015-06-30,20260912,False,2015Q4,2,20000,551,0.725474,0.450949,0.340509,0.02632484,0.02755,0.021058,1.30829
gbm-50k,E,2015H1-E,2015-06-30,20260912,False,2016Q1,3,20000,655,0.730265,0.46053,0.353562,0.0312661,0.03275,0.020957,1.562693
gbm-50k,E,2015H1-E,2015-06-30,20260912,False,2016Q2,4,20000,686,0.721702,0.443405,0.344526,0.03266917,0.0343,0.020897,1.641346
gbm-50k,E,2015H1-E,2015-06-30,20260912,False,2016Q3,5,20000,650,0.674884,0.349769,0.251858,0.03117459,0.0325,0.021906,1.483644
gbm-50k,E,2015H1-E,2015-06-30,20260912,False,2016Q4,6,20000,626,0.688161,0.376322,0.292594,0.03002195,0.0313,0.021394,1.463051
gbm-50k,E,2015H1-E,2015-06-30,20260912,False,2017Q1,7,20000,629,0.694551,0.389103,0.285264,0.03012769,0.03145,0.020697,1.519541
gbm-50k,E,2015H1-E,2015-06-30,20260912,False,2017Q2,8,20000,681,0.70257,0.40514,0.307282,0.03253524,0.03405,0.02076,1.640197
gbm-50k,E,2015H1-E,2015-06-30,20260912,False,2017Q3,9,20000,584,0.699421,0.398843,0.289442,0.02799588,0.0292,0.021475,1.359692
gbm-50k,E,2015H1-E,2015-06-30,20260912,False,2017Q4,10,20000,623,0.710201,0.420401,0.315853,0.02979207,0.03115,0.020751,1.501101
gbm-50k,E,2015H1-E,2015-06-30,20260912,False,2018Q1,11,20000,638,0.684064,0.368129,0.27469,0.03064952,0.0319,0.019704,1.618923
gbm-50k,E,2015H1-E,2015-06-30,20260913,False,2015Q3,1,20000,541,0.723744,0.447489,0.363848,0.025868,0.02705,0.023241,1.163903
gbm-50k,E,2015H1-E,2015-06-30,20260913,False,2015Q4,2,20000,551,0.720637,0.441275,0.342731,0.02632109,0.02755,0.022192,1.241452
gbm-50k,E,2015H1-E,2015-06-30,20260913,False,2016Q1,3,20000,655,0.732117,0.464234,0.357624,0.03117805,0.03275,0.022152,1.47839
gbm-50k,E,2015H1-E,2015-06-30,20260913,False,2016Q2,4,20000,686,0.717405,0.43481,0.328751,0.0326759,0.0343,0.021883,1.567418
gbm-50k,E,2015H1-E,2015-06-30,20260913,False,2016Q3,5,20000,650,0.674539,0.349079,0.257488,0.03115693,0.0325,0.022961,1.415421
gbm-50k,E,2015H1-E,2015-06-30,20260913,False,2016Q4,6,20000,626,0.682379,0.364759,0.265238,0.03001913,0.0313,0.022194,1.410294
gbm-50k,E,2015H1-E,2015-06-30,20260913,False,2017Q1,7,20000,629,0.695416,0.390832,0.28074,0.03011504,0.03145,0.021587,1.456891
gbm-50k,E,2015H1-E,2015-06-30,20260913,False,2017Q2,8,20000,681,0.704249,0.408499,0.296584,0.03247696,0.03405,0.021601,1.576306
gbm-50k,E,2015H1-E,2015-06-30,20260913,False,2017Q3,9,20000,584,0.703876,0.407753,0.2985,0.02791856,0.0292,0.022354,1.306264
gbm-50k,E,2015H1-E,2015-06-30,20260913,False,2017Q4,10,20000,623,0.71306,0.42612,0.306765,0.02976351,0.03115,0.021675,1.437165
gbm-50k,E,2015H1-E,2015-06-30,20260913,False,2018Q1,11,20000,638,0.690419,0.380838,0.269093,0.03059143,0.0319,0.020753,1.53712
gbm,E,2015H2-E,2015-12-31,,False,2016Q1,1,20000,655,0.740507,0.481013,0.362342,0.03108357,0.03275,0.021884,1.496553
gbm,E,2015H2-E,2015-12-31,,False,2016Q2,2,20000,686,0.733445,0.466891,0.341593,0.03252585,0.0343,0.021762,1.576142
gbm,E,2015H2-E,2015-12-31,,False,2016Q3,3,20000,650,0.688005,0.376009,0.271676,0.03101213,0.0325,0.022938,1.416877
gbm,E,2015H2-E,2015-12-31,,False,2016Q4,4,20000,626,0.697864,0.395728,0.306791,0.02990393,0.0313,0.022305,1.403295
gbm,E,2015H2-E,2015-12-31,,False,2017Q1,5,20000,629,0.700935,0.401871,0.302536,0.03006444,0.03145,0.021372,1.471551
gbm,E,2015H2-E,2015-12-31,,False,2017Q2,6,20000,681,0.718183,0.436367,0.315101,0.03235611,0.03405,0.021442,1.588005
gbm,E,2015H2-E,2015-12-31,,False,2017Q3,7,20000,584,0.712955,0.42591,0.311201,0.02784579,0.0292,0.022418,1.302529
gbm,E,2015H2-E,2015-12-31,,False,2017Q4,8,20000,623,0.721346,0.442693,0.321539,0.0296549,0.03115,0.021556,1.445048
gbm,E,2015H2-E,2015-12-31,,False,2018Q1,9,20000,638,0.709327,0.418654,0.303661,0.03045173,0.0319,0.020595,1.548946
gbm-50k,E,2015H2-E,2015-12-31,20260911,False,2016Q1,1,20000,655,0.722503,0.445006,0.34228,0.03120006,0.03275,0.02266,1.445251
gbm-50k,E,2015H2-E,2015-12-31,20260911,False,2016Q2,2,20000,686,0.716523,0.433046,0.320338,0.03265304,0.0343,0.022539,1.521834
gbm-50k,E,2015H2-E,2015-12-31,20260911,False,2016Q3,3,20000,650,0.668522,0.337043,0.241622,0.03112369,0.0325,0.023644,1.374548
gbm-50k,E,2015H2-E,2015-12-31,20260911,False,2016Q4,4,20000,626,0.676607,0.353213,0.279978,0.03000904,0.0313,0.022995,1.361148
gbm-50k,E,2015H2-E,2015-12-31,20260911,False,2017Q1,5,20000,629,0.688038,0.376075,0.280086,0.03011065,0.03145,0.02208,1.424372
gbm-50k,E,2015H2-E,2015-12-31,20260911,False,2017Q2,6,20000,681,0.695798,0.391596,0.285047,0.03250607,0.03405,0.022452,1.516556
gbm-50k,E,2015H2-E,2015-12-31,20260911,False,2017Q3,7,20000,584,0.698696,0.397391,0.304597,0.02793967,0.0292,0.023245,1.256174
gbm-50k,E,2015H2-E,2015-12-31,20260911,False,2017Q4,8,20000,623,0.699495,0.39899,0.287388,0.02974433,0.03115,0.02251,1.383821
gbm-50k,E,2015H2-E,2015-12-31,20260911,False,2018Q1,9,20000,638,0.6869,0.3738,0.282315,0.03057937,0.0319,0.021664,1.47249
gbm-50k,E,2015H2-E,2015-12-31,20260912,False,2016Q1,1,20000,655,0.728525,0.457051,0.353897,0.03118976,0.03275,0.021495,1.523614
gbm-50k,E,2015H2-E,2015-12-31,20260912,False,2016Q2,2,20000,686,0.71799,0.435979,0.330424,0.03270519,0.0343,0.021511,1.594524
gbm-50k,E,2015H2-E,2015-12-31,20260912,False,2016Q3,3,20000,650,0.670587,0.341174,0.264274,0.0311473,0.0325,0.02263,1.436159
gbm-50k,E,2015H2-E,2015-12-31,20260912,False,2016Q4,4,20000,626,0.681905,0.36381,0.269933,0.03002946,0.0313,0.021968,1.424809
gbm-50k,E,2015H2-E,2015-12-31,20260912,False,2017Q1,5,20000,629,0.684565,0.369129,0.265916,0.03014129,0.03145,0.021149,1.48704
gbm-50k,E,2015H2-E,2015-12-31,20260912,False,2017Q2,6,20000,681,0.699436,0.398871,0.294021,0.03253268,0.03405,0.021181,1.607596
gbm-50k,E,2015H2-E,2015-12-31,20260912,False,2017Q3,7,20000,584,0.701705,0.40341,0.297361,0.0279201,0.0292,0.021888,1.334081
gbm-50k,E,2015H2-E,2015-12-31,20260912,False,2017Q4,8,20000,623,0.697594,0.395188,0.296674,0.02984019,0.03115,0.02141,1.454923
gbm-50k,E,2015H2-E,2015-12-31,20260912,False,2018Q1,9,20000,638,0.688088,0.376175,0.278613,0.03061294,0.0319,0.02062,1.547018
gbm-50k,E,2015H2-E,2015-12-31,20260913,False,2016Q1,1,20000,655,0.730735,0.461471,0.348003,0.03114234,0.03275,0.022561,1.451616
gbm-50k,E,2015H2-E,2015-12-31,20260913,False,2016Q2,2,20000,686,0.717675,0.43535,0.332269,0.03262623,0.0343,0.022495,1.524817
gbm-50k,E,2015H2-E,2015-12-31,20260913,False,2016Q3,3,20000,650,0.674772,0.349545,0.24512,0.03107975,0.0325,0.024027,1.352668
gbm-50k,E,2015H2-E,2015-12-31,20260913,False,2016Q4,4,20000,626,0.680566,0.361132,0.267277,0.02995236,0.0313,0.023225,1.347672
gbm-50k,E,2015H2-E,2015-12-31,20260913,False,2017Q1,5,20000,629,0.690932,0.381863,0.302353,0.03009167,0.03145,0.022265,1.412534
gbm-50k,E,2015H2-E,2015-12-31,20260913,False,2017Q2,6,20000,681,0.706187,0.412374,0.311489,0.03242224,0.03405,0.022307,1.526446
gbm-50k,E,2015H2-E,2015-12-31,20260913,False,2017Q3,7,20000,584,0.712137,0.424274,0.303898,0.02783918,0.0292,0.023017,1.26862
gbm-50k,E,2015H2-E,2015-12-31,20260913,False,2017Q4,8,20000,623,0.716721,0.433442,0.320648,0.02966819,0.03115,0.021743,1.432656
gbm-50k,E,2015H2-E,2015-12-31,20260913,False,2018Q1,9,20000,638,0.693519,0.387037,0.287758,0.03056335,0.0319,0.02065,1.544798
gbm,E,2016H1-E,2016-06-30,,False,2016Q3,1,20000,650,0.696765,0.393531,0.288813,0.03092369,0.0325,0.024429,1.330411
gbm,E,2016H1-E,2016-06-30,,False,2016Q4,2,20000,626,0.706383,0.412765,0.323204,0.02983245,0.0313,0.023792,1.315577
gbm,E,2016H1-E,2016-06-30,,False,2017Q1,3,20000,629,0.706891,0.413782,0.311236,0.02998639,0.03145,0.022775,1.380905
gbm,E,2016H1-E,2016-06-30,,False,2017Q2,4,20000,681,0.720751,0.441503,0.324301,0.03225222,0.03405,0.022749,1.496799
gbm,E,2016H1-E,2016-06-30,,False,2017Q3,5,20000,584,0.719161,0.438322,0.313762,0.02774227,0.0292,0.023859,1.22385
gbm,E,2016H1-E,2016-06-30,,False,2017Q4,6,20000,623,0.727528,0.455056,0.326837,0.02950528,0.03115,0.022742,1.369731
gbm,E,2016H1-E,2016-06-30,,False,2018Q1,7,20000,638,0.707743,0.415487,0.301728,0.03040172,0.0319,0.021578,1.478353
gbm-50k,E,2016H1-E,2016-06-30,20260911,False,2016Q3,1,20000,650,0.68367,0.36734,0.267203,0.03105697,0.0325,0.02319,1.401476
gbm-50k,E,2016H1-E,2016-06-30,20260911,False,2016Q4,2,20000,626,0.69085,0.3817,0.289314,0.02995403,0.0313,0.022795,1.373104
gbm-50k,E,2016H1-E,2016-06-30,20260911,False,2017Q1,3,20000,629,0.703664,0.407328,0.306152,0.03008661,0.03145,0.022009,1.428938
gbm-50k,E,2016H1-E,2016-06-30,20260911,False,2017Q2,4,20000,681,0.712658,0.425316,0.329679,0.03240961,0.03405,0.021871,1.556851
gbm-50k,E,2016H1-E,2016-06-30,20260911,False,2017Q3,5,20000,584,0.712218,0.424435,0.316566,0.02785739,0.0292,0.022642,1.289623
gbm-50k,E,2016H1-E,2016-06-30,20260911,False,2017Q4,6,20000,623,0.717143,0.434285,0.324981,0.02977244,0.03115,0.02146,1.45157
gbm-50k,E,2016H1-E,2016-06-30,20260911,False,2018Q1,7,20000,638,0.681434,0.362868,0.261223,0.030613,0.0319,0.020227,1.577127
gbm-50k,E,2016H1-E,2016-06-30,20260912,False,2016Q3,1,20000,650,0.690664,0.381328,0.281109,0.03101469,0.0325,0.023828,1.363941
gbm-50k,E,2016H1-E,2016-06-30,20260912,False,2016Q4,2,20000,626,0.703234,0.406469,0.307645,0.02989789,0.0313,0.023103,1.354781
gbm-50k,E,2016H1-E,2016-06-30,20260912,False,2017Q1,3,20000,629,0.710244,0.420489,0.324267,0.03000197,0.03145,0.022285,1.41124
gbm-50k,E,2016H1-E,2016-06-30,20260912,False,2017Q2,4,20000,681,0.714399,0.428798,0.329589,0.03235995,0.03405,0.022322,1.525412
gbm-50k,E,2016H1-E,2016-06-30,20260912,False,2017Q3,5,20000,584,0.719771,0.439543,0.316161,0.02772896,0.0292,0.023228,1.257117
gbm-50k,E,2016H1-E,2016-06-30,20260912,False,2017Q4,6,20000,623,0.717796,0.435592,0.330128,0.02972347,0.03115,0.021442,1.45278
gbm-50k,E,2016H1-E,2016-06-30,20260912,False,2018Q1,7,20000,638,0.691892,0.383784,0.27487,0.03058229,0.0319,0.020135,1.584289
gbm-50k,E,2016H1-E,2016-06-30,20260913,False,2016Q3,1,20000,650,0.68194,0.36388,0.272045,0.03107747,0.0325,0.023343,1.392259
gbm-50k,E,2016H1-E,2016-06-30,20260913,False,2016Q4,2,20000,626,0.693892,0.387783,0.296639,0.02994445,0.0313,0.022702,1.378725
gbm-50k,E,2016H1-E,2016-06-30,20260913,False,2017Q1,3,20000,629,0.705552,0.411104,0.325729,0.03006287,0.03145,0.021925,1.434465
gbm-50k,E,2016H1-E,2016-06-30,20260913,False,2017Q2,4,20000,681,0.714987,0.429975,0.323247,0.03244604,0.03405,0.021807,1.561413
gbm-50k,E,2016H1-E,2016-06-30,20260913,False,2017Q3,5,20000,584,0.721801,0.443603,0.320792,0.02783827,0.0292,0.022483,1.298781
gbm-50k,E,2016H1-E,2016-06-30,20260913,False,2017Q4,6,20000,623,0.717368,0.434737,0.335111,0.02973476,0.03115,0.021658,1.438242
gbm-50k,E,2016H1-E,2016-06-30,20260913,False,2018Q1,7,20000,638,0.697449,0.394898,0.29754,0.03059525,0.0319,0.020425,1.561835
gbm,E,2016H2-E,2016-12-31,,False,2017Q1,1,20000,629,0.712815,0.42563,0.343718,0.02992723,0.03145,0.023956,1.312844
gbm,E,2016H2-E,2016-12-31,,False,2017Q2,2,20000,681,0.724452,0.448905,0.322794,0.03216182,0.03405,0.023788,1.431408
gbm,E,2016H2-E,2016-12-31,,False,2017Q3,3,20000,584,0.727824,0.455649,0.327042,0.02765673,0.0292,0.02505,1.165666
gbm,E,2016H2-E,2016-12-31,,False,2017Q4,4,20000,623,0.733696,0.467392,0.3404,0.02941944,0.03115,0.023569,1.321631
gbm,E,2016H2-E,2016-12-31,,False,2018Q1,5,20000,638,0.710861,0.421723,0.305045,0.03034215,0.0319,0.022254,1.433477
gbm-50k,E,2016H2-E,2016-12-31,20260911,False,2017Q1,1,20000,629,0.711713,0.423426,0.313795,0.02995533,0.03145,0.024111,1.304363
gbm-50k,E,2016H2-E,2016-12-31,20260911,False,2017Q2,2,20000,681,0.710314,0.420628,0.300038,0.03231864,0.03405,0.024,1.418742
gbm-50k,E,2016H2-E,2016-12-31,20260911,False,2017Q3,3,20000,584,0.719274,0.438547,0.319659,0.02775528,0.0292,0.024698,1.182285
gbm-50k,E,2016H2-E,2016-12-31,20260911,False,2017Q4,4,20000,623,0.720326,0.440651,0.337384,0.02965153,0.03115,0.023338,1.334759
gbm-50k,E,2016H2-E,2016-12-31,20260911,False,2018Q1,5,20000,638,0.683376,0.366752,0.272397,0.03055282,0.0319,0.021973,1.451771
gbm-50k,E,2016H2-E,2016-12-31,20260912,False,2017Q1,1,20000,629,0.697197,0.394393,0.28518,0.03005825,0.03145,0.022991,1.367911
gbm-50k,E,2016H2-E,2016-12-31,20260912,False,2017Q2,2,20000,681,0.704165,0.40833,0.30531,0.03236171,0.03405,0.022972,1.482228
gbm-50k,E,2016H2-E,2016-12-31,20260912,False,2017Q3,3,20000,584,0.711531,0.423063,0.319245,0.02782225,0.0292,0.023974,1.21798
gbm-50k,E,2016H2-E,2016-12-31,20260912,False,2017Q4,4,20000,623,0.714563,0.429126,0.315701,0.02970369,0.03115,0.022389,1.391293
gbm-50k,E,2016H2-E,2016-12-31,20260912,False,2018Q1,5,20000,638,0.686051,0.372102,0.271469,0.03054172,0.0319,0.021189,1.505518
gbm-50k,E,2016H2-E,2016-12-31,20260913,False,2017Q1,1,20000,629,0.705478,0.410956,0.310803,0.02996072,0.03145,0.024683,1.274169
gbm-50k,E,2016H2-E,2016-12-31,20260913,False,2017Q2,2,20000,681,0.702245,0.404489,0.296314,0.03235028,0.03405,0.024608,1.383714
gbm-50k,E,2016H2-E,2016-12-31,20260913,False,2017Q3,3,20000,584,0.718686,0.437372,0.322362,0.02770421,0.0292,0.025588,1.141142
gbm-50k,E,2016H2-E,2016-12-31,20260913,False,2017Q4,4,20000,623,0.718682,0.437365,0.321023,0.02955741,0.03115,0.024192,1.287598
gbm-50k,E,2016H2-E,2016-12-31,20260913,False,2018Q1,5,20000,638,0.693555,0.387111,0.278745,0.03046184,0.0319,0.022998,1.387068
gbm,E,2017H1-E,2017-06-30,,False,2017Q3,1,20000,584,0.732663,0.465327,0.3484,0.02763305,0.0292,0.027159,1.075144
gbm,E,2017H1-E,2017-06-30,,False,2017Q4,2,20000,623,0.737808,0.475616,0.345046,0.02934431,0.03115,0.025395,1.226619
gbm,E,2017H1-E,2017-06-30,,False,2018Q1,3,20000,638,0.712536,0.425072,0.307542,0.03028318,0.0319,0.023994,1.329524
gbm-50k,E,2017H1-E,2017-06-30,20260911,False,2017Q3,1,20000,584,0.713954,0.427908,0.307924,0.02772488,0.0292,0.025942,1.125582
gbm-50k,E,2017H1-E,2017-06-30,20260911,False,2017Q4,2,20000,623,0.718082,0.436164,0.323797,0.02966834,0.03115,0.023961,1.300007
gbm-50k,E,2017H1-E,2017-06-30,20260911,False,2018Q1,3,20000,638,0.688648,0.377296,0.276403,0.03053708,0.0319,0.022856,1.395694
gbm-50k,E,2017H1-E,2017-06-30,20260912,False,2017Q3,1,20000,584,0.702996,0.405992,0.291827,0.02783149,0.0292,0.025721,1.135271
gbm-50k,E,2017H1-E,2017-06-30,20260912,False,2017Q4,2,20000,623,0.712558,0.425115,0.315011,0.02963884,0.03115,0.024336,1.279999
gbm-50k,E,2017H1-E,2017-06-30,20260912,False,2018Q1,3,20000,638,0.691925,0.383851,0.273201,0.03046225,0.0319,0.023153,1.377762
gbm-50k,E,2017H1-E,2017-06-30,20260913,False,2017Q3,1,20000,584,0.703677,0.407354,0.283945,0.02775536,0.0292,0.025904,1.127253
gbm-50k,E,2017H1-E,2017-06-30,20260913,False,2017Q4,2,20000,623,0.718934,0.437869,0.327372,0.02958618,0.03115,0.024226,1.285827
gbm-50k,E,2017H1-E,2017-06-30,20260913,False,2018Q1,3,20000,638,0.69182,0.383641,0.280995,0.03042099,0.0319,0.023051,1.383906
gbm,R,2013H1-R,2013-06-30,,False,2013Q3,1,20000,469,0.688329,0.376657,0.275534,0.02270058,0.02345,0.029419,0.7971
gbm,R,2013H1-R,2013-06-30,,False,2013Q4,2,20000,398,0.66637,0.33274,0.264251,0.01951542,0.0199,0.027489,0.723935
gbm,R,2013H1-R,2013-06-30,,False,2014Q1,3,20000,446,0.661439,0.322878,0.245762,0.02169236,0.0223,0.029091,0.766547
gbm,R,2013H1-R,2013-06-30,,False,2014Q2,4,20000,472,0.682475,0.364951,0.278567,0.02292019,0.0236,0.03032,0.778364
gbm,R,2013H1-R,2013-06-30,,False,2014Q3,5,20000,453,0.669151,0.338302,0.252332,0.02212802,0.02265,0.030393,0.745239
gbm,R,2013H1-R,2013-06-30,,False,2014Q4,6,20000,472,0.693112,0.386224,0.28579,0.02280931,0.0236,0.028762,0.820524
gbm,R,2013H1-R,2013-06-30,,False,2015Q1,7,20000,579,0.685464,0.370927,0.283159,0.02776869,0.02895,0.028502,1.015717
gbm,R,2013H1-R,2013-06-30,,False,2015Q2,8,20000,571,0.684712,0.369425,0.293059,0.02740561,0.02855,0.028332,1.007706
gbm,R,2013H1-R,2013-06-30,,False,2015Q3,9,20000,541,0.705846,0.411691,0.319391,0.02594544,0.02705,0.027995,0.966237
gbm,R,2013H1-R,2013-06-30,,False,2015Q4,10,20000,551,0.704133,0.408265,0.308707,0.02638355,0.02755,0.027242,1.01131
gbm,R,2013H1-R,2013-06-30,,False,2016Q1,11,20000,655,0.701542,0.403084,0.304441,0.031205,0.03275,0.026949,1.215278
gbm,R,2013H1-R,2013-06-30,,False,2016Q2,12,20000,686,0.699688,0.399376,0.302581,0.03265893,0.0343,0.026915,1.274389
gbm,R,2013H1-R,2013-06-30,,False,2016Q3,13,20000,650,0.664508,0.329016,0.237659,0.03106396,0.0325,0.028087,1.157137
gbm,R,2013H1-R,2013-06-30,,False,2016Q4,14,20000,626,0.659299,0.318598,0.245209,0.03004636,0.0313,0.02745,1.140258
gbm,R,2013H1-R,2013-06-30,,False,2017Q1,15,20000,629,0.668998,0.337997,0.259967,0.03012274,0.03145,0.026386,1.191921
gbm,R,2013H1-R,2013-06-30,,False,2017Q2,16,20000,681,0.685525,0.37105,0.27459,0.03243133,0.03405,0.026844,1.268448
gbm,R,2013H1-R,2013-06-30,,False,2017Q3,17,20000,584,0.683051,0.366103,0.252982,0.02797211,0.0292,0.028011,1.042446
gbm,R,2013H1-R,2013-06-30,,False,2017Q4,18,20000,623,0.699222,0.398444,0.28503,0.0296852,0.03115,0.027048,1.151668
gbm,R,2013H1-R,2013-06-30,,False,2018Q1,19,20000,638,0.68231,0.364621,0.265462,0.03051705,0.0319,0.025888,1.232234
gbm-50k,R,2013H1-R,2013-06-30,20260911,True,2013Q3,1,20000,469,0.688329,0.376657,0.275534,0.02270058,0.02345,0.029419,0.7971
gbm-50k,R,2013H1-R,2013-06-30,20260911,True,2013Q4,2,20000,398,0.66637,0.33274,0.264251,0.01951542,0.0199,0.027489,0.723935
gbm-50k,R,2013H1-R,2013-06-30,20260911,True,2014Q1,3,20000,446,0.661439,0.322878,0.245762,0.02169236,0.0223,0.029091,0.766547
gbm-50k,R,2013H1-R,2013-06-30,20260911,True,2014Q2,4,20000,472,0.682475,0.364951,0.278567,0.02292019,0.0236,0.03032,0.778364
gbm-50k,R,2013H1-R,2013-06-30,20260911,True,2014Q3,5,20000,453,0.669151,0.338302,0.252332,0.02212802,0.02265,0.030393,0.745239
gbm-50k,R,2013H1-R,2013-06-30,20260911,True,2014Q4,6,20000,472,0.693112,0.386224,0.28579,0.02280931,0.0236,0.028762,0.820524
gbm-50k,R,2013H1-R,2013-06-30,20260911,True,2015Q1,7,20000,579,0.685464,0.370927,0.283159,0.02776869,0.02895,0.028502,1.015717
gbm-50k,R,2013H1-R,2013-06-30,20260911,True,2015Q2,8,20000,571,0.684712,0.369425,0.293059,0.02740561,0.02855,0.028332,1.007706
gbm-50k,R,2013H1-R,2013-06-30,20260911,True,2015Q3,9,20000,541,0.705846,0.411691,0.319391,0.02594544,0.02705,0.027995,0.966237
gbm-50k,R,2013H1-R,2013-06-30,20260911,True,2015Q4,10,20000,551,0.704133,0.408265,0.308707,0.02638355,0.02755,0.027242,1.01131
gbm-50k,R,2013H1-R,2013-06-30,20260911,True,2016Q1,11,20000,655,0.701542,0.403084,0.304441,0.031205,0.03275,0.026949,1.215278
gbm-50k,R,2013H1-R,2013-06-30,20260911,True,2016Q2,12,20000,686,0.699688,0.399376,0.302581,0.03265893,0.0343,0.026915,1.274389
gbm-50k,R,2013H1-R,2013-06-30,20260911,True,2016Q3,13,20000,650,0.664508,0.329016,0.237659,0.03106396,0.0325,0.028087,1.157137
gbm-50k,R,2013H1-R,2013-06-30,20260911,True,2016Q4,14,20000,626,0.659299,0.318598,0.245209,0.03004636,0.0313,0.02745,1.140258
gbm-50k,R,2013H1-R,2013-06-30,20260911,True,2017Q1,15,20000,629,0.668998,0.337997,0.259967,0.03012274,0.03145,0.026386,1.191921
gbm-50k,R,2013H1-R,2013-06-30,20260911,True,2017Q2,16,20000,681,0.685525,0.37105,0.27459,0.03243133,0.03405,0.026844,1.268448
gbm-50k,R,2013H1-R,2013-06-30,20260911,True,2017Q3,17,20000,584,0.683051,0.366103,0.252982,0.02797211,0.0292,0.028011,1.042446
gbm-50k,R,2013H1-R,2013-06-30,20260911,True,2017Q4,18,20000,623,0.699222,0.398444,0.28503,0.0296852,0.03115,0.027048,1.151668
gbm-50k,R,2013H1-R,2013-06-30,20260911,True,2018Q1,19,20000,638,0.68231,0.364621,0.265462,0.03051705,0.0319,0.025888,1.232234
gbm-50k,R,2013H1-R,2013-06-30,20260912,True,2013Q3,1,20000,469,0.688329,0.376657,0.275534,0.02270058,0.02345,0.029419,0.7971
gbm-50k,R,2013H1-R,2013-06-30,20260912,True,2013Q4,2,20000,398,0.66637,0.33274,0.264251,0.01951542,0.0199,0.027489,0.723935
gbm-50k,R,2013H1-R,2013-06-30,20260912,True,2014Q1,3,20000,446,0.661439,0.322878,0.245762,0.02169236,0.0223,0.029091,0.766547
gbm-50k,R,2013H1-R,2013-06-30,20260912,True,2014Q2,4,20000,472,0.682475,0.364951,0.278567,0.02292019,0.0236,0.03032,0.778364
gbm-50k,R,2013H1-R,2013-06-30,20260912,True,2014Q3,5,20000,453,0.669151,0.338302,0.252332,0.02212802,0.02265,0.030393,0.745239
gbm-50k,R,2013H1-R,2013-06-30,20260912,True,2014Q4,6,20000,472,0.693112,0.386224,0.28579,0.02280931,0.0236,0.028762,0.820524
gbm-50k,R,2013H1-R,2013-06-30,20260912,True,2015Q1,7,20000,579,0.685464,0.370927,0.283159,0.02776869,0.02895,0.028502,1.015717
gbm-50k,R,2013H1-R,2013-06-30,20260912,True,2015Q2,8,20000,571,0.684712,0.369425,0.293059,0.02740561,0.02855,0.028332,1.007706
gbm-50k,R,2013H1-R,2013-06-30,20260912,True,2015Q3,9,20000,541,0.705846,0.411691,0.319391,0.02594544,0.02705,0.027995,0.966237
gbm-50k,R,2013H1-R,2013-06-30,20260912,True,2015Q4,10,20000,551,0.704133,0.408265,0.308707,0.02638355,0.02755,0.027242,1.01131
gbm-50k,R,2013H1-R,2013-06-30,20260912,True,2016Q1,11,20000,655,0.701542,0.403084,0.304441,0.031205,0.03275,0.026949,1.215278
gbm-50k,R,2013H1-R,2013-06-30,20260912,True,2016Q2,12,20000,686,0.699688,0.399376,0.302581,0.03265893,0.0343,0.026915,1.274389
gbm-50k,R,2013H1-R,2013-06-30,20260912,True,2016Q3,13,20000,650,0.664508,0.329016,0.237659,0.03106396,0.0325,0.028087,1.157137
gbm-50k,R,2013H1-R,2013-06-30,20260912,True,2016Q4,14,20000,626,0.659299,0.318598,0.245209,0.03004636,0.0313,0.02745,1.140258
gbm-50k,R,2013H1-R,2013-06-30,20260912,True,2017Q1,15,20000,629,0.668998,0.337997,0.259967,0.03012274,0.03145,0.026386,1.191921
gbm-50k,R,2013H1-R,2013-06-30,20260912,True,2017Q2,16,20000,681,0.685525,0.37105,0.27459,0.03243133,0.03405,0.026844,1.268448
gbm-50k,R,2013H1-R,2013-06-30,20260912,True,2017Q3,17,20000,584,0.683051,0.366103,0.252982,0.02797211,0.0292,0.028011,1.042446
gbm-50k,R,2013H1-R,2013-06-30,20260912,True,2017Q4,18,20000,623,0.699222,0.398444,0.28503,0.0296852,0.03115,0.027048,1.151668
gbm-50k,R,2013H1-R,2013-06-30,20260912,True,2018Q1,19,20000,638,0.68231,0.364621,0.265462,0.03051705,0.0319,0.025888,1.232234
gbm-50k,R,2013H1-R,2013-06-30,20260913,True,2013Q3,1,20000,469,0.688329,0.376657,0.275534,0.02270058,0.02345,0.029419,0.7971
gbm-50k,R,2013H1-R,2013-06-30,20260913,True,2013Q4,2,20000,398,0.66637,0.33274,0.264251,0.01951542,0.0199,0.027489,0.723935
gbm-50k,R,2013H1-R,2013-06-30,20260913,True,2014Q1,3,20000,446,0.661439,0.322878,0.245762,0.02169236,0.0223,0.029091,0.766547
gbm-50k,R,2013H1-R,2013-06-30,20260913,True,2014Q2,4,20000,472,0.682475,0.364951,0.278567,0.02292019,0.0236,0.03032,0.778364
gbm-50k,R,2013H1-R,2013-06-30,20260913,True,2014Q3,5,20000,453,0.669151,0.338302,0.252332,0.02212802,0.02265,0.030393,0.745239
gbm-50k,R,2013H1-R,2013-06-30,20260913,True,2014Q4,6,20000,472,0.693112,0.386224,0.28579,0.02280931,0.0236,0.028762,0.820524
gbm-50k,R,2013H1-R,2013-06-30,20260913,True,2015Q1,7,20000,579,0.685464,0.370927,0.283159,0.02776869,0.02895,0.028502,1.015717
gbm-50k,R,2013H1-R,2013-06-30,20260913,True,2015Q2,8,20000,571,0.684712,0.369425,0.293059,0.02740561,0.02855,0.028332,1.007706
gbm-50k,R,2013H1-R,2013-06-30,20260913,True,2015Q3,9,20000,541,0.705846,0.411691,0.319391,0.02594544,0.02705,0.027995,0.966237
gbm-50k,R,2013H1-R,2013-06-30,20260913,True,2015Q4,10,20000,551,0.704133,0.408265,0.308707,0.02638355,0.02755,0.027242,1.01131
gbm-50k,R,2013H1-R,2013-06-30,20260913,True,2016Q1,11,20000,655,0.701542,0.403084,0.304441,0.031205,0.03275,0.026949,1.215278
gbm-50k,R,2013H1-R,2013-06-30,20260913,True,2016Q2,12,20000,686,0.699688,0.399376,0.302581,0.03265893,0.0343,0.026915,1.274389
gbm-50k,R,2013H1-R,2013-06-30,20260913,True,2016Q3,13,20000,650,0.664508,0.329016,0.237659,0.03106396,0.0325,0.028087,1.157137
gbm-50k,R,2013H1-R,2013-06-30,20260913,True,2016Q4,14,20000,626,0.659299,0.318598,0.245209,0.03004636,0.0313,0.02745,1.140258
gbm-50k,R,2013H1-R,2013-06-30,20260913,True,2017Q1,15,20000,629,0.668998,0.337997,0.259967,0.03012274,0.03145,0.026386,1.191921
gbm-50k,R,2013H1-R,2013-06-30,20260913,True,2017Q2,16,20000,681,0.685525,0.37105,0.27459,0.03243133,0.03405,0.026844,1.268448
gbm-50k,R,2013H1-R,2013-06-30,20260913,True,2017Q3,17,20000,584,0.683051,0.366103,0.252982,0.02797211,0.0292,0.028011,1.042446
gbm-50k,R,2013H1-R,2013-06-30,20260913,True,2017Q4,18,20000,623,0.699222,0.398444,0.28503,0.0296852,0.03115,0.027048,1.151668
gbm-50k,R,2013H1-R,2013-06-30,20260913,True,2018Q1,19,20000,638,0.68231,0.364621,0.265462,0.03051705,0.0319,0.025888,1.232234
gbm,R,2013H2-R,2013-12-31,,False,2014Q1,1,20000,446,0.676221,0.352443,0.266843,0.02163729,0.0223,0.026691,0.835485
gbm,R,2013H2-R,2013-12-31,,False,2014Q2,2,20000,472,0.68707,0.374141,0.294599,0.02285603,0.0236,0.028199,0.836913
gbm,R,2013H2-R,2013-12-31,,False,2014Q3,3,20000,453,0.680865,0.36173,0.270363,0.02200568,0.02265,0.027888,0.812183
gbm,R,2013H2-R,2013-12-31,,False,2014Q4,4,20000,472,0.692336,0.384672,0.306841,0.0227672,0.0236,0.026759,0.881935
gbm,R,2013H2-R,2013-12-31,,False,2015Q1,5,20000,579,0.69067,0.381339,0.303034,0.02778457,0.02895,0.026608,1.088038
gbm,R,2013H2-R,2013-12-31,,False,2015Q2,6,20000,571,0.688531,0.377061,0.296913,0.02739437,0.02855,0.026718,1.068575
gbm,R,2013H2-R,2013-12-31,,False,2015Q3,7,20000,541,0.702844,0.405687,0.323473,0.02596942,0.02705,0.026352,1.026507
gbm,R,2013H2-R,2013-12-31,,False,2015Q4,8,20000,551,0.706811,0.413622,0.297542,0.02637233,0.02755,0.026044,1.057815
gbm,R,2013H2-R,2013-12-31,,False,2016Q1,9,20000,655,0.710528,0.421056,0.338098,0.03120617,0.03275,0.025621,1.278267
gbm,R,2013H2-R,2013-12-31,,False,2016Q2,10,20000,686,0.700547,0.401094,0.299565,0.03269644,0.0343,0.026193,1.309505
gbm,R,2013H2-R,2013-12-31,,False,2016Q3,11,20000,650,0.662665,0.32533,0.23965,0.03111615,0.0325,0.027438,1.184473
gbm,R,2013H2-R,2013-12-31,,False,2016Q4,12,20000,626,0.657797,0.315594,0.252069,0.03006501,0.0313,0.02675,1.17008
gbm,R,2013H2-R,2013-12-31,,False,2017Q1,13,20000,629,0.666203,0.332405,0.25744,0.03017531,0.03145,0.025544,1.231198
gbm,R,2013H2-R,2013-12-31,,False,2017Q2,14,20000,681,0.683534,0.367069,0.270743,0.03250841,0.03405,0.025894,1.314953
gbm,R,2013H2-R,2013-12-31,,False,2017Q3,15,20000,584,0.694337,0.388673,0.290383,0.02794396,0.0292,0.027068,1.078748
gbm,R,2013H2-R,2013-12-31,,False,2017Q4,16,20000,623,0.69586,0.391721,0.270576,0.02970539,0.03115,0.026859,1.159754
gbm,R,2013H2-R,2013-12-31,,False,2018Q1,17,20000,638,0.693724,0.387448,0.289393,0.03043556,0.0319,0.025996,1.227128
gbm-50k,R,2013H2-R,2013-12-31,20260911,False,2014Q1,1,20000,446,0.681144,0.362288,0.261146,0.02161553,0.0223,0.026896,0.829119
gbm-50k,R,2013H2-R,2013-12-31,20260911,False,2014Q2,2,20000,472,0.690144,0.380289,0.296542,0.02283601,0.0236,0.028293,0.834141
gbm-50k,R,2013H2-R,2013-12-31,20260911,False,2014Q3,3,20000,453,0.679753,0.359506,0.279919,0.02200064,0.02265,0.028018,0.808411
gbm-50k,R,2013H2-R,2013-12-31,20260911,False,2014Q4,4,20000,472,0.694742,0.389484,0.293476,0.0227642,0.0236,0.026981,0.874679
gbm-50k,R,2013H2-R,2013-12-31,20260911,False,2015Q1,5,20000,579,0.687396,0.374792,0.290669,0.02779468,0.02895,0.026846,1.07837
gbm-50k,R,2013H2-R,2013-12-31,20260911,False,2015Q2,6,20000,571,0.687534,0.375067,0.292852,0.02739944,0.02855,0.026946,1.05951
gbm-50k,R,2013H2-R,2013-12-31,20260911,False,2015Q3,7,20000,541,0.703009,0.406018,0.33238,0.02597149,0.02705,0.026601,1.016887
gbm-50k,R,2013H2-R,2013-12-31,20260911,False,2015Q4,8,20000,551,0.708656,0.417311,0.298555,0.02635896,0.02755,0.02625,1.049504
gbm-50k,R,2013H2-R,2013-12-31,20260911,False,2016Q1,9,20000,655,0.707733,0.415467,0.325197,0.03122896,0.03275,0.02585,1.266947
gbm-50k,R,2013H2-R,2013-12-31,20260911,False,2016Q2,10,20000,686,0.699796,0.399592,0.305305,0.03270871,0.0343,0.026337,1.302359
gbm-50k,R,2013H2-R,2013-12-31,20260911,False,2016Q3,11,20000,650,0.664804,0.329609,0.233166,0.03112278,0.0325,0.027535,1.180297
gbm-50k,R,2013H2-R,2013-12-31,20260911,False,2016Q4,12,20000,626,0.65704,0.314081,0.260375,0.03007916,0.0313,0.026907,1.163273
gbm-50k,R,2013H2-R,2013-12-31,20260911,False,2017Q1,13,20000,629,0.670871,0.341742,0.266831,0.03016537,0.03145,0.025714,1.223055
gbm-50k,R,2013H2-R,2013-12-31,20260911,False,2017Q2,14,20000,681,0.686617,0.373234,0.286744,0.03251492,0.03405,0.026139,1.302643
gbm-50k,R,2013H2-R,2013-12-31,20260911,False,2017Q3,15,20000,584,0.692793,0.385585,0.294176,0.02794737,0.0292,0.027194,1.073776
gbm-50k,R,2013H2-R,2013-12-31,20260911,False,2017Q4,16,20000,623,0.692147,0.384293,0.265206,0.02973711,0.03115,0.026965,1.155181
gbm-50k,R,2013H2-R,2013-12-31,20260911,False,2018Q1,17,20000,638,0.687642,0.375285,0.276207,0.03046549,0.0319,0.026252,1.215149
gbm-50k,R,2013H2-R,2013-12-31,20260912,False,2014Q1,1,20000,446,0.678216,0.356431,0.258786,0.02160283,0.0223,0.026425,0.843893
gbm-50k,R,2013H2-R,2013-12-31,20260912,False,2014Q2,2,20000,472,0.690346,0.380693,0.290997,0.02283924,0.0236,0.027808,0.848687
gbm-50k,R,2013H2-R,2013-12-31,20260912,False,2014Q3,3,20000,453,0.68077,0.36154,0.278559,0.02198348,0.02265,0.027434,0.825615
gbm-50k,R,2013H2-R,2013-12-31,20260912,False,2014Q4,4,20000,472,0.692852,0.385705,0.29584,0.02277499,0.0236,0.026448,0.892323
gbm-50k,R,2013H2-R,2013-12-31,20260912,False,2015Q1,5,20000,579,0.691051,0.382103,0.296697,0.02779785,0.02895,0.026286,1.101364
gbm-50k,R,2013H2-R,2013-12-31,20260912,False,2015Q2,6,20000,571,0.68451,0.369021,0.281652,0.02743026,0.02855,0.026317,1.08485
gbm-50k,R,2013H2-R,2013-12-31,20260912,False,2015Q3,7,20000,541,0.703946,0.407892,0.32914,0.02597185,0.02705,0.026015,1.039769
gbm-50k,R,2013H2-R,2013-12-31,20260912,False,2015Q4,8,20000,551,0.707722,0.415444,0.308747,0.02639346,0.02755,0.025796,1.068012
gbm-50k,R,2013H2-R,2013-12-31,20260912,False,2016Q1,9,20000,655,0.711682,0.423364,0.339623,0.03123139,0.03275,0.02537,1.290904
gbm-50k,R,2013H2-R,2013-12-31,20260912,False,2016Q2,10,20000,686,0.700596,0.401191,0.298838,0.03272839,0.0343,0.025877,1.325523
gbm-50k,R,2013H2-R,2013-12-31,20260912,False,2016Q3,11,20000,650,0.661792,0.323585,0.227545,0.03113295,0.0325,0.027172,1.196091
gbm-50k,R,2013H2-R,2013-12-31,20260912,False,2016Q4,12,20000,626,0.660238,0.320477,0.260985,0.03007776,0.0313,0.026579,1.177602
gbm-50k,R,2013H2-R,2013-12-31,20260912,False,2017Q1,13,20000,629,0.673862,0.347723,0.272679,0.03016237,0.03145,0.025368,1.239774
gbm-50k,R,2013H2-R,2013-12-31,20260912,False,2017Q2,14,20000,681,0.682739,0.365479,0.2738,0.03255272,0.03405,0.025847,1.31735
gbm-50k,R,2013H2-R,2013-12-31,20260912,False,2017Q3,15,20000,584,0.686477,0.372953,0.270635,0.02799593,0.0292,0.026896,1.085657
gbm-50k,R,2013H2-R,2013-12-31,20260912,False,2017Q4,16,20000,623,0.687194,0.374388,0.25267,0.02975826,0.03115,0.026833,1.160893
gbm-50k,R,2013H2-R,2013-12-31,20260912,False,2018Q1,17,20000,638,0.690698,0.381396,0.286353,0.03046661,0.0319,0.026014,1.226246
gbm-50k,R,2013H2-R,2013-12-31,20260913,False,2014Q1,1,20000,446,0.67813,0.356259,0.263159,0.0216239,0.0223,0.02728,0.817442
gbm-50k,R,2013H2-R,2013-12-31,20260913,False,2014Q2,2,20000,472,0.688396,0.376792,0.289793,0.02285745,0.0236,0.028753,0.820789
gbm-50k,R,2013H2-R,2013-12-31,20260913,False,2014Q3,3,20000,453,0.680254,0.360509,0.280096,0.02201664,0.02265,0.028375,0.798228
gbm-50k,R,2013H2-R,2013-12-31,20260913,False,2014Q4,4,20000,472,0.696142,0.392284,0.302487,0.02277348,0.0236,0.027342,0.863137
gbm-50k,R,2013H2-R,2013-12-31,20260913,False,2015Q1,5,20000,579,0.686173,0.372347,0.291127,0.02779861,0.02895,0.027233,1.063067
gbm-50k,R,2013H2-R,2013-12-31,20260913,False,2015Q2,6,20000,571,0.69165,0.3833,0.302072,0.02738839,0.02855,0.027294,1.046024
gbm-50k,R,2013H2-R,2013-12-31,20260913,False,2015Q3,7,20000,541,0.70602,0.412041,0.327658,0.02594745,0.02705,0.027015,1.001306
gbm-50k,R,2013H2-R,2013-12-31,20260913,False,2015Q4,8,20000,551,0.70649,0.412979,0.294753,0.02637626,0.02755,0.026707,1.031557
gbm-50k,R,2013H2-R,2013-12-31,20260913,False,2016Q1,9,20000,655,0.710038,0.420076,0.331755,0.03119777,0.03275,0.026296,1.245456
gbm-50k,R,2013H2-R,2013-12-31,20260913,False,2016Q2,10,20000,686,0.698491,0.396982,0.298131,0.03268766,0.0343,0.026823,1.278733
gbm-50k,R,2013H2-R,2013-12-31,20260913,False,2016Q3,11,20000,650,0.662587,0.325175,0.240302,0.03111367,0.0325,0.028204,1.152338
gbm-50k,R,2013H2-R,2013-12-31,20260913,False,2016Q4,12,20000,626,0.655844,0.311688,0.243784,0.0300694,0.0313,0.027493,1.138487
gbm-50k,R,2013H2-R,2013-12-31,20260913,False,2017Q1,13,20000,629,0.668045,0.33609,0.270072,0.03015489,0.03145,0.026291,1.196242
gbm-50k,R,2013H2-R,2013-12-31,20260913,False,2017Q2,14,20000,681,0.683181,0.366361,0.270515,0.03249938,0.03405,0.02664,1.278134
gbm-50k,R,2013H2-R,2013-12-31,20260913,False,2017Q3,15,20000,584,0.693293,0.386585,0.283969,0.02793313,0.0292,0.027772,1.051417
gbm-50k,R,2013H2-R,2013-12-31,20260913,False,2017Q4,16,20000,623,0.692586,0.385172,0.259768,0.02970696,0.03115,0.027438,1.135268
gbm-50k,R,2013H2-R,2013-12-31,20260913,False,2018Q1,17,20000,638,0.691887,0.383775,0.284217,0.03043751,0.0319,0.026518,1.202956
gbm,R,2014H1-R,2014-06-30,,False,2014Q3,1,20000,453,0.693754,0.387507,0.283759,0.02195483,0.02265,0.025441,0.890306
gbm,R,2014H1-R,2014-06-30,,False,2014Q4,2,20000,472,0.700486,0.400972,0.309405,0.02273332,0.0236,0.023899,0.987491
gbm,R,2014H1-R,2014-06-30,,False,2015Q1,3,20000,579,0.705729,0.411458,0.3269,0.02774923,0.02895,0.023685,1.222281
gbm,R,2014H1-R,2014-06-30,,False,2015Q2,4,20000,571,0.693887,0.387774,0.290244,0.02733989,0.02855,0.023772,1.200979
gbm,R,2014H1-R,2014-06-30,,False,2015Q3,5,20000,541,0.716825,0.433649,0.336777,0.02591892,0.02705,0.023329,1.159524
gbm,R,2014H1-R,2014-06-30,,False,2015Q4,6,20000,551,0.718748,0.437496,0.340923,0.02634627,0.02755,0.022684,1.214533
gbm,R,2014H1-R,2014-06-30,,False,2016Q1,7,20000,655,0.72584,0.45168,0.350941,0.03120686,0.03275,0.022558,1.451821
gbm,R,2014H1-R,2014-06-30,,False,2016Q2,8,20000,686,0.709017,0.418034,0.30574,0.03273169,0.0343,0.022934,1.495618
gbm,R,2014H1-R,2014-06-30,,False,2016Q3,9,20000,650,0.670133,0.340266,0.245395,0.03112799,0.0325,0.024091,1.349068
gbm,R,2014H1-R,2014-06-30,,False,2016Q4,10,20000,626,0.679733,0.359466,0.281585,0.03001171,0.0313,0.023409,1.337079
gbm,R,2014H1-R,2014-06-30,,False,2017Q1,11,20000,629,0.686133,0.372266,0.286252,0.03015767,0.03145,0.022323,1.40888
gbm,R,2014H1-R,2014-06-30,,False,2017Q2,12,20000,681,0.69738,0.39476,0.302161,0.03252951,0.03405,0.022552,1.509865
gbm,R,2014H1-R,2014-06-30,,False,2017Q3,13,20000,584,0.701089,0.402177,0.301061,0.02793745,0.0292,0.023556,1.239624
gbm,R,2014H1-R,2014-06-30,,False,2017Q4,14,20000,623,0.698228,0.396455,0.295408,0.02979443,0.03115,0.023044,1.351755
gbm,R,2014H1-R,2014-06-30,,False,2018Q1,15,20000,638,0.692154,0.384308,0.289496,0.03054794,0.0319,0.022106,1.443051
gbm-50k,R,2014H1-R,2014-06-30,20260911,False,2014Q3,1,20000,453,0.689243,0.378485,0.292479,0.02194719,0.02265,0.024681,0.917716
gbm-50k,R,2014H1-R,2014-06-30,20260911,False,2014Q4,2,20000,472,0.690753,0.381507,0.289056,0.02277365,0.0236,0.023653,0.997762
gbm-50k,R,2014H1-R,2014-06-30,20260911,False,2015Q1,3,20000,579,0.691212,0.382425,0.299154,0.02781424,0.02895,0.023446,1.234745
gbm-50k,R,2014H1-R,2014-06-30,20260911,False,2015Q2,4,20000,571,0.690624,0.381249,0.297824,0.02740013,0.02855,0.023555,1.212077
gbm-50k,R,2014H1-R,2014-06-30,20260911,False,2015Q3,5,20000,541,0.712109,0.424217,0.337011,0.02597356,0.02705,0.023155,1.168205
gbm-50k,R,2014H1-R,2014-06-30,20260911,False,2015Q4,6,20000,551,0.71178,0.423559,0.320059,0.02641636,0.02755,0.022652,1.216241
gbm-50k,R,2014H1-R,2014-06-30,20260911,False,2016Q1,7,20000,655,0.717422,0.434843,0.340803,0.03128999,0.03275,0.022483,1.456688
gbm-50k,R,2014H1-R,2014-06-30,20260911,False,2016Q2,8,20000,686,0.698135,0.396271,0.287382,0.0328078,0.0343,0.023036,1.488959
gbm-50k,R,2014H1-R,2014-06-30,20260911,False,2016Q3,9,20000,650,0.663904,0.327808,0.24132,0.03121836,0.0325,0.024209,1.342455
gbm-50k,R,2014H1-R,2014-06-30,20260911,False,2016Q4,10,20000,626,0.671034,0.342068,0.265979,0.03008209,0.0313,0.023691,1.321154
gbm-50k,R,2014H1-R,2014-06-30,20260911,False,2017Q1,11,20000,629,0.676952,0.353904,0.269784,0.03022084,0.03145,0.022611,1.390933
gbm-50k,R,2014H1-R,2014-06-30,20260911,False,2017Q2,12,20000,681,0.690327,0.380654,0.30206,0.03258441,0.03405,0.022859,1.489567
gbm-50k,R,2014H1-R,2014-06-30,20260911,False,2017Q3,13,20000,584,0.69041,0.38082,0.272227,0.02801134,0.0292,0.023956,1.218926
gbm-50k,R,2014H1-R,2014-06-30,20260911,False,2017Q4,14,20000,623,0.691099,0.382198,0.27946,0.02986421,0.03115,0.02359,1.320451
gbm-50k,R,2014H1-R,2014-06-30,20260911,False,2018Q1,15,20000,638,0.679516,0.359032,0.26507,0.03062252,0.0319,0.022664,1.407534
gbm-50k,R,2014H1-R,2014-06-30,20260912,False,2014Q3,1,20000,453,0.695278,0.390556,0.310333,0.02192537,0.02265,0.026363,0.859169
gbm-50k,R,2014H1-R,2014-06-30,20260912,False,2014Q4,2,20000,472,0.6993,0.3986,0.325069,0.02275411,0.0236,0.024843,0.949955
gbm-50k,R,2014H1-R,2014-06-30,20260912,False,2015Q1,3,20000,579,0.696203,0.392407,0.310852,0.02778243,0.02895,0.024669,1.173515
gbm-50k,R,2014H1-R,2014-06-30,20260912,False,2015Q2,4,20000,571,0.681923,0.363846,0.277988,0.02741998,0.02855,0.024717,1.155069
gbm-50k,R,2014H1-R,2014-06-30,20260912,False,2015Q3,5,20000,541,0.710477,0.420954,0.340425,0.02595019,0.02705,0.02427,1.114567
gbm-50k,R,2014H1-R,2014-06-30,20260912,False,2015Q4,6,20000,551,0.712716,0.425433,0.322045,0.02638923,0.02755,0.023568,1.16898
gbm-50k,R,2014H1-R,2014-06-30,20260912,False,2016Q1,7,20000,655,0.711855,0.42371,0.326906,0.03125359,0.03275,0.023367,1.401571
gbm-50k,R,2014H1-R,2014-06-30,20260912,False,2016Q2,8,20000,686,0.70458,0.40916,0.308593,0.03274113,0.0343,0.023646,1.450582
gbm-50k,R,2014H1-R,2014-06-30,20260912,False,2016Q3,9,20000,650,0.657555,0.315109,0.240481,0.03116423,0.0325,0.024852,1.307753
gbm-50k,R,2014H1-R,2014-06-30,20260912,False,2016Q4,10,20000,626,0.666851,0.333702,0.277722,0.03005923,0.0313,0.024168,1.295085
gbm-50k,R,2014H1-R,2014-06-30,20260912,False,2017Q1,11,20000,629,0.679481,0.358961,0.25927,0.03016261,0.03145,0.023141,1.359039
gbm-50k,R,2014H1-R,2014-06-30,20260912,False,2017Q2,12,20000,681,0.686029,0.372058,0.284785,0.03257265,0.03405,0.023424,1.453642
gbm-50k,R,2014H1-R,2014-06-30,20260912,False,2017Q3,13,20000,584,0.692985,0.385971,0.287396,0.02794427,0.0292,0.024403,1.196591
gbm-50k,R,2014H1-R,2014-06-30,20260912,False,2017Q4,14,20000,623,0.673665,0.34733,0.263215,0.02989148,0.03115,0.023778,1.310062
gbm-50k,R,2014H1-R,2014-06-30,20260912,False,2018Q1,15,20000,638,0.67692,0.35384,0.271004,0.03060777,0.0319,0.022595,1.411826
gbm-50k,R,2014H1-R,2014-06-30,20260913,False,2014Q3,1,20000,453,0.6845,0.369,0.294456,0.02196462,0.02265,0.024721,0.916219
gbm-50k,R,2014H1-R,2014-06-30,20260913,False,2014Q4,2,20000,472,0.696949,0.393898,0.293279,0.02271155,0.0236,0.022996,1.026255
gbm-50k,R,2014H1-R,2014-06-30,20260913,False,2015Q1,3,20000,579,0.693873,0.387746,0.294845,0.02779821,0.02895,0.022795,1.270022
gbm-50k,R,2014H1-R,2014-06-30,20260913,False,2015Q2,4,20000,571,0.689753,0.379507,0.293676,0.0273559,0.02855,0.022903,1.246544
gbm-50k,R,2014H1-R,2014-06-30,20260913,False,2015Q3,5,20000,541,0.714227,0.428455,0.349888,0.02592991,0.02705,0.022466,1.204026
gbm-50k,R,2014H1-R,2014-06-30,20260913,False,2015Q4,6,20000,551,0.719825,0.43965,0.328597,0.02635941,0.02755,0.021966,1.254221
gbm-50k,R,2014H1-R,2014-06-30,20260913,False,2016Q1,7,20000,655,0.721379,0.442759,0.351389,0.03126721,0.03275,0.021824,1.500672
gbm-50k,R,2014H1-R,2014-06-30,20260913,False,2016Q2,8,20000,686,0.703681,0.407362,0.294158,0.0327664,0.0343,0.022154,1.548227
gbm-50k,R,2014H1-R,2014-06-30,20260913,False,2016Q3,9,20000,650,0.666933,0.333867,0.243975,0.03115005,0.0325,0.023289,1.395514
gbm-50k,R,2014H1-R,2014-06-30,20260913,False,2016Q4,10,20000,626,0.67286,0.345719,0.266597,0.03005586,0.0313,0.022732,1.376918
gbm-50k,R,2014H1-R,2014-06-30,20260913,False,2017Q1,11,20000,629,0.678248,0.356496,0.269445,0.03021068,0.03145,0.021777,1.444209
gbm-50k,R,2014H1-R,2014-06-30,20260913,False,2017Q2,12,20000,681,0.694376,0.388752,0.306427,0.03256418,0.03405,0.021875,1.556589
gbm-50k,R,2014H1-R,2014-06-30,20260913,False,2017Q3,13,20000,584,0.699199,0.398399,0.297763,0.02797396,0.0292,0.022717,1.285358
gbm-50k,R,2014H1-R,2014-06-30,20260913,False,2017Q4,14,20000,623,0.694884,0.389769,0.281582,0.02982736,0.03115,0.022028,1.4141
gbm-50k,R,2014H1-R,2014-06-30,20260913,False,2018Q1,15,20000,638,0.686586,0.373171,0.270232,0.03061564,0.0319,0.020986,1.520066
gbm,R,2014H2-R,2014-12-31,,False,2015Q1,1,20000,579,0.713913,0.427826,0.337186,0.02769856,0.02895,0.021619,1.339127
gbm,R,2014H2-R,2014-12-31,,False,2015Q2,2,20000,571,0.707824,0.415648,0.30294,0.02730974,0.02855,0.021641,1.319259
gbm,R,2014H2-R,2014-12-31,,False,2015Q3,3,20000,541,0.727902,0.455804,0.362689,0.02588499,0.02705,0.021341,1.267529
gbm,R,2014H2-R,2014-12-31,,False,2015Q4,4,20000,551,0.729698,0.459396,0.354364,0.02631284,0.02755,0.020405,1.350185
gbm,R,2014H2-R,2014-12-31,,False,2016Q1,5,20000,655,0.731915,0.463831,0.359758,0.03121842,0.03275,0.020353,1.609112
gbm,R,2014H2-R,2014-12-31,,False,2016Q2,6,20000,686,0.73086,0.46172,0.33836,0.03263023,0.0343,0.020225,1.695956
gbm,R,2014H2-R,2014-12-31,,False,2016Q3,7,20000,650,0.682553,0.365106,0.261093,0.03111363,0.0325,0.021373,1.520584
gbm,R,2014H2-R,2014-12-31,,False,2016Q4,8,20000,626,0.695409,0.390818,0.303716,0.02997731,0.0313,0.020854,1.500927
gbm,R,2014H2-R,2014-12-31,,False,2017Q1,9,20000,629,0.702061,0.404123,0.290425,0.0301313,0.03145,0.020185,1.558126
gbm,R,2014H2-R,2014-12-31,,False,2017Q2,10,20000,681,0.706754,0.413509,0.313597,0.03248786,0.03405,0.020148,1.690018
gbm,R,2014H2-R,2014-12-31,,False,2017Q3,11,20000,584,0.708412,0.416825,0.31044,0.02793134,0.0292,0.020845,1.400847
gbm,R,2014H2-R,2014-12-31,,False,2017Q4,12,20000,623,0.718634,0.437268,0.316132,0.0297639,0.03115,0.019934,1.562678
gbm,R,2014H2-R,2014-12-31,,False,2018Q1,13,20000,638,0.692799,0.385599,0.287517,0.03060005,0.0319,0.019005,1.678496
gbm-50k,R,2014H2-R,2014-12-31,20260911,False,2015Q1,1,20000,579,0.704743,0.409487,0.314133,0.02774685,0.02895,0.022001,1.315834
gbm-50k,R,2014H2-R,2014-12-31,20260911,False,2015Q2,2,20000,571,0.701312,0.402624,0.291364,0.02729903,0.02855,0.022039,1.295423
gbm-50k,R,2014H2-R,2014-12-31,20260911,False,2015Q3,3,20000,541,0.721112,0.442224,0.353121,0.02588578,0.02705,0.021873,1.236713
gbm-50k,R,2014H2-R,2014-12-31,20260911,False,2015Q4,4,20000,551,0.717663,0.435326,0.318345,0.02632804,0.02755,0.020922,1.316804
gbm-50k,R,2014H2-R,2014-12-31,20260911,False,2016Q1,5,20000,655,0.730525,0.46105,0.355469,0.03115278,0.03275,0.021061,1.555
gbm-50k,R,2014H2-R,2014-12-31,20260911,False,2016Q2,6,20000,686,0.724844,0.449689,0.32441,0.03260879,0.0343,0.02074,1.653803
gbm-50k,R,2014H2-R,2014-12-31,20260911,False,2016Q3,7,20000,650,0.68368,0.36736,0.287207,0.0310828,0.0325,0.021942,1.481171
gbm-50k,R,2014H2-R,2014-12-31,20260911,False,2016Q4,8,20000,626,0.694723,0.389445,0.293904,0.0299449,0.0313,0.021509,1.455218
gbm-50k,R,2014H2-R,2014-12-31,20260911,False,2017Q1,9,20000,629,0.694723,0.389447,0.278217,0.03010615,0.03145,0.020846,1.508708
gbm-50k,R,2014H2-R,2014-12-31,20260911,False,2017Q2,10,20000,681,0.697535,0.39507,0.297619,0.03246048,0.03405,0.020607,1.652312
gbm-50k,R,2014H2-R,2014-12-31,20260911,False,2017Q3,11,20000,584,0.702817,0.405635,0.296551,0.02790356,0.0292,0.021217,1.376265
gbm-50k,R,2014H2-R,2014-12-31,20260911,False,2017Q4,12,20000,623,0.720124,0.440249,0.323966,0.02970677,0.03115,0.020481,1.52093
gbm-50k,R,2014H2-R,2014-12-31,20260911,False,2018Q1,13,20000,638,0.691032,0.382064,0.271573,0.03056858,0.0319,0.019606,1.627033
gbm-50k,R,2014H2-R,2014-12-31,20260912,False,2015Q1,1,20000,579,0.703088,0.406175,0.315477,0.02775244,0.02895,0.021762,1.330275
gbm-50k,R,2014H2-R,2014-12-31,20260912,False,2015Q2,2,20000,571,0.701957,0.403914,0.293015,0.02735691,0.02855,0.021883,1.304662
gbm-50k,R,2014H2-R,2014-12-31,20260912,False,2015Q3,3,20000,541,0.72542,0.45084,0.371675,0.02589495,0.02705,0.021489,1.25878
gbm-50k,R,2014H2-R,2014-12-31,20260912,False,2015Q4,4,20000,551,0.721806,0.443612,0.33219,0.02633261,0.02755,0.020516,1.34284
gbm-50k,R,2014H2-R,2014-12-31,20260912,False,2016Q1,5,20000,655,0.728864,0.457728,0.343778,0.03123329,0.03275,0.020424,1.603491
gbm-50k,R,2014H2-R,2014-12-31,20260912,False,2016Q2,6,20000,686,0.719976,0.439953,0.34021,0.03268768,0.0343,0.020294,1.69016
gbm-50k,R,2014H2-R,2014-12-31,20260912,False,2016Q3,7,20000,650,0.677585,0.35517,0.251079,0.03113441,0.0325,0.021591,1.505247
gbm-50k,R,2014H2-R,2014-12-31,20260912,False,2016Q4,8,20000,626,0.693228,0.386456,0.312331,0.030015,0.0313,0.021006,1.490041
gbm-50k,R,2014H2-R,2014-12-31,20260912,False,2017Q1,9,20000,629,0.689621,0.379243,0.267428,0.03017844,0.03145,0.02027,1.551563
gbm-50k,R,2014H2-R,2014-12-31,20260912,False,2017Q2,10,20000,681,0.694231,0.388462,0.276982,0.03256269,0.03405,0.020389,1.670057
gbm-50k,R,2014H2-R,2014-12-31,20260912,False,2017Q3,11,20000,584,0.700512,0.401023,0.302468,0.02796207,0.0292,0.02107,1.385832
gbm-50k,R,2014H2-R,2014-12-31,20260912,False,2017Q4,12,20000,623,0.704362,0.408724,0.315377,0.02983338,0.03115,0.019941,1.562118
gbm-50k,R,2014H2-R,2014-12-31,20260912,False,2018Q1,13,20000,638,0.681139,0.362278,0.271355,0.03065521,0.0319,0.01899,1.679858
gbm-50k,R,2014H2-R,2014-12-31,20260913,False,2015Q1,1,20000,579,0.70986,0.41972,0.313763,0.02776989,0.02895,0.021458,1.34913
gbm-50k,R,2014H2-R,2014-12-31,20260913,False,2015Q2,2,20000,571,0.70347,0.406939,0.309916,0.02739668,0.02855,0.021441,1.331588
gbm-50k,R,2014H2-R,2014-12-31,20260913,False,2015Q3,3,20000,541,0.72411,0.44822,0.358447,0.02593768,0.02705,0.02126,1.272345
gbm-50k,R,2014H2-R,2014-12-31,20260913,False,2015Q4,4,20000,551,0.723778,0.447556,0.339809,0.02641443,0.02755,0.020321,1.35572
gbm-50k,R,2014H2-R,2014-12-31,20260913,False,2016Q1,5,20000,655,0.728647,0.457295,0.350681,0.03130596,0.03275,0.020126,1.627228
gbm-50k,R,2014H2-R,2014-12-31,20260913,False,2016Q2,6,20000,686,0.72888,0.45776,0.355362,0.03274647,0.0343,0.019956,1.718783
gbm-50k,R,2014H2-R,2014-12-31,20260913,False,2016Q3,7,20000,650,0.680239,0.360478,0.27137,0.03119014,0.0325,0.021105,1.539946
gbm-50k,R,2014H2-R,2014-12-31,20260913,False,2016Q4,8,20000,626,0.689388,0.378776,0.303076,0.03006146,0.0313,0.020648,1.515875
gbm-50k,R,2014H2-R,2014-12-31,20260913,False,2017Q1,9,20000,629,0.699628,0.399257,0.286086,0.03019324,0.03145,0.019851,1.584308
gbm-50k,R,2014H2-R,2014-12-31,20260913,False,2017Q2,10,20000,681,0.708948,0.417896,0.313864,0.03258067,0.03405,0.019822,1.717785
gbm-50k,R,2014H2-R,2014-12-31,20260913,False,2017Q3,11,20000,584,0.710955,0.421909,0.323898,0.02798539,0.0292,0.020386,1.432355
gbm-50k,R,2014H2-R,2014-12-31,20260913,False,2017Q4,12,20000,623,0.716938,0.433876,0.319109,0.02984621,0.03115,0.019643,1.585842
gbm-50k,R,2014H2-R,2014-12-31,20260913,False,2018Q1,13,20000,638,0.685084,0.370167,0.266579,0.03066904,0.0319,0.018803,1.696522
gbm,R,2015H1-R,2015-06-30,,False,2015Q3,1,20000,541,0.729023,0.458046,0.357183,0.0258252,0.02705,0.021975,1.23096
gbm,R,2015H1-R,2015-06-30,,False,2015Q4,2,20000,551,0.729227,0.458454,0.340873,0.0262865,0.02755,0.020815,1.323549
gbm,R,2015H1-R,2015-06-30,,False,2016Q1,3,20000,655,0.736588,0.473177,0.353368,0.03115004,0.03275,0.020811,1.573657
gbm,R,2015H1-R,2015-06-30,,False,2016Q2,4,20000,686,0.730258,0.460516,0.354928,0.03259718,0.0343,0.020666,1.659763
gbm,R,2015H1-R,2015-06-30,,False,2016Q3,5,20000,650,0.687749,0.375499,0.289521,0.03107414,0.0325,0.021972,1.479162
gbm,R,2015H1-R,2015-06-30,,False,2016Q4,6,20000,626,0.694362,0.388724,0.297666,0.02995917,0.0313,0.021324,1.467799
gbm,R,2015H1-R,2015-06-30,,False,2017Q1,7,20000,629,0.702944,0.405888,0.300977,0.0301013,0.03145,0.020455,1.53753
gbm,R,2015H1-R,2015-06-30,,False,2017Q2,8,20000,681,0.706229,0.412458,0.307533,0.03248259,0.03405,0.020302,1.67715
gbm,R,2015H1-R,2015-06-30,,False,2017Q3,9,20000,584,0.709696,0.419391,0.311727,0.02787213,0.0292,0.021175,1.378966
gbm,R,2015H1-R,2015-06-30,,False,2017Q4,10,20000,623,0.722171,0.444342,0.333057,0.02972689,0.03115,0.020215,1.540937
gbm,R,2015H1-R,2015-06-30,,False,2018Q1,11,20000,638,0.69813,0.39626,0.291673,0.03054183,0.0319,0.019318,1.651291
gbm-50k,R,2015H1-R,2015-06-30,20260911,False,2015Q3,1,20000,541,0.720871,0.441743,0.343077,0.02586649,0.02705,0.021366,1.266015
gbm-50k,R,2015H1-R,2015-06-30,20260911,False,2015Q4,2,20000,551,0.717722,0.435444,0.329627,0.02635359,0.02755,0.020246,1.360731
gbm-50k,R,2015H1-R,2015-06-30,20260911,False,2016Q1,3,20000,655,0.724261,0.448522,0.328735,0.03124277,0.03275,0.020266,1.616034
gbm-50k,R,2015H1-R,2015-06-30,20260911,False,2016Q2,4,20000,686,0.715833,0.431666,0.321802,0.03269534,0.0343,0.019992,1.715697
gbm-50k,R,2015H1-R,2015-06-30,20260911,False,2016Q3,5,20000,650,0.669238,0.338476,0.253973,0.03120745,0.0325,0.021159,1.535956
gbm-50k,R,2015H1-R,2015-06-30,20260911,False,2016Q4,6,20000,626,0.6874,0.3748,0.287207,0.03000174,0.0313,0.020566,1.521936
gbm-50k,R,2015H1-R,2015-06-30,20260911,False,2017Q1,7,20000,629,0.692893,0.385786,0.279597,0.03017246,0.03145,0.019903,1.580183
gbm-50k,R,2015H1-R,2015-06-30,20260911,False,2017Q2,8,20000,681,0.688054,0.376109,0.273974,0.03259173,0.03405,0.019876,1.713145
gbm-50k,R,2015H1-R,2015-06-30,20260911,False,2017Q3,9,20000,584,0.69898,0.397961,0.294312,0.02790985,0.0292,0.020932,1.395005
gbm-50k,R,2015H1-R,2015-06-30,20260911,False,2017Q4,10,20000,623,0.712653,0.425306,0.323239,0.02971721,0.03115,0.020043,1.554143
gbm-50k,R,2015H1-R,2015-06-30,20260911,False,2018Q1,11,20000,638,0.687365,0.37473,0.28475,0.03059693,0.0319,0.019187,1.662544
gbm-50k,R,2015H1-R,2015-06-30,20260912,False,2015Q3,1,20000,541,0.733073,0.466147,0.358362,0.02584914,0.02705,0.022024,1.22818
gbm-50k,R,2015H1-R,2015-06-30,20260912,False,2015Q4,2,20000,551,0.727898,0.455796,0.341198,0.02631084,0.02755,0.020743,1.328136
gbm-50k,R,2015H1-R,2015-06-30,20260912,False,2016Q1,3,20000,655,0.728656,0.457313,0.338987,0.03123488,0.03275,0.020769,1.576836
gbm-50k,R,2015H1-R,2015-06-30,20260912,False,2016Q2,4,20000,686,0.723424,0.446847,0.344406,0.03269446,0.0343,0.020385,1.68262
gbm-50k,R,2015H1-R,2015-06-30,20260912,False,2016Q3,5,20000,650,0.679177,0.358354,0.252518,0.03113544,0.0325,0.021572,1.506583
gbm-50k,R,2015H1-R,2015-06-30,20260912,False,2016Q4,6,20000,626,0.690976,0.381951,0.290308,0.0300244,0.0313,0.020852,1.50107
gbm-50k,R,2015H1-R,2015-06-30,20260912,False,2017Q1,7,20000,629,0.699892,0.399785,0.284543,0.03012542,0.03145,0.020077,1.566471
gbm-50k,R,2015H1-R,2015-06-30,20260912,False,2017Q2,8,20000,681,0.702557,0.405114,0.310559,0.03255493,0.03405,0.019985,1.703747
gbm-50k,R,2015H1-R,2015-06-30,20260912,False,2017Q3,9,20000,584,0.705535,0.411071,0.29627,0.02791684,0.0292,0.020627,1.415592
gbm-50k,R,2015H1-R,2015-06-30,20260912,False,2017Q4,10,20000,623,0.71625,0.432499,0.329487,0.02982482,0.03115,0.019366,1.60851
gbm-50k,R,2015H1-R,2015-06-30,20260912,False,2018Q1,11,20000,638,0.685803,0.371607,0.265339,0.03067859,0.0319,0.01842,1.731793
gbm-50k,R,2015H1-R,2015-06-30,20260913,False,2015Q3,1,20000,541,0.729167,0.458334,0.36564,0.02589449,0.02705,0.021373,1.265604
gbm-50k,R,2015H1-R,2015-06-30,20260913,False,2015Q4,2,20000,551,0.72072,0.441441,0.337141,0.02638747,0.02755,0.020355,1.353479
gbm-50k,R,2015H1-R,2015-06-30,20260913,False,2016Q1,3,20000,655,0.730163,0.460326,0.361573,0.03123857,0.03275,0.02026,1.616505
gbm-50k,R,2015H1-R,2015-06-30,20260913,False,2016Q2,4,20000,686,0.721929,0.443859,0.329767,0.03270885,0.0343,0.019867,1.726441
gbm-50k,R,2015H1-R,2015-06-30,20260913,False,2016Q3,5,20000,650,0.682464,0.364928,0.264114,0.03115855,0.0325,0.021168,1.535332
gbm-50k,R,2015H1-R,2015-06-30,20260913,False,2016Q4,6,20000,626,0.696654,0.393307,0.297332,0.03001828,0.0313,0.0207,1.512096
gbm-50k,R,2015H1-R,2015-06-30,20260913,False,2017Q1,7,20000,629,0.695456,0.390912,0.281731,0.03016228,0.03145,0.019927,1.578253
gbm-50k,R,2015H1-R,2015-06-30,20260913,False,2017Q2,8,20000,681,0.703049,0.406097,0.301065,0.03256947,0.03405,0.019851,1.71529
gbm-50k,R,2015H1-R,2015-06-30,20260913,False,2017Q3,9,20000,584,0.704407,0.408814,0.301066,0.02796984,0.0292,0.020492,1.424975
gbm-50k,R,2015H1-R,2015-06-30,20260913,False,2017Q4,10,20000,623,0.722786,0.445572,0.335514,0.02982662,0.03115,0.01922,1.620686
gbm-50k,R,2015H1-R,2015-06-30,20260913,False,2018Q1,11,20000,638,0.6899,0.379799,0.269412,0.03067249,0.0319,0.018292,1.743889
gbm,R,2015H2-R,2015-12-31,,False,2016Q1,1,20000,655,0.738167,0.476333,0.361216,0.03106891,0.03275,0.021642,1.513271
gbm,R,2015H2-R,2015-12-31,,False,2016Q2,2,20000,686,0.733723,0.467447,0.370143,0.03252374,0.0343,0.021319,1.608923
gbm,R,2015H2-R,2015-12-31,,False,2016Q3,3,20000,650,0.687719,0.375437,0.276052,0.03102876,0.0325,0.022815,1.424519
gbm,R,2015H2-R,2015-12-31,,False,2016Q4,4,20000,626,0.700329,0.400659,0.31404,0.0299171,0.0313,0.022059,1.418932
gbm,R,2015H2-R,2015-12-31,,False,2017Q1,5,20000,629,0.7071,0.4142,0.304507,0.03002388,0.03145,0.021119,1.489163
gbm,R,2015H2-R,2015-12-31,,False,2017Q2,6,20000,681,0.712643,0.425286,0.323282,0.03240185,0.03405,0.021007,1.620857
gbm,R,2015H2-R,2015-12-31,,False,2017Q3,7,20000,584,0.715048,0.430095,0.315811,0.02779425,0.0292,0.021871,1.335085
gbm,R,2015H2-R,2015-12-31,,False,2017Q4,8,20000,623,0.719417,0.438834,0.321513,0.02970762,0.03115,0.020308,1.533914
gbm,R,2015H2-R,2015-12-31,,False,2018Q1,9,20000,638,0.696686,0.393372,0.297897,0.0305843,0.0319,0.019076,1.672223
gbm-50k,R,2015H2-R,2015-12-31,20260911,False,2016Q1,1,20000,655,0.735142,0.470284,0.357017,0.03111435,0.03275,0.022442,1.459328
gbm-50k,R,2015H2-R,2015-12-31,20260911,False,2016Q2,2,20000,686,0.72877,0.457539,0.33812,0.03256714,0.0343,0.022079,1.553546
gbm-50k,R,2015H2-R,2015-12-31,20260911,False,2016Q3,3,20000,650,0.68012,0.36024,0.269298,0.03107875,0.0325,0.023535,1.380916
gbm-50k,R,2015H2-R,2015-12-31,20260911,False,2016Q4,4,20000,626,0.690018,0.380036,0.296677,0.02993982,0.0313,0.022682,1.379953
gbm-50k,R,2015H2-R,2015-12-31,20260911,False,2017Q1,5,20000,629,0.704269,0.408538,0.302306,0.03006726,0.03145,0.021864,1.438439
gbm-50k,R,2015H2-R,2015-12-31,20260911,False,2017Q2,6,20000,681,0.706648,0.413295,0.315728,0.03245025,0.03405,0.021836,1.559327
gbm-50k,R,2015H2-R,2015-12-31,20260911,False,2017Q3,7,20000,584,0.707012,0.414025,0.302055,0.02780013,0.0292,0.022724,1.285004
gbm-50k,R,2015H2-R,2015-12-31,20260911,False,2017Q4,8,20000,623,0.710571,0.421142,0.315112,0.02976308,0.03115,0.021211,1.468577
gbm-50k,R,2015H2-R,2015-12-31,20260911,False,2018Q1,9,20000,638,0.687111,0.374221,0.280371,0.03060382,0.0319,0.020101,1.586989
gbm-50k,R,2015H2-R,2015-12-31,20260912,False,2016Q1,1,20000,655,0.735936,0.471871,0.359641,0.03112213,0.03275,0.02218,1.476587
gbm-50k,R,2015H2-R,2015-12-31,20260912,False,2016Q2,2,20000,686,0.73591,0.47182,0.358565,0.0325641,0.0343,0.021792,1.573978
gbm-50k,R,2015H2-R,2015-12-31,20260912,False,2016Q3,3,20000,650,0.685773,0.371546,0.270519,0.03108717,0.0325,0.023039,1.410669
gbm-50k,R,2015H2-R,2015-12-31,20260912,False,2016Q4,4,20000,626,0.696214,0.392429,0.300635,0.02994942,0.0313,0.022414,1.396441
gbm-50k,R,2015H2-R,2015-12-31,20260912,False,2017Q1,5,20000,629,0.712134,0.424268,0.312685,0.0300413,0.03145,0.02168,1.45066
gbm-50k,R,2015H2-R,2015-12-31,20260912,False,2017Q2,6,20000,681,0.708929,0.417857,0.323391,0.03242427,0.03405,0.021603,1.576159
gbm-50k,R,2015H2-R,2015-12-31,20260912,False,2017Q3,7,20000,584,0.712714,0.425428,0.310408,0.02783222,0.0292,0.022232,1.313425
gbm-50k,R,2015H2-R,2015-12-31,20260912,False,2017Q4,8,20000,623,0.716502,0.433003,0.326679,0.02979357,0.03115,0.020839,1.494775
gbm-50k,R,2015H2-R,2015-12-31,20260912,False,2018Q1,9,20000,638,0.683519,0.367038,0.275429,0.03065037,0.0319,0.01973,1.6168
gbm-50k,R,2015H2-R,2015-12-31,20260913,False,2016Q1,1,20000,655,0.730918,0.461836,0.361905,0.03119317,0.03275,0.021001,1.559437
gbm-50k,R,2015H2-R,2015-12-31,20260913,False,2016Q2,2,20000,686,0.726858,0.453715,0.33957,0.03264522,0.0343,0.020662,1.660065
gbm-50k,R,2015H2-R,2015-12-31,20260913,False,2016Q3,3,20000,650,0.67805,0.3561,0.25515,0.03114445,0.0325,0.021938,1.481476
gbm-50k,R,2015H2-R,2015-12-31,20260913,False,2016Q4,4,20000,626,0.691852,0.383704,0.298203,0.02998327,0.0313,0.021237,1.473869
gbm-50k,R,2015H2-R,2015-12-31,20260913,False,2017Q1,5,20000,629,0.698537,0.397074,0.290732,0.03013301,0.03145,0.020478,1.535809
gbm-50k,R,2015H2-R,2015-12-31,20260913,False,2017Q2,6,20000,681,0.705065,0.41013,0.306315,0.03251318,0.03405,0.020453,1.664761
gbm-50k,R,2015H2-R,2015-12-31,20260913,False,2017Q3,7,20000,584,0.704159,0.408318,0.294948,0.02789801,0.0292,0.021156,1.380224
gbm-50k,R,2015H2-R,2015-12-31,20260913,False,2017Q4,8,20000,623,0.716425,0.432851,0.32723,0.02979717,0.03115,0.01987,1.567656
gbm-50k,R,2015H2-R,2015-12-31,20260913,False,2018Q1,9,20000,638,0.687065,0.374131,0.290817,0.03065754,0.0319,0.018553,1.719389
gbm,R,2016H1-R,2016-06-30,,False,2016Q3,1,20000,650,0.697727,0.395455,0.281749,0.0308898,0.0325,0.025471,1.275966
gbm,R,2016H1-R,2016-06-30,,False,2016Q4,2,20000,626,0.707495,0.41499,0.318734,0.02978276,0.0313,0.024606,1.272055
gbm,R,2016H1-R,2016-06-30,,False,2017Q1,3,20000,629,0.715251,0.430502,0.326331,0.02989399,0.03145,0.023558,1.335007
gbm,R,2016H1-R,2016-06-30,,False,2017Q2,4,20000,681,0.722609,0.445218,0.320517,0.03219754,0.03405,0.023339,1.458921
gbm,R,2016H1-R,2016-06-30,,False,2017Q3,5,20000,584,0.723989,0.447979,0.320839,0.02765704,0.0292,0.024108,1.211211
gbm,R,2016H1-R,2016-06-30,,False,2017Q4,6,20000,623,0.726363,0.452726,0.328044,0.02955745,0.03115,0.022056,1.412309
gbm,R,2016H1-R,2016-06-30,,False,2018Q1,7,20000,638,0.695509,0.391018,0.296119,0.03050538,0.0319,0.020594,1.549025
gbm-50k,R,2016H1-R,2016-06-30,20260911,False,2016Q3,1,20000,650,0.687915,0.37583,0.270423,0.03099877,0.0325,0.024644,1.318775
gbm-50k,R,2016H1-R,2016-06-30,20260911,False,2016Q4,2,20000,626,0.692649,0.385298,0.296103,0.02994792,0.0313,0.023849,1.312446
gbm-50k,R,2016H1-R,2016-06-30,20260911,False,2017Q1,3,20000,629,0.708039,0.416077,0.304633,0.03003905,0.03145,0.022962,1.369635
gbm-50k,R,2016H1-R,2016-06-30,20260911,False,2017Q2,4,20000,681,0.712345,0.42469,0.314096,0.03237016,0.03405,0.022782,1.494621
gbm-50k,R,2016H1-R,2016-06-30,20260911,False,2017Q3,5,20000,584,0.720181,0.440363,0.308289,0.02774238,0.0292,0.023499,1.24259
gbm-50k,R,2016H1-R,2016-06-30,20260911,False,2017Q4,6,20000,623,0.712905,0.425811,0.322017,0.02969314,0.03115,0.022066,1.411691
gbm-50k,R,2016H1-R,2016-06-30,20260911,False,2018Q1,7,20000,638,0.68878,0.377559,0.292486,0.03055852,0.0319,0.020836,1.531026
gbm-50k,R,2016H1-R,2016-06-30,20260912,False,2016Q3,1,20000,650,0.684994,0.369988,0.273087,0.03100039,0.0325,0.025988,1.250559
gbm-50k,R,2016H1-R,2016-06-30,20260912,False,2016Q4,2,20000,626,0.700237,0.400474,0.316755,0.02987618,0.0313,0.025161,1.244005
gbm-50k,R,2016H1-R,2016-06-30,20260912,False,2017Q1,3,20000,629,0.705567,0.411134,0.298343,0.02998123,0.03145,0.024064,1.306909
gbm-50k,R,2016H1-R,2016-06-30,20260912,False,2017Q2,4,20000,681,0.706366,0.412732,0.301106,0.03237301,0.03405,0.023974,1.4203
gbm-50k,R,2016H1-R,2016-06-30,20260912,False,2017Q3,5,20000,584,0.710103,0.420206,0.30647,0.02777804,0.0292,0.024619,1.186077
gbm-50k,R,2016H1-R,2016-06-30,20260912,False,2017Q4,6,20000,623,0.718892,0.437784,0.323999,0.02967534,0.03115,0.023016,1.353393
gbm-50k,R,2016H1-R,2016-06-30,20260912,False,2018Q1,7,20000,638,0.683907,0.367814,0.274939,0.03054135,0.0319,0.021909,1.456007
gbm-50k,R,2016H1-R,2016-06-30,20260913,False,2016Q3,1,20000,650,0.692082,0.384163,0.282588,0.03093335,0.0325,0.025792,1.260073
gbm-50k,R,2016H1-R,2016-06-30,20260913,False,2016Q4,2,20000,626,0.701147,0.402295,0.305112,0.02985252,0.0313,0.025152,1.244411
gbm-50k,R,2016H1-R,2016-06-30,20260913,False,2017Q1,3,20000,629,0.707944,0.415887,0.313313,0.02992464,0.03145,0.024186,1.30032
gbm-50k,R,2016H1-R,2016-06-30,20260913,False,2017Q2,4,20000,681,0.711139,0.422278,0.311429,0.03227125,0.03405,0.023884,1.425635
gbm-50k,R,2016H1-R,2016-06-30,20260913,False,2017Q3,5,20000,584,0.721634,0.443268,0.321931,0.0277017,0.0292,0.024714,1.181496
gbm-50k,R,2016H1-R,2016-06-30,20260913,False,2017Q4,6,20000,623,0.728035,0.456069,0.347766,0.02959001,0.03115,0.022767,1.368215
gbm-50k,R,2016H1-R,2016-06-30,20260913,False,2018Q1,7,20000,638,0.690887,0.381774,0.287894,0.03053166,0.0319,0.021429,1.488666
gbm,R,2016H2-R,2016-12-31,,False,2017Q1,1,20000,629,0.719856,0.439711,0.335351,0.02985079,0.03145,0.025833,1.217416
gbm,R,2016H2-R,2016-12-31,,False,2017Q2,2,20000,681,0.725003,0.450006,0.324789,0.0320746,0.03405,0.025487,1.33595
gbm,R,2016H2-R,2016-12-31,,False,2017Q3,3,20000,584,0.730165,0.460331,0.336074,0.0275894,0.0292,0.026555,1.099622
gbm,R,2016H2-R,2016-12-31,,False,2017Q4,4,20000,623,0.731699,0.463397,0.345335,0.0294214,0.03115,0.024374,1.277976
gbm,R,2016H2-R,2016-12-31,,False,2018Q1,5,20000,638,0.698367,0.396734,0.285459,0.03038725,0.0319,0.022788,1.399881
gbm-50k,R,2016H2-R,2016-12-31,20260911,False,2017Q1,1,20000,629,0.704619,0.409237,0.309241,0.02993579,0.03145,0.026528,1.185535
gbm-50k,R,2016H2-R,2016-12-31,20260911,False,2017Q2,2,20000,681,0.71378,0.42756,0.317839,0.03218278,0.03405,0.026186,1.300291
gbm-50k,R,2016H2-R,2016-12-31,20260911,False,2017Q3,3,20000,584,0.71907,0.438139,0.322966,0.02768586,0.0292,0.02725,1.071574
gbm-50k,R,2016H2-R,2016-12-31,20260911,False,2017Q4,4,20000,623,0.72755,0.455101,0.340425,0.02947438,0.03115,0.025205,1.235862
gbm-50k,R,2016H2-R,2016-12-31,20260911,False,2018Q1,5,20000,638,0.689358,0.378716,0.271146,0.03045856,0.0319,0.023605,1.351381
gbm-50k,R,2016H2-R,2016-12-31,20260912,False,2017Q1,1,20000,629,0.710071,0.420142,0.315688,0.02992248,0.03145,0.025779,1.219997
gbm-50k,R,2016H2-R,2016-12-31,20260912,False,2017Q2,2,20000,681,0.708225,0.416451,0.299452,0.03229662,0.03405,0.025502,1.335178
gbm-50k,R,2016H2-R,2016-12-31,20260912,False,2017Q3,3,20000,584,0.718776,0.437553,0.31912,0.0277103,0.0292,0.026266,1.111706
gbm-50k,R,2016H2-R,2016-12-31,20260912,False,2017Q4,4,20000,623,0.720527,0.441053,0.333326,0.02961769,0.03115,0.024602,1.266149
gbm-50k,R,2016H2-R,2016-12-31,20260912,False,2018Q1,5,20000,638,0.684599,0.369197,0.28305,0.03050746,0.0319,0.023294,1.369454
gbm-50k,R,2016H2-R,2016-12-31,20260913,False,2017Q1,1,20000,629,0.709682,0.419365,0.324344,0.02994819,0.03145,0.025379,1.239229
gbm-50k,R,2016H2-R,2016-12-31,20260913,False,2017Q2,2,20000,681,0.709482,0.418963,0.31169,0.03226042,0.03405,0.025207,1.350813
gbm-50k,R,2016H2-R,2016-12-31,20260913,False,2017Q3,3,20000,584,0.717319,0.434639,0.308648,0.02763013,0.0292,0.026419,1.105259
gbm-50k,R,2016H2-R,2016-12-31,20260913,False,2017Q4,4,20000,623,0.72231,0.44462,0.327384,0.02959341,0.03115,0.023882,1.30431
gbm-50k,R,2016H2-R,2016-12-31,20260913,False,2018Q1,5,20000,638,0.681792,0.363585,0.264928,0.03053475,0.0319,0.022273,1.432224
gbm,R,2017H1-R,2017-06-30,,False,2017Q3,1,20000,584,0.73227,0.464539,0.350025,0.02760045,0.0292,0.030112,0.969701
gbm,R,2017H1-R,2017-06-30,,False,2017Q4,2,20000,623,0.735515,0.471031,0.353935,0.02930835,0.03115,0.02765,1.12658
gbm,R,2017H1-R,2017-06-30,,False,2018Q1,3,20000,638,0.704648,0.409295,0.297296,0.03030304,0.0319,0.025939,1.229786
gbm-50k,R,2017H1-R,2017-06-30,20260911,False,2017Q3,1,20000,584,0.718498,0.436995,0.327913,0.0276449,0.0292,0.031083,0.939429
gbm-50k,R,2017H1-R,2017-06-30,20260911,False,2017Q4,2,20000,623,0.720011,0.440021,0.329079,0.02940252,0.03115,0.027951,1.114456
gbm-50k,R,2017H1-R,2017-06-30,20260911,False,2018Q1,3,20000,638,0.687325,0.374651,0.26551,0.03038711,0.0319,0.026083,1.223032
gbm-50k,R,2017H1-R,2017-06-30,20260912,False,2017Q3,1,20000,584,0.721079,0.442159,0.346681,0.02765933,0.0292,0.029102,1.003367
gbm-50k,R,2017H1-R,2017-06-30,20260912,False,2017Q4,2,20000,623,0.726939,0.453878,0.333923,0.02942951,0.03115,0.027182,1.145968
gbm-50k,R,2017H1-R,2017-06-30,20260912,False,2018Q1,3,20000,638,0.694087,0.388173,0.28289,0.03034731,0.0319,0.025521,1.249943
gbm-50k,R,2017H1-R,2017-06-30,20260913,False,2017Q3,1,20000,584,0.716129,0.432258,0.319146,0.02763491,0.0292,0.0292,1.000016
gbm-50k,R,2017H1-R,2017-06-30,20260913,False,2017Q4,2,20000,623,0.720093,0.440186,0.329769,0.02950814,0.03115,0.026985,1.154346
gbm-50k,R,2017H1-R,2017-06-30,20260913,False,2018Q1,3,20000,638,0.689412,0.378824,0.270403,0.0303559,0.0319,0.025494,1.251294
