model,arm,build_id,context_seed,context_is_whole_pool,train_rows,fit_rows,validation_quarters,validation_rows,validation_logloss,rounds,num_leaves,learning_rate,min_child_samples,feature_fraction,fit_seconds,notes
gbm,E,2013H1-E,,False,50609,40162,2012Q2,10447,0.12307956,100,31,0.03,1000,1.0,27.74,"the chosen point sits on the grid's edge: num_leaves=31, feature_fraction=1.0 | chosen over the runner-up by 1.33e-05 in log-loss"
gbm-50k,E,2013H1-E,20260911,False,50000,39655,2012Q2,10345,0.12289007,97,31,0.03,1000,1.0,2.27,
gbm-50k,E,2013H1-E,20260912,False,50000,39670,2012Q2,10330,0.12305183,93,31,0.03,1000,1.0,2.11,
gbm-50k,E,2013H1-E,20260913,False,50000,39665,2012Q2,10335,0.12419847,137,31,0.03,1000,1.0,2.54,
gbm,E,2013H2-E,,False,85453,66742,2012Q4,18711,0.10664176,36,15,0.1,1000,0.4,30.16,the chosen point sits on the grid's edge: feature_fraction=0.4 | chosen over the runner-up by 5.97e-05 in log-loss
gbm-50k,E,2013H2-E,20260911,False,50000,39049,2012Q4,10951,0.10115682,29,15,0.1,1000,0.4,1.09,every search point stopped within the early-stopping patience; the learning rates in the grid are too high for this pool
gbm-50k,E,2013H2-E,20260912,False,50000,39118,2012Q4,10882,0.11115166,19,15,0.1,1000,0.4,1.08,every search point stopped within the early-stopping patience; the learning rates in the grid are too high for this pool
gbm-50k,E,2013H2-E,20260913,False,50000,38990,2012Q4,11010,0.10599426,51,15,0.1,1000,0.4,1.41,
gbm,E,2014H1-E,,False,138827,108159,2013Q2,30668,0.10605844,36,31,0.1,1000,1.0,54.91,"the chosen point sits on the grid's edge: num_leaves=31, feature_fraction=1.0 | chosen over the runner-up by 5.35e-05 in log-loss"
gbm-50k,E,2014H1-E,20260911,False,50000,38932,2013Q2,11068,0.1123236,25,31,0.1,1000,1.0,1.33,every search point stopped within the early-stopping patience; the learning rates in the grid are too high for this pool
gbm-50k,E,2014H1-E,20260912,False,50000,38951,2013Q2,11049,0.1091724,21,31,0.1,1000,1.0,1.25,every search point stopped within the early-stopping patience; the learning rates in the grid are too high for this pool
gbm-50k,E,2014H1-E,20260913,False,50000,39064,2013Q2,10936,0.11038561,19,31,0.1,1000,1.0,1.09,every search point stopped within the early-stopping patience; the learning rates in the grid are too high for this pool
gbm,E,2014H2-E,,False,220267,138827,2013Q3 2013Q4,81440,0.09647101,259,15,0.03,1000,0.6,103.34,chosen over the runner-up by 6.00e-06 in log-loss
gbm-50k,E,2014H2-E,20260911,False,50000,31485,2013Q3 2013Q4,18515,0.09824192,116,15,0.03,1000,0.6,1.84,
gbm-50k,E,2014H2-E,20260912,False,50000,31539,2013Q3 2013Q4,18461,0.09258833,173,15,0.03,1000,0.6,2.39,
gbm-50k,E,2014H2-E,20260913,False,50000,31482,2013Q3 2013Q4,18518,0.09195562,101,15,0.03,1000,0.6,1.78,
gbm,E,2015H1-E,,False,323026,220267,2014Q1 2014Q2,102759,0.10431214,241,7,0.1,1000,0.6,180.61,the chosen point sits on the grid's edge: num_leaves=7 | chosen over the runner-up by 2.99e-05 in log-loss
gbm-50k,E,2015H1-E,20260911,False,50000,34099,2014Q1 2014Q2,15901,0.10566031,44,7,0.1,1000,0.6,1.07,every search point stopped within the early-stopping patience; the learning rates in the grid are too high for this pool
gbm-50k,E,2015H1-E,20260912,False,50000,34121,2014Q1 2014Q2,15879,0.10215046,59,7,0.1,1000,0.6,1.19,
gbm-50k,E,2015H1-E,20260913,False,50000,34038,2014Q1 2014Q2,15962,0.1041444,51,7,0.1,1000,0.6,1.26,
gbm,E,2015H2-E,,False,455896,323026,2014Q3 2014Q4,132870,0.10561885,280,31,0.03,1000,0.4,248.91,"the chosen point sits on the grid's edge: num_leaves=31, feature_fraction=0.4 | chosen over the runner-up by 1.16e-05 in log-loss"
gbm-50k,E,2015H2-E,20260911,False,50000,35165,2014Q3 2014Q4,14835,0.10796256,133,31,0.03,1000,0.4,2.2,
gbm-50k,E,2015H2-E,20260912,False,50000,35382,2014Q3 2014Q4,14618,0.1052719,122,31,0.03,1000,0.4,2.13,
gbm-50k,E,2015H2-E,20260913,False,50000,35393,2014Q3 2014Q4,14607,0.11116809,132,31,0.03,1000,0.4,2.16,
gbm,E,2016H1-E,,False,635998,455896,2015Q1 2015Q2,180102,0.11848026,315,7,0.1,1000,0.6,439.09,the chosen point sits on the grid's edge: num_leaves=7 | chosen over the runner-up by 9.80e-06 in log-loss
gbm-50k,E,2016H1-E,20260911,False,50000,35947,2015Q1 2015Q2,14053,0.11873887,50,7,0.1,1000,0.6,1.27,every search point stopped within the early-stopping patience; the learning rates in the grid are too high for this pool
gbm-50k,E,2016H1-E,20260912,False,50000,35873,2015Q1 2015Q2,14127,0.11647171,42,7,0.1,1000,0.6,1.16,every search point stopped within the early-stopping patience; the learning rates in the grid are too high for this pool
gbm-50k,E,2016H1-E,20260913,False,50000,35915,2015Q1 2015Q2,14085,0.12008173,42,7,0.1,1000,0.6,1.22,every search point stopped within the early-stopping patience; the learning rates in the grid are too high for this pool
gbm,E,2016H2-E,,False,876991,635998,2015Q3 2015Q4,240993,0.1156594,648,15,0.03,1000,1.0,757.56,the chosen point sits on the grid's edge: feature_fraction=1.0 | chosen over the runner-up by 7.07e-06 in log-loss
gbm-50k,E,2016H2-E,20260911,False,50000,36145,2015Q3 2015Q4,13855,0.11030597,106,15,0.03,1000,1.0,1.84,
gbm-50k,E,2016H2-E,20260912,False,50000,36165,2015Q3 2015Q4,13835,0.10869001,149,15,0.03,1000,1.0,2.27,
gbm-50k,E,2016H2-E,20260913,False,50000,36319,2015Q3 2015Q4,13681,0.11277124,103,15,0.03,1000,1.0,1.86,
gbm,E,2017H1-E,,False,1108732,876991,2016Q1 2016Q2,231741,0.13458406,627,31,0.03,1000,0.4,1232.67,"the chosen point sits on the grid's edge: num_leaves=31, feature_fraction=0.4 | chosen over the runner-up by 3.48e-06 in log-loss"
gbm-50k,E,2017H1-E,20260911,False,50000,39467,2016Q1 2016Q2,10533,0.13221329,92,31,0.03,1000,0.4,1.89,
gbm-50k,E,2017H1-E,20260912,False,50000,39553,2016Q1 2016Q2,10447,0.13294298,130,31,0.03,1000,0.4,2.21,
gbm-50k,E,2017H1-E,20260913,False,50000,39467,2016Q1 2016Q2,10533,0.13213593,161,31,0.03,1000,0.4,2.48,
gbm,R,2013H1-R,,False,31016,20569,2012Q2,10447,0.1229914,77,7,0.1,1000,0.4,12.53,"the chosen point sits on the grid's edge: num_leaves=7, feature_fraction=0.4 | chosen over the runner-up by 3.40e-04 in log-loss"
gbm-50k,R,2013H1-R,20260911,True,31016,20569,2012Q2,10447,0.1229914,77,7,0.1,1000,0.4,0.75,
gbm-50k,R,2013H1-R,20260912,True,31016,20569,2012Q2,10447,0.1229914,77,7,0.1,1000,0.4,0.81,
gbm-50k,R,2013H1-R,20260913,True,31016,20569,2012Q2,10447,0.1229914,77,7,0.1,1000,0.4,0.83,
gbm,R,2013H2-R,,False,53367,34656,2012Q4,18711,0.1067979,126,31,0.03,1000,0.4,19.55,"the chosen point sits on the grid's edge: num_leaves=31, feature_fraction=0.4 | chosen over the runner-up by 2.38e-05 in log-loss"
gbm-50k,R,2013H2-R,20260911,False,50000,32470,2012Q4,17530,0.1055556,113,31,0.03,1000,0.4,2.06,
gbm-50k,R,2013H2-R,20260912,False,50000,32477,2012Q4,17523,0.10476409,104,31,0.03,1000,0.4,1.99,
gbm-50k,R,2013H2-R,20260913,False,50000,32539,2012Q4,17461,0.10918551,113,31,0.03,1000,0.4,1.97,
gbm,R,2014H1-R,,False,88218,57550,2013Q2,30668,0.10619702,57,7,0.1,1000,1.0,30.65,"the chosen point sits on the grid's edge: num_leaves=7, feature_fraction=1.0 | chosen over the runner-up by 1.15e-04 in log-loss"
gbm-50k,R,2014H1-R,20260911,False,50000,32666,2013Q2,17334,0.10194964,36,7,0.1,1000,1.0,0.99,every search point stopped within the early-stopping patience; the learning rates in the grid are too high for this pool
gbm-50k,R,2014H1-R,20260912,False,50000,32660,2013Q2,17340,0.11133735,35,7,0.1,1000,1.0,0.98,every search point stopped within the early-stopping patience; the learning rates in the grid are too high for this pool
gbm-50k,R,2014H1-R,20260913,False,50000,32597,2013Q2,17403,0.10457722,40,7,0.1,1000,1.0,1.06,every search point stopped within the early-stopping patience; the learning rates in the grid are too high for this pool
gbm,R,2014H2-R,,False,134814,90945,2013Q4,43869,0.09053629,90,7,0.1,1000,0.6,48.43,the chosen point sits on the grid's edge: num_leaves=7 | chosen over the runner-up by 4.90e-05 in log-loss
gbm-50k,R,2014H2-R,20260911,False,50000,33683,2013Q4,16317,0.09081233,78,7,0.1,1000,0.6,1.31,
gbm-50k,R,2014H2-R,20260912,False,50000,33732,2013Q4,16268,0.08934756,61,7,0.1,1000,0.6,1.3,
gbm-50k,R,2014H2-R,20260913,False,50000,33723,2013Q4,16277,0.08855786,28,7,0.1,1000,0.6,0.92,every search point stopped within the early-stopping patience; the learning rates in the grid are too high for this pool
gbm,R,2015H1-R,,False,184199,128850,2014Q2,55349,0.10767993,350,7,0.03,1000,0.6,76.55,the chosen point sits on the grid's edge: num_leaves=7 | chosen over the runner-up by 5.96e-05 in log-loss
gbm-50k,R,2015H1-R,20260911,False,50000,34878,2014Q2,15122,0.10544468,322,7,0.03,1000,0.6,2.69,
gbm-50k,R,2015H1-R,20260912,False,50000,35032,2014Q2,14968,0.10738788,106,7,0.03,1000,0.6,1.52,
gbm-50k,R,2015H1-R,20260913,False,50000,34909,2014Q2,15091,0.11323804,156,7,0.03,1000,0.6,1.77,
gbm,R,2015H2-R,,False,235629,161485,2014Q4,74144,0.10560887,93,7,0.1,1000,0.6,80.57,the chosen point sits on the grid's edge: num_leaves=7 | chosen over the runner-up by 2.65e-05 in log-loss
gbm-50k,R,2015H2-R,20260911,False,50000,34319,2014Q4,15681,0.10889604,37,7,0.1,1000,0.6,1.03,every search point stopped within the early-stopping patience; the learning rates in the grid are too high for this pool
gbm-50k,R,2015H2-R,20260912,False,50000,34420,2014Q4,15580,0.10197629,31,7,0.1,1000,0.6,0.97,every search point stopped within the early-stopping patience; the learning rates in the grid are too high for this pool
gbm-50k,R,2015H2-R,20260913,False,50000,34220,2014Q4,15780,0.10623125,40,7,0.1,1000,0.6,1.18,every search point stopped within the early-stopping patience; the learning rates in the grid are too high for this pool
gbm,R,2016H1-R,,False,312972,217147,2015Q2,95825,0.11834664,611,7,0.03,1000,0.4,179.52,"the chosen point sits on the grid's edge: num_leaves=7, feature_fraction=0.4 | chosen over the runner-up by 1.44e-05 in log-loss"
gbm-50k,R,2016H1-R,20260911,False,50000,34554,2015Q2,15446,0.12531926,151,7,0.03,1000,0.4,1.64,
gbm-50k,R,2016H1-R,20260912,False,50000,34489,2015Q2,15511,0.11757375,119,7,0.03,1000,0.4,1.51,
gbm-50k,R,2016H1-R,20260913,False,50000,34867,2015Q2,15133,0.11925998,303,7,0.03,1000,0.4,2.42,
gbm,R,2016H2-R,,False,421095,290591,2015Q4,130504,0.11861073,324,15,0.03,1000,0.6,218.23,chosen over the runner-up by 3.95e-06 in log-loss
gbm-50k,R,2016H2-R,20260911,False,50000,34592,2015Q4,15408,0.12121508,165,15,0.03,1000,0.6,2.28,
gbm-50k,R,2016H2-R,20260912,False,50000,34397,2015Q4,15603,0.12177892,90,15,0.03,1000,0.6,1.74,
gbm-50k,R,2016H2-R,20260913,False,50000,34633,2015Q4,15367,0.12707673,117,15,0.03,1000,0.6,1.89,
gbm,R,2017H1-R,,False,472734,374880,2016Q2,97854,0.13787602,227,31,0.03,1000,0.6,287.64,the chosen point sits on the grid's edge: num_leaves=31 | chosen over the runner-up by 5.48e-05 in log-loss
gbm-50k,R,2017H1-R,20260911,False,50000,39750,2016Q2,10250,0.13523531,122,31,0.03,1000,0.6,2.34,
gbm-50k,R,2017H1-R,20260912,False,50000,39609,2016Q2,10391,0.1380878,126,31,0.03,1000,0.6,2.37,
gbm-50k,R,2017H1-R,20260913,False,50000,39475,2016Q2,10525,0.13872082,127,31,0.03,1000,0.6,2.57,
