build_date,arm,draw,num_leaves,learning_rate,min_child_samples,feature_fraction,rounds,validation_quarters,validation_rows,criterion_cells,mean_deviation,score_run
2004H2,E,20260911,7,0.03,200,1.0,216,2002Q1 2002Q2 2002Q3,10230,33,0.17454004784518382,experiments/2026-09-13-fm-2004h2e-scores
2004H2,E,20260912,7,0.03,200,1.0,138,2002Q1 2002Q2 2002Q3,10390,33,0.12488238960210322,experiments/2026-09-13-fm-2004h2e-scores
2004H2,E,20260913,7,0.03,200,1.0,227,2002Q1 2002Q2 2002Q3,10371,33,0.2610458443065778,experiments/2026-09-13-fm-2004h2e-scores
2004H2,R,20260911,7,0.1,1000,0.6,64,2002Q2 2002Q3,12542,33,0.23691474551947894,experiments/2026-09-13-fm-2004h2r-scores
2004H2,R,20260912,7,0.1,1000,0.6,50,2002Q2 2002Q3,12571,33,0.2589434830778852,experiments/2026-09-13-fm-2004h2r-scores
2004H2,R,20260913,7,0.1,1000,0.6,63,2002Q2 2002Q3,12574,33,0.2503442911409231,experiments/2026-09-13-fm-2004h2r-scores
2006H2,E,20260911,15,0.1,1000,0.4,45,2003Q4 2004Q1 2004Q2 2004Q3,8778,29,0.15552142223912152,experiments/2026-09-13-fm-2006h2e-scores
2006H2,E,20260912,15,0.1,1000,0.4,40,2003Q4 2004Q1 2004Q2 2004Q3,8947,29,0.12108526198159204,experiments/2026-09-13-fm-2006h2e-scores
2006H2,E,20260913,15,0.1,1000,0.4,32,2003Q4 2004Q1 2004Q2 2004Q3,8870,29,0.14358113964449998,experiments/2026-09-13-fm-2006h2e-scores
2006H2,R,20260911,7,0.1,1000,0.4,39,2004Q2 2004Q3,12410,29,0.13115504089043056,experiments/2026-09-13-fm-2006h2r-scores
2006H2,R,20260912,7,0.1,1000,0.4,64,2004Q2 2004Q3,12435,29,0.32272916980028843,experiments/2026-09-13-fm-2006h2r-scores
2006H2,R,20260913,7,0.1,1000,0.4,64,2004Q2 2004Q3,12389,29,0.292775386566727,experiments/2026-09-13-fm-2006h2r-scores
2008H2,E,20260911,7,0.03,200,0.6,95,2005Q4 2006Q1 2006Q2 2006Q3,6343,25,0.16620625071644377,experiments/2026-09-13-fm-2008h2e-scores
2008H2,E,20260912,7,0.03,200,0.6,60,2005Q4 2006Q1 2006Q2 2006Q3,6414,25,0.39037542950914345,experiments/2026-09-13-fm-2008h2e-scores
2008H2,E,20260913,7,0.03,200,0.6,128,2005Q4 2006Q1 2006Q2 2006Q3,6419,25,0.10434101146351084,experiments/2026-09-13-fm-2008h2e-scores
2008H2,R,20260911,7,0.1,1000,0.4,50,2006Q2 2006Q3,12378,25,0.12683288807614218,experiments/2026-09-13-fm-2008h2r-scores
2008H2,R,20260912,7,0.1,1000,0.4,50,2006Q2 2006Q3,12311,25,0.16711634085502555,experiments/2026-09-13-fm-2008h2r-scores
2008H2,R,20260913,7,0.1,1000,0.4,44,2006Q2 2006Q3,12439,25,0.12356859672136589,experiments/2026-09-13-fm-2008h2r-scores
2010H2,E,20260911,15,0.1,1000,0.4,29,2007Q4 2008Q1 2008Q2 2008Q3,5143,21,0.19850079343186053,experiments/2026-09-13-fm-2010h2e-scores
2010H2,E,20260912,15,0.1,1000,0.4,39,2007Q4 2008Q1 2008Q2 2008Q3,5277,21,0.15056228191307397,experiments/2026-09-13-fm-2010h2e-scores
2010H2,E,20260913,15,0.1,1000,0.4,41,2007Q4 2008Q1 2008Q2 2008Q3,5361,21,0.13665483037870094,experiments/2026-09-13-fm-2010h2e-scores
2010H2,R,20260911,15,0.03,200,0.4,227,2008Q2 2008Q3,12723,21,0.2815177610660358,experiments/2026-09-13-fm-2010h2r-scores
2010H2,R,20260912,15,0.03,200,0.4,242,2008Q2 2008Q3,12834,21,0.30682289414881014,experiments/2026-09-13-fm-2010h2r-scores
2010H2,R,20260913,15,0.03,200,0.4,243,2008Q2 2008Q3,12804,21,0.3078985022971417,experiments/2026-09-13-fm-2010h2r-scores
2012H2,E,20260911,7,0.1,1000,0.6,64,2009Q4 2010Q1 2010Q2 2010Q3,4367,17,0.2199694796385772,experiments/2026-09-13-fm-2012h2e-scores
2012H2,E,20260912,7,0.1,1000,0.6,39,2009Q4 2010Q1 2010Q2 2010Q3,4441,17,0.12368991867276664,experiments/2026-09-13-fm-2012h2e-scores
2012H2,E,20260913,7,0.1,1000,0.6,39,2009Q4 2010Q1 2010Q2 2010Q3,4311,17,0.1270977032108913,experiments/2026-09-13-fm-2012h2e-scores
2012H2,R,20260911,15,0.03,1000,0.4,92,2010Q2 2010Q3,12522,17,0.12076248960213495,experiments/2026-09-13-fm-2012h2r-scores
2012H2,R,20260912,15,0.03,1000,0.4,92,2010Q2 2010Q3,12410,17,0.13903137370625918,experiments/2026-09-13-fm-2012h2r-scores
2012H2,R,20260913,15,0.03,1000,0.4,108,2010Q2 2010Q3,12495,17,0.11534694767264127,experiments/2026-09-13-fm-2012h2r-scores
2014H2,E,20260911,7,0.03,1000,0.4,121,2011Q4 2012Q1 2012Q2 2012Q3,3600,15,0.1863727683463122,experiments/2026-09-13-fm-2014h2e-scores
2014H2,E,20260912,7,0.03,1000,0.4,121,2011Q4 2012Q1 2012Q2 2012Q3,3684,15,0.21210125466015314,experiments/2026-09-13-fm-2014h2e-scores
2014H2,E,20260913,7,0.03,1000,0.4,121,2011Q4 2012Q1 2012Q2 2012Q3,3652,15,0.16475675544749951,experiments/2026-09-13-fm-2014h2e-scores
2014H2,R,20260911,15,0.03,1000,0.4,80,2012Q2 2012Q3,12477,15,0.12101698630772113,experiments/2026-09-13-fm-2014h2r-scores
2014H2,R,20260912,15,0.03,1000,0.4,93,2012Q2 2012Q3,12637,15,0.11518577294349203,experiments/2026-09-13-fm-2014h2r-scores
2014H2,R,20260913,15,0.03,1000,0.4,79,2012Q2 2012Q3,12473,15,0.1777778570947853,experiments/2026-09-13-fm-2014h2r-scores
2016H2,E,20260911,15,0.1,1000,1.0,15,2013Q4 2014Q1 2014Q2 2014Q3,3243,12,0.15972896290778826,experiments/2026-09-13-fm-2016h2e-scores
2016H2,E,20260912,15,0.1,1000,1.0,21,2013Q4 2014Q1 2014Q2 2014Q3,3196,12,0.13634002198187048,experiments/2026-09-13-fm-2016h2e-scores
2016H2,E,20260913,15,0.1,1000,1.0,70,2013Q4 2014Q1 2014Q2 2014Q3,3251,12,0.27665524506386613,experiments/2026-09-13-fm-2016h2e-scores
2016H2,R,20260911,7,0.1,1000,0.4,40,2014Q2 2014Q3,12600,12,0.10658545947351557,experiments/2026-09-13-fm-2016h2r-scores
2016H2,R,20260912,7,0.1,1000,0.4,60,2014Q2 2014Q3,12369,12,0.12782671272999582,experiments/2026-09-13-fm-2016h2r-scores
2016H2,R,20260913,7,0.1,1000,0.4,50,2014Q2 2014Q3,12464,12,0.12035660055535578,experiments/2026-09-13-fm-2016h2r-scores
2018H2,E,20260911,31,0.1,200,0.6,167,2015Q4 2016Q1 2016Q2 2016Q3,2940,8,0.5859069710131012,experiments/2026-09-13-fm-2018h2e-scores
2018H2,E,20260912,31,0.1,200,0.6,32,2015Q4 2016Q1 2016Q2 2016Q3,2880,8,0.18694798796186368,experiments/2026-09-13-fm-2018h2e-scores
2018H2,E,20260913,31,0.1,200,0.6,144,2015Q4 2016Q1 2016Q2 2016Q3,2924,8,0.5296381387847445,experiments/2026-09-13-fm-2018h2e-scores
2018H2,R,20260911,7,0.03,1000,0.4,158,2016Q2 2016Q3,12770,8,0.1932054864593785,experiments/2026-09-13-fm-2018h2r-scores
2018H2,R,20260912,7,0.03,1000,0.4,149,2016Q2 2016Q3,12722,8,0.2264061957398749,experiments/2026-09-13-fm-2018h2r-scores
2018H2,R,20260913,7,0.03,1000,0.4,180,2016Q2 2016Q3,12650,8,0.22098653248314037,experiments/2026-09-13-fm-2018h2r-scores
