kind,build_date,arm,draw,tabpfn,tabicl,tabpfn@t1,tabicl@t1
recorded,,,,-0.01616480472651216,-0.0031266698798487515,-0.024833319888817092,-0.009966761619906749
per_draw,,,20260911,-0.03744866183024409,-0.028403555997898518,-0.046462232184570795,-0.03875265264580976
per_draw,,,20260912,0.01098556678238024,0.019235589673352906,-0.004138982934716776,0.01254579591965841
per_draw,,,20260913,-0.022031319131672635,-0.00021204331500063525,-0.023898744547163713,-0.003693428133568894
drop_build,2004H2,,,-0.024801874552403298,-0.008860634547525883,-0.03667583739193868,-0.0190414720843094
drop_build,2006H2,,,-0.03493811726693348,-0.0321857907589993,-0.04643390768643771,-0.03733972372321551
drop_build,2008H2,,,-0.009693937316034133,0.004509477080048757,-0.012521819554354687,0.004270447659247164
drop_build,2010H2,,,-0.014059019317798325,-0.0009895400146601712,-0.02337950061457636,-0.009415419752814146
drop_build,2012H2,,,-0.009632569811673389,0.0038778650086714397,-0.020153176270954344,-0.005994229923904887
drop_build,2014H2,,,-0.016369732775226912,0.0029626938735270794,-0.024024676639379444,-0.0067290719117640806
drop_build,2016H2,,,-0.015842225078830548,-0.0033250988073524855,-0.02326353728620012,-0.009363032995589892
drop_build,2018H2,,,-0.006705569694654134,0.005766611074684208,-0.015289229978272985,0.0006437490096530205
replace_fit,2004H2,E,20260911,-0.017431459477766684,-0.004393324631103274,-0.026099974640071615,-0.011233416371161271
replace_fit,2004H2,R,20260911,-0.014945926242204803,-0.0019077913955413937,-0.023614441404509735,-0.00874788313559939
replace_fit,2004H2,E,20260912,-0.02255240548408437,-0.009514270637420962,-0.031220920646389302,-0.01635436237747896
replace_fit,2004H2,R,20260912,-0.01721763980291545,-0.004179504956252038,-0.025886154965220377,-0.011019596696310035
replace_fit,2004H2,E,20260913,-0.008510549217685431,0.004527585628977978,-0.017179064379990363,-0.002312506111080019
replace_fit,2004H2,R,20260913,-0.016330848134416237,-0.003292713287752826,-0.024999363296721165,-0.010132805027810823
replace_fit,2006H2,E,20260911,-0.0147638496820201,-0.0017257148353566898,-0.02343236484432503,-0.008565806575414687
replace_fit,2006H2,R,20260911,-0.005495388306722089,0.00754274653994132,-0.01416390346902702,0.0007026547998833232
replace_fit,2006H2,E,20260912,-0.01788462670535871,-0.0048464918586953,-0.02655314186766364,-0.011686583598753297
replace_fit,2006H2,R,20260912,-0.022856793739177952,-0.009818658892514542,-0.03152530890148288,-0.01665875063257254
replace_fit,2006H2,E,20260913,-0.015845937792157677,-0.002807802945494266,-0.024514452954462605,-0.009647894685552263
replace_fit,2006H2,R,20260913,-0.020142232133636445,-0.007104097286973036,-0.028810747295941377,-0.013944189027031033
replace_fit,2008H2,E,20260911,-0.020391469818693587,-0.007353334972030178,-0.02905998498099852,-0.014193426712088175
replace_fit,2008H2,R,20260911,-0.01520076406442604,-0.00216262921776263,-0.02386927922673097,-0.009002720957820627
replace_fit,2008H2,E,20260912,-0.0028782527255139245,0.010159882121149485,-0.011546767887818856,0.0033197903810914878
replace_fit,2008H2,R,20260912,-0.018347908812776304,-0.005309773966112895,-0.027016423975081236,-0.012149865706170892
replace_fit,2008H2,E,20260913,-0.02522469163532897,-0.012186556788665561,-0.033893206797633905,-0.019026648528723558
replace_fit,2008H2,R,20260913,-0.014945741302334142,-0.001907606455670733,-0.023614256464639074,-0.00874769819572873
replace_fit,2010H2,E,20260911,-0.013763269345250843,-0.000725134498587434,-0.022431784507555775,-0.007565226238645431
replace_fit,2010H2,R,20260911,-0.015034176225896033,-0.0019960413792326232,-0.023702691388200962,-0.00883613311929062
replace_fit,2010H2,E,20260912,-0.016909234163671207,-0.003871099317007798,-0.02557774932597614,-0.010711191057065795
replace_fit,2010H2,R,20260912,-0.0166948255844531,-0.0036566907377896894,-0.02536334074675803,-0.010496782477847686
replace_fit,2010H2,E,20260913,-0.017821910670614435,-0.004783775823951026,-0.026490425832919367,-0.011623867564009023
replace_fit,2010H2,R,20260913,-0.016765412369187355,-0.0037272775225239436,-0.025433927531492283,-0.01056736926258194
replace_fit,2012H2,E,20260911,-0.012815249793502327,0.00022288505316108223,-0.02148376495580726,-0.006617206686896915
replace_fit,2012H2,R,20260911,-0.015937193458836416,-0.0028990586121730045,-0.024605708621141344,-0.009739150352231002
replace_fit,2012H2,E,20260912,-0.017930101469811013,-0.004891966623147606,-0.02659861663211595,-0.011732058363205603
replace_fit,2012H2,R,20260912,-0.01690772792686801,-0.0038695930802046027,-0.025576243089172945,-0.0107096848202626
replace_fit,2012H2,E,20260913,-0.017749062916223142,-0.004710928069559733,-0.026417578078528074,-0.01155101980961773
replace_fit,2012H2,R,20260913,-0.01564949279383206,-0.0026113579471686507,-0.02431800795613699,-0.009451449687226648
replace_fit,2014H2,E,20260911,-0.01622906212362198,-0.0031909272769585703,-0.02489757728592691,-0.010031019017016567
replace_fit,2014H2,R,20260911,-0.015369028829280365,-0.0023308939826169554,-0.024037543991585295,-0.009170985722674952
replace_fit,2014H2,E,20260912,-0.015023039327660682,-0.0019849044809972724,-0.023691554489965613,-0.00882499622105527
replace_fit,2014H2,R,20260912,-0.015095690702832126,-0.0020575558561687166,-0.023764205865137056,-0.008897647596226714
replace_fit,2014H2,E,20260913,-0.017242312728253825,-0.004204177881590415,-0.025910827890558756,-0.011044269621648412
replace_fit,2014H2,R,20260913,-0.018029694647423995,-0.004991559800760588,-0.02669820980972893,-0.011831651540818585
replace_fit,2016H2,E,20260911,-0.017334021491889163,-0.0042958866452257535,-0.026002536654194094,-0.01113597838528375
replace_fit,2016H2,R,20260911,-0.01572714979728316,-0.002689014950619748,-0.024395664959588087,-0.009529106690677745
replace_fit,2016H2,E,20260912,-0.01821110677661108,-0.005172971929947669,-0.02687962193891601,-0.012013063670005666
replace_fit,2016H2,R,20260912,-0.016523696794401167,-0.003485561947737756,-0.025192211956706095,-0.010325653687795753
replace_fit,2016H2,E,20260913,-0.012949285911036244,8.884893562716503e-05,-0.021617801073341176,-0.006751242804430832
replace_fit,2016H2,R,20260913,-0.016243567587852163,-0.003205432741188754,-0.024912082750157095,-0.010045524481246751
replace_fit,2018H2,E,20260911,-0.01237123959918221,0.0006668952474811994,-0.02103975476148714,-0.006173196492576798
replace_fit,2018H2,R,20260911,-0.01565662343231001,-0.002618488585646601,-0.024325138594614944,-0.009458580325704598
replace_fit,2018H2,E,20260912,-0.022345214175463146,-0.009307079328799739,-0.03101372933776808,-0.016147171068857734
replace_fit,2018H2,R,20260912,-0.01648664116432242,-0.0034485063176590107,-0.02515515632662735,-0.010288598057717008
replace_fit,2018H2,E,20260913,-0.013777960404891126,-0.000739825558227717,-0.022446475567196058,-0.007579917298285714
replace_fit,2018H2,R,20260913,-0.016351149582904057,-0.003313014736240648,-0.02501966474520899,-0.010153106476298645
