arm,cohorts,bootstrap_seed,builds,metric,model,value,ci_lo,ci_hi,se,alpha,resamples,seed,above_one,below_one,builds_left_out,builds_left_out_largest
E,arm E,20260905,9,in_sample_cox_slope,gbm-50k,1.4373984773655397,1.4059963801850974,1.4751415157901808,0.019082523869408452,0.05,200,20260905,True,False,0.0,0.0
E,arm E,20260905,9,in_sample_cox_slope,tabpfn,1.0450905475632597,1.0247887832932818,1.0650899806027245,0.011543219482183882,0.05,200,20260905,True,False,0.0,0.0
E,arm E,20260905,9,in_sample_cox_slope,tabpfn@t1,1.161211719514733,1.138654203659202,1.1834333117808047,0.012825799424648761,0.05,200,20260905,True,False,0.0,0.0
E,arm E,20260905,9,in_sample_cox_slope,tabicl,1.0669073387479449,1.045665968184084,1.086410631274692,0.011340504941388576,0.05,200,20260905,True,False,0.0,0.0
E,arm E,20260905,9,in_sample_cox_slope,tabicl@t1,1.1854525986088276,1.1618510757600928,1.2071229236385468,0.012600561045987347,0.05,200,20260905,True,False,0.0,0.0
R,arm R,20260905,8,in_sample_cox_slope,gbm-50k,1.3634977487066642,1.3110396443442112,1.4065429260692803,0.02639697115355783,0.05,200,20260905,True,False,0.0,0.0
R,arm R,20260905,8,in_sample_cox_slope,tabpfn,1.1063228741692137,1.0683882011651968,1.1421716735014282,0.019149992780076206,0.05,200,20260905,True,False,0.0,0.0
R,arm R,20260905,8,in_sample_cox_slope,tabpfn@t1,1.2292476379657928,1.187098001294663,1.269079637223809,0.02127776975564021,0.05,200,20260905,True,False,0.0,0.0
R,arm R,20260905,8,in_sample_cox_slope,tabicl,1.177037052902024,1.1405448570549166,1.2096980157424082,0.018471590017833838,0.05,200,20260905,True,False,0.0,0.0
R,arm R,20260905,8,in_sample_cox_slope,tabicl@t1,1.3078189476689157,1.267272063394352,1.3441089063804537,0.02052398890870422,0.05,200,20260905,True,False,0.0,0.0
E,arm E,20260906,9,in_sample_cox_slope,gbm-50k,1.4373984773655397,1.4010972639979653,1.4783737154770284,0.02020801457710289,0.05,200,20260906,True,False,0.0,0.0
E,arm E,20260906,9,in_sample_cox_slope,tabpfn,1.0450905475632597,1.024151077470896,1.069125719033642,0.011150520493405557,0.05,200,20260906,True,False,0.0,0.0
E,arm E,20260906,9,in_sample_cox_slope,tabpfn@t1,1.161211719514733,1.137945641634329,1.1879174655929357,0.01238946721489507,0.05,200,20260906,True,False,0.0,0.0
E,arm E,20260906,9,in_sample_cox_slope,tabicl,1.0669073387479449,1.0463191770358633,1.0888043787339248,0.010979588590136952,0.05,200,20260906,True,False,0.0,0.0
E,arm E,20260906,9,in_sample_cox_slope,tabicl@t1,1.1854525986088276,1.1625768633731817,1.209782643037694,0.012199542877929941,0.05,200,20260906,True,False,0.0,0.0
E,arm E,20260907,9,in_sample_cox_slope,gbm-50k,1.4373984773655397,1.4060470141234398,1.4774549331749285,0.01948965494619042,0.05,200,20260907,True,False,0.0,0.0
E,arm E,20260907,9,in_sample_cox_slope,tabpfn,1.0450905475632597,1.0240404098224616,1.0667888561696872,0.011255826451979261,0.05,200,20260907,True,False,0.0,0.0
E,arm E,20260907,9,in_sample_cox_slope,tabpfn@t1,1.161211719514733,1.137822677580513,1.1853209512996523,0.0125064738355325,0.05,200,20260907,True,False,0.0,0.0
E,arm E,20260907,9,in_sample_cox_slope,tabicl,1.0669073387479449,1.044262499402115,1.0904757554046425,0.011573737958878698,0.05,200,20260907,True,False,0.0,0.0
E,arm E,20260907,9,in_sample_cox_slope,tabicl@t1,1.1854525986088276,1.1602916660023497,1.2116397282273808,0.012859708843198554,0.05,200,20260907,True,False,0.0,0.0
R,arm R,20260906,8,in_sample_cox_slope,gbm-50k,1.3634977487066642,1.3210248353016238,1.4015829086414864,0.023523068222370557,0.05,200,20260906,True,False,0.0,0.0
R,arm R,20260906,8,in_sample_cox_slope,tabpfn,1.1063228741692137,1.0745026297510836,1.1429146726606414,0.017363561607604824,0.05,200,20260906,True,False,0.0,0.0
R,arm R,20260906,8,in_sample_cox_slope,tabpfn@t1,1.2292476379657928,1.1938918108345375,1.269905191845157,0.019292846230672026,0.05,200,20260906,True,False,0.0,0.0
R,arm R,20260906,8,in_sample_cox_slope,tabicl,1.177037052902024,1.1464777963492487,1.2129062896959775,0.016580313193105618,0.05,200,20260906,True,False,0.0,0.0
R,arm R,20260906,8,in_sample_cox_slope,tabicl@t1,1.3078189476689157,1.2738642181658317,1.3476736552177528,0.018422570214561805,0.05,200,20260906,True,False,0.0,0.0
R,arm R,20260907,8,in_sample_cox_slope,gbm-50k,1.3634977487066642,1.3194011266179748,1.4080127983311217,0.02418639831145345,0.05,200,20260907,True,False,0.0,0.0
R,arm R,20260907,8,in_sample_cox_slope,tabpfn,1.1063228741692137,1.0770893003668287,1.1434326991082926,0.018228577249216664,0.05,200,20260907,True,False,0.0,0.0
R,arm R,20260907,8,in_sample_cox_slope,tabpfn@t1,1.2292476379657928,1.1967658892964763,1.2704807767869917,0.020253974721351823,0.05,200,20260907,True,False,0.0,0.0
R,arm R,20260907,8,in_sample_cox_slope,tabicl,1.177037052902024,1.1457997675014953,1.2118584154441896,0.017506554154849897,0.05,200,20260907,True,False,0.0,0.0
R,arm R,20260907,8,in_sample_cox_slope,tabicl@t1,1.3078189476689157,1.2731108527794393,1.346509350493544,0.019451726838722098,0.05,200,20260907,True,False,0.0,0.0
