build_id,ablation,cohorts,bootstrap_seed,metric,kind,model,matrix,pair,is_difference,value,ci_lo,ci_hi,se,alpha,resamples,seed,excludes_zero
2004H2-E,dti_kept,all,20260905,auc,diff,scorecard,,scorecard: dti_kept - primary,True,0.00046371191358418606,-0.0013363392170928328,0.0024824420422141003,0.000985685582808977,0.05,200,20260905,False
2004H2-E,dti_kept,all,20260905,auc,diff,gbm,,gbm: dti_kept - primary,True,0.0035717740756846528,0.0011518641649187783,0.006861545268759539,0.001481492726367442,0.05,200,20260905,True
2004H2-E,dti_kept,all,20260905,auc,diff,gbm-50k,,gbm-50k: dti_kept - primary,True,0.003079371537520137,0.0002964029186830199,0.006109295377155844,0.0015856028736564295,0.05,200,20260905,True
2004H2-E,dti_kept,all,20260905,auc,diff,tabpfn,,tabpfn: dti_kept - primary,True,0.0026847437160039123,0.0008427233016607085,0.004630065328785963,0.0010134434719078443,0.05,200,20260905,True
2004H2-E,dti_kept,all,20260905,auc,diff,tabicl,,tabicl: dti_kept - primary,True,0.0016027745619396905,-0.0004504207020451511,0.003990497636545518,0.0011834341878922984,0.05,200,20260905,False
2004H2-E,dti_kept,all,20260905,auc,diff,tabicl@t1,,tabicl@t1: dti_kept - primary,True,0.001601536256032876,-0.00044992738095443735,0.003988888212899608,0.001183397579010806,0.05,200,20260905,False
2004H2-E,dti_kept,all,20260905,auc,diff,tabpfn@t1,,tabpfn@t1: dti_kept - primary,True,0.0026814645634295475,0.0008402249948188253,0.004624734959346173,0.0010129828581590785,0.05,200,20260905,True
2004H2-E,dti_kept,all,20260905,auc,did,scorecard,,scorecard - gbm-50k: dti_kept - primary,True,-0.002615659623935951,-0.005405538973352636,7.848881910634604e-05,0.0013805073544891722,0.05,200,20260905,False
2004H2-E,dti_kept,all,20260905,auc,did,gbm,,gbm - gbm-50k: dti_kept - primary,True,0.0004924025381645158,-0.002231073911969714,0.003566753782981261,0.0015236912027256307,0.05,200,20260905,False
2004H2-E,dti_kept,all,20260905,auc,did,tabpfn,,tabpfn - gbm-50k: dti_kept - primary,True,-0.00039462782151622466,-0.003135277653429563,0.002370025202899759,0.0014100869293522814,0.05,200,20260905,False
2004H2-E,dti_kept,all,20260905,auc,did,tabicl,,tabicl - gbm-50k: dti_kept - primary,True,-0.0014765969755804464,-0.0041274682567977086,0.001223221729418701,0.001408873475546344,0.05,200,20260905,False
2004H2-E,dti_kept,all,20260905,auc,did,tabicl@t1,,tabicl@t1 - gbm-50k: dti_kept - primary,True,-0.0014778352814872608,-0.004126676374803098,0.0012188300611521777,0.0014087303099098497,0.05,200,20260905,False
2004H2-E,dti_kept,all,20260905,auc,did,tabpfn@t1,,tabpfn@t1 - gbm-50k: dti_kept - primary,True,-0.0003979069740905894,-0.00313958919212641,0.002367193492530437,0.0014090244334915493,0.05,200,20260905,False
2004H2-E,dti_kept,all,20260905,brier,diff,scorecard,,scorecard: dti_kept - primary,True,-1.5707102981578347e-05,-2.7674107063714376e-05,-2.896770828883939e-06,6.377248591887444e-06,0.05,200,20260905,True
2004H2-E,dti_kept,all,20260905,brier,diff,gbm,,gbm: dti_kept - primary,True,-1.896242437971797e-05,-3.788493179436411e-05,-2.9777209594005252e-06,9.017414488272094e-06,0.05,200,20260905,True
2004H2-E,dti_kept,all,20260905,brier,diff,gbm-50k,,gbm-50k: dti_kept - primary,True,-3.5989066537090234e-05,-6.371650473737232e-05,-1.2240006392956688e-05,1.3441290679970947e-05,0.05,200,20260905,True
2004H2-E,dti_kept,all,20260905,brier,diff,tabpfn,,tabpfn: dti_kept - primary,True,-2.236050655570615e-05,-3.469164498216609e-05,-1.3104528106467604e-05,5.5661499047279364e-06,0.05,200,20260905,True
2004H2-E,dti_kept,all,20260905,brier,diff,tabicl,,tabicl: dti_kept - primary,True,-2.3252567104239952e-05,-4.1064452546120266e-05,-7.059942282839745e-06,8.808364397291075e-06,0.05,200,20260905,True
2004H2-E,dti_kept,all,20260905,brier,diff,tabicl@t1,,tabicl@t1: dti_kept - primary,True,-1.766197482637802e-05,-3.767127745436644e-05,6.829243740201503e-07,9.797075327733539e-06,0.05,200,20260905,False
2004H2-E,dti_kept,all,20260905,brier,diff,tabpfn@t1,,tabpfn@t1: dti_kept - primary,True,-1.4794603695000505e-05,-2.8449040562430115e-05,-4.04395912639147e-06,6.222032960313151e-06,0.05,200,20260905,True
2004H2-E,dti_kept,all,20260905,brier,did,scorecard,,scorecard - gbm-50k: dti_kept - primary,True,2.0281963555511887e-05,1.3290313238875818e-06,4.208973567354629e-05,1.134655219020665e-05,0.05,200,20260905,True
2004H2-E,dti_kept,all,20260905,brier,did,gbm,,gbm - gbm-50k: dti_kept - primary,True,1.7026642157372263e-05,-3.1537177237221744e-06,4.3203990929906015e-05,1.1278962920287344e-05,0.05,200,20260905,False
2004H2-E,dti_kept,all,20260905,brier,did,tabpfn,,tabpfn - gbm-50k: dti_kept - primary,True,1.3628559981384084e-05,-6.7010068356629975e-06,3.577792301225407e-05,1.1187069739747516e-05,0.05,200,20260905,False
2004H2-E,dti_kept,all,20260905,brier,did,tabicl,,tabicl - gbm-50k: dti_kept - primary,True,1.2736499432850282e-05,-3.454361279042533e-06,3.287486481766159e-05,9.797688894313657e-06,0.05,200,20260905,False
2004H2-E,dti_kept,all,20260905,brier,did,tabicl@t1,,tabicl@t1 - gbm-50k: dti_kept - primary,True,1.8327091710712215e-05,1.254794565151143e-06,3.746232420224444e-05,9.802668967647604e-06,0.05,200,20260905,True
2004H2-E,dti_kept,all,20260905,brier,did,tabpfn@t1,,tabpfn@t1 - gbm-50k: dti_kept - primary,True,2.119446284208973e-05,8.920536262114946e-07,4.337956075835632e-05,1.1107272028135886e-05,0.05,200,20260905,True
2004H2-E,dti_kept,all,20260906,auc,diff,scorecard,,scorecard: dti_kept - primary,True,0.00046371191358418606,-0.0012552477611344787,0.0024933728816452843,0.0010351353353549736,0.05,200,20260906,False
2004H2-E,dti_kept,all,20260906,auc,diff,gbm,,gbm: dti_kept - primary,True,0.0035717740756846528,0.0011371732770804473,0.007160403349576005,0.001549345796598795,0.05,200,20260906,True
2004H2-E,dti_kept,all,20260906,auc,diff,gbm-50k,,gbm-50k: dti_kept - primary,True,0.003079371537520137,-0.00014183575639151717,0.0059955555418455915,0.0015185850035657669,0.05,200,20260906,False
2004H2-E,dti_kept,all,20260906,auc,diff,tabpfn,,tabpfn: dti_kept - primary,True,0.0026847437160039123,0.0007786234457859808,0.004771509800274682,0.0009536721192928165,0.05,200,20260906,True
2004H2-E,dti_kept,all,20260906,auc,diff,tabicl,,tabicl: dti_kept - primary,True,0.0016027745619396905,-0.0005763600485007929,0.004217913500755894,0.0012238805921797825,0.05,200,20260906,False
2004H2-E,dti_kept,all,20260906,auc,diff,tabicl@t1,,tabicl@t1: dti_kept - primary,True,0.001601536256032876,-0.0005780130119628273,0.004216249471559376,0.001223724145996608,0.05,200,20260906,False
2004H2-E,dti_kept,all,20260906,auc,diff,tabpfn@t1,,tabpfn@t1: dti_kept - primary,True,0.0026814645634295475,0.0007770985678355075,0.004767762433498931,0.0009539103210140442,0.05,200,20260906,True
2004H2-E,dti_kept,all,20260906,auc,did,scorecard,,scorecard - gbm-50k: dti_kept - primary,True,-0.002615659623935951,-0.005429120950727781,0.00010420710717632433,0.0013501239869656606,0.05,200,20260906,False
2004H2-E,dti_kept,all,20260906,auc,did,gbm,,gbm - gbm-50k: dti_kept - primary,True,0.0004924025381645158,-0.002229378675356555,0.003328268774744932,0.001521277565802141,0.05,200,20260906,False
2004H2-E,dti_kept,all,20260906,auc,did,tabpfn,,tabpfn - gbm-50k: dti_kept - primary,True,-0.00039462782151622466,-0.0030210407777765515,0.0025255601822650525,0.001359641452370756,0.05,200,20260906,False
2004H2-E,dti_kept,all,20260906,auc,did,tabicl,,tabicl - gbm-50k: dti_kept - primary,True,-0.0014765969755804464,-0.004041117627270113,0.0010846361571128455,0.0014061322582984627,0.05,200,20260906,False
2004H2-E,dti_kept,all,20260906,auc,did,tabicl@t1,,tabicl@t1 - gbm-50k: dti_kept - primary,True,-0.0014778352814872608,-0.004041135205536078,0.0010859994158422294,0.0014061885311451724,0.05,200,20260906,False
2004H2-E,dti_kept,all,20260906,auc,did,tabpfn@t1,,tabpfn@t1 - gbm-50k: dti_kept - primary,True,-0.0003979069740905894,-0.0030212609783490134,0.002518177129089106,0.0013602514660904935,0.05,200,20260906,False
2004H2-E,dti_kept,all,20260906,brier,diff,scorecard,,scorecard: dti_kept - primary,True,-1.5707102981578347e-05,-2.8421935852419042e-05,-3.614347244336631e-06,6.2648611816819975e-06,0.05,200,20260906,True
2004H2-E,dti_kept,all,20260906,brier,diff,gbm,,gbm: dti_kept - primary,True,-1.896242437971797e-05,-3.973370501387306e-05,-5.331222133561842e-06,9.061847618623503e-06,0.05,200,20260906,True
2004H2-E,dti_kept,all,20260906,brier,diff,gbm-50k,,gbm-50k: dti_kept - primary,True,-3.5989066537090234e-05,-6.378783154236782e-05,-1.3532708636603385e-05,1.2842516927572577e-05,0.05,200,20260906,True
2004H2-E,dti_kept,all,20260906,brier,diff,tabpfn,,tabpfn: dti_kept - primary,True,-2.236050655570615e-05,-3.437698209365803e-05,-1.2614213238088192e-05,5.637078964462769e-06,0.05,200,20260906,True
2004H2-E,dti_kept,all,20260906,brier,diff,tabicl,,tabicl: dti_kept - primary,True,-2.3252567104239952e-05,-4.250396610377214e-05,-8.730906498806594e-06,8.296408324059028e-06,0.05,200,20260906,True
2004H2-E,dti_kept,all,20260906,brier,diff,tabicl@t1,,tabicl@t1: dti_kept - primary,True,-1.766197482637802e-05,-3.884700565504437e-05,-1.4576248711905275e-06,9.333506397996141e-06,0.05,200,20260906,True
2004H2-E,dti_kept,all,20260906,brier,diff,tabpfn@t1,,tabpfn@t1: dti_kept - primary,True,-1.4794603695000505e-05,-2.830030040082234e-05,-3.563317936418125e-06,6.412087181527184e-06,0.05,200,20260906,True
2004H2-E,dti_kept,all,20260906,brier,did,scorecard,,scorecard - gbm-50k: dti_kept - primary,True,2.0281963555511887e-05,-1.5192310727604843e-07,4.27836083779032e-05,1.0761809626355945e-05,0.05,200,20260906,False
2004H2-E,dti_kept,all,20260906,brier,did,gbm,,gbm - gbm-50k: dti_kept - primary,True,1.7026642157372263e-05,-3.365036637600731e-06,3.6620822882130944e-05,1.065255622030488e-05,0.05,200,20260906,False
2004H2-E,dti_kept,all,20260906,brier,did,tabpfn,,tabpfn - gbm-50k: dti_kept - primary,True,1.3628559981384084e-05,-3.898137509864615e-06,3.504159519193132e-05,1.0923316987813208e-05,0.05,200,20260906,False
2004H2-E,dti_kept,all,20260906,brier,did,tabicl,,tabicl - gbm-50k: dti_kept - primary,True,1.2736499432850282e-05,-2.9885855157667225e-06,3.1984201400909544e-05,9.685482168460875e-06,0.05,200,20260906,False
2004H2-E,dti_kept,all,20260906,brier,did,tabicl@t1,,tabicl@t1 - gbm-50k: dti_kept - primary,True,1.8327091710712215e-05,9.322204392168967e-07,3.837685731815071e-05,9.80931746011294e-06,0.05,200,20260906,True
2004H2-E,dti_kept,all,20260906,brier,did,tabpfn@t1,,tabpfn@t1 - gbm-50k: dti_kept - primary,True,2.119446284208973e-05,3.772618466589421e-06,4.279219699983919e-05,1.0930620568557086e-05,0.05,200,20260906,True
2004H2-E,dti_kept,all,20260907,auc,diff,scorecard,,scorecard: dti_kept - primary,True,0.00046371191358418606,-0.0013391437987993887,0.002072514380782906,0.0009469482851969437,0.05,200,20260907,False
2004H2-E,dti_kept,all,20260907,auc,diff,gbm,,gbm: dti_kept - primary,True,0.0035717740756846528,0.0010034348292894985,0.006745262663900045,0.0015347474965093275,0.05,200,20260907,True
2004H2-E,dti_kept,all,20260907,auc,diff,gbm-50k,,gbm-50k: dti_kept - primary,True,0.003079371537520137,0.0003915131578852621,0.00634827380613286,0.001547742878889774,0.05,200,20260907,True
2004H2-E,dti_kept,all,20260907,auc,diff,tabpfn,,tabpfn: dti_kept - primary,True,0.0026847437160039123,0.0006958950950576638,0.0045177134358449335,0.0009798397503736251,0.05,200,20260907,True
2004H2-E,dti_kept,all,20260907,auc,diff,tabicl,,tabicl: dti_kept - primary,True,0.0016027745619396905,-0.0005007781457553734,0.0037337827815078274,0.0011283508136351993,0.05,200,20260907,False
2004H2-E,dti_kept,all,20260907,auc,diff,tabicl@t1,,tabicl@t1: dti_kept - primary,True,0.001601536256032876,-0.0005025536980634932,0.003731555853715052,0.001128092199299807,0.05,200,20260907,False
2004H2-E,dti_kept,all,20260907,auc,diff,tabpfn@t1,,tabpfn@t1: dti_kept - primary,True,0.0026814645634295475,0.0007042893828353048,0.00451377620139348,0.0009798758109443757,0.05,200,20260907,True
2004H2-E,dti_kept,all,20260907,auc,did,scorecard,,scorecard - gbm-50k: dti_kept - primary,True,-0.002615659623935951,-0.005414727472713191,-6.410588023549254e-05,0.0013991494594194046,0.05,200,20260907,True
2004H2-E,dti_kept,all,20260907,auc,did,gbm,,gbm - gbm-50k: dti_kept - primary,True,0.0004924025381645158,-0.002498518035067726,0.003765659617076142,0.0015965581683263827,0.05,200,20260907,False
2004H2-E,dti_kept,all,20260907,auc,did,tabpfn,,tabpfn - gbm-50k: dti_kept - primary,True,-0.00039462782151622466,-0.0029372616016939135,0.0021018673680071463,0.001360438234130621,0.05,200,20260907,False
2004H2-E,dti_kept,all,20260907,auc,did,tabicl,,tabicl - gbm-50k: dti_kept - primary,True,-0.0014765969755804464,-0.004555198197364737,0.0012614050141629115,0.001534799689654875,0.05,200,20260907,False
2004H2-E,dti_kept,all,20260907,auc,did,tabicl@t1,,tabicl@t1 - gbm-50k: dti_kept - primary,True,-0.0014778352814872608,-0.004555607714261303,0.0012624375108884563,0.001534609021224023,0.05,200,20260907,False
2004H2-E,dti_kept,all,20260907,auc,did,tabpfn@t1,,tabpfn@t1 - gbm-50k: dti_kept - primary,True,-0.0003979069740905894,-0.0029335510316160275,0.0021142424085384528,0.0013610521067324854,0.05,200,20260907,False
2004H2-E,dti_kept,all,20260907,brier,diff,scorecard,,scorecard: dti_kept - primary,True,-1.5707102981578347e-05,-2.729389275936641e-05,-3.682279441906931e-06,6.728363301986133e-06,0.05,200,20260907,True
2004H2-E,dti_kept,all,20260907,brier,diff,gbm,,gbm: dti_kept - primary,True,-1.896242437971797e-05,-4.159509618204445e-05,-2.3077690867823624e-06,9.806860464683782e-06,0.05,200,20260907,True
2004H2-E,dti_kept,all,20260907,brier,diff,gbm-50k,,gbm-50k: dti_kept - primary,True,-3.5989066537090234e-05,-6.082339181627708e-05,-9.576069114696321e-06,1.35815750425711e-05,0.05,200,20260907,True
2004H2-E,dti_kept,all,20260907,brier,diff,tabpfn,,tabpfn: dti_kept - primary,True,-2.236050655570615e-05,-3.4284436408361325e-05,-1.2600268479160366e-05,5.987943772251427e-06,0.05,200,20260907,True
2004H2-E,dti_kept,all,20260907,brier,diff,tabicl,,tabicl: dti_kept - primary,True,-2.3252567104239952e-05,-4.237387050753808e-05,-6.0493008278367554e-06,9.13093196577727e-06,0.05,200,20260907,True
2004H2-E,dti_kept,all,20260907,brier,diff,tabicl@t1,,tabicl@t1: dti_kept - primary,True,-1.766197482637802e-05,-3.9903486579969575e-05,1.1756568312241844e-06,1.0263120512434567e-05,0.05,200,20260907,False
2004H2-E,dti_kept,all,20260907,brier,diff,tabpfn@t1,,tabpfn@t1: dti_kept - primary,True,-1.4794603695000505e-05,-2.9248040119704598e-05,-3.332230274597554e-06,6.867628121766196e-06,0.05,200,20260907,True
2004H2-E,dti_kept,all,20260907,brier,did,scorecard,,scorecard - gbm-50k: dti_kept - primary,True,2.0281963555511887e-05,-1.5868474337443021e-07,3.8868834777271255e-05,1.0879809635119995e-05,0.05,200,20260907,False
2004H2-E,dti_kept,all,20260907,brier,did,gbm,,gbm - gbm-50k: dti_kept - primary,True,1.7026642157372263e-05,-4.4346253013597705e-06,3.7614983386659365e-05,1.031465302699617e-05,0.05,200,20260907,False
2004H2-E,dti_kept,all,20260907,brier,did,tabpfn,,tabpfn - gbm-50k: dti_kept - primary,True,1.3628559981384084e-05,-8.148939062710588e-06,3.4434004008697924e-05,1.0642845918451214e-05,0.05,200,20260907,False
2004H2-E,dti_kept,all,20260907,brier,did,tabicl,,tabicl - gbm-50k: dti_kept - primary,True,1.2736499432850282e-05,-6.695835946797729e-06,3.144999760165166e-05,9.871595407767954e-06,0.05,200,20260907,False
2004H2-E,dti_kept,all,20260907,brier,did,tabicl@t1,,tabicl@t1 - gbm-50k: dti_kept - primary,True,1.8327091710712215e-05,-2.702081889151492e-06,3.718025158449182e-05,1.0057926265242603e-05,0.05,200,20260907,False
2004H2-E,dti_kept,all,20260907,brier,did,tabpfn@t1,,tabpfn@t1 - gbm-50k: dti_kept - primary,True,2.119446284208973e-05,-3.1203684583949835e-07,4.192880154999545e-05,1.0495895228308365e-05,0.05,200,20260907,False
