build_id,cohorts,metric,pair,is_difference,value,ci_lo,ci_hi,se,alpha,resamples,seed,excludes_zero
2015H1-E,all,gini,scorecard,False,0.40040666780679035,0.38661420218873654,0.4137804688105184,0.0065086684138562995,0.05,200,20260905,
2015H1-E,all,gini,gbm,False,0.42012820913160187,0.405987600409743,0.4317846519909367,0.006415399560487719,0.05,200,20260905,
2015H1-E,all,gini,gbm-50k,False,0.4073353059719332,0.39146846285869413,0.4202910174725122,0.0073922044643683444,0.05,200,20260905,
2015H1-E,all,gini,gbm - scorecard,True,0.01972154132481152,0.013855613152486996,0.025078476555341952,0.002821597049463895,0.05,200,20260905,True
2015H1-E,all,gini,gbm-50k - scorecard,True,0.006928638165142813,-0.0023540217869746746,0.015582528936284751,0.004731110371159784,0.05,200,20260905,False
2015H1-E,all,gini,gbm-50k - gbm,True,-0.012792903159668708,-0.022227776519090758,-0.004383456031655466,0.004859136644343845,0.05,200,20260905,True
2015H1-E,all,abs_log_oe,scorecard,False,0.3979752373841133,0.37517944939919023,0.4207472565531574,0.012362940640602432,0.05,200,20260905,
2015H1-E,all,abs_log_oe,gbm,False,0.35264109277186867,0.3290321014147186,0.37512468095246004,0.012269474999166259,0.05,200,20260905,
2015H1-E,all,abs_log_oe,gbm-50k,False,0.3756243752217598,0.32530007808882716,0.41328817206851326,0.025461119550288586,0.05,200,20260905,
2015H1-E,all,abs_log_oe,gbm - scorecard,True,-0.045334144612244665,-0.047329851085359996,-0.04367255104018184,0.0009662840954944588,0.05,200,20260905,True
2015H1-E,all,abs_log_oe,gbm-50k - scorecard,True,-0.022350862162353564,-0.0544359768177836,-0.005571812084289453,0.02150506047598283,0.05,200,20260905,True
2015H1-E,all,abs_log_oe,gbm-50k - gbm,True,0.0229832824498911,-0.009220753411225788,0.04032669072821784,0.02147215094008272,0.05,200,20260905,False
2015H1-E,all,psi,scorecard,False,0.03278028069388981,0.031786980139349566,0.03460484495858958,0.0007608548672354543,0.05,200,20260905,
2015H1-E,all,psi,gbm,False,0.017427363276699758,0.016865719102114856,0.018845547605986522,0.0005470435189933399,0.05,200,20260905,
2015H1-E,all,psi,gbm-50k,False,0.01771584178035247,0.015718653122519636,0.0215029746267487,0.0019760140119375194,0.05,200,20260905,
2015H1-E,all,psi,gbm - scorecard,True,-0.015352917417190049,-0.0163649871889747,-0.014505967943354913,0.0004878185934930144,0.05,200,20260905,True
2015H1-E,all,psi,gbm-50k - scorecard,True,-0.015064438913537342,-0.017219207601002647,-0.011944387120376888,0.0018882982651964053,0.05,200,20260905,True
2015H1-E,all,psi,gbm-50k - gbm,True,0.0002884785036527092,-0.0016038812053452312,0.00338449622187923,0.0018722520691752587,0.05,200,20260905,False
2015H1-E,nearest,gini,scorecard,False,0.4391409338809705,0.4199366970607226,0.46268196961176944,0.011119763911221835,0.05,200,20260905,
2015H1-E,nearest,gini,gbm,False,0.45554703175482186,0.4352463978724027,0.47809698284366964,0.011853836668868908,0.05,200,20260905,
2015H1-E,nearest,gini,gbm-50k,False,0.44869638560127917,0.42454849326754757,0.4726826078180405,0.01266115121899605,0.05,200,20260905,
2015H1-E,nearest,gini,gbm - scorecard,True,0.01640609787385139,0.006523993477372369,0.0272919452232593,0.0055379784549172,0.05,200,20260905,True
2015H1-E,nearest,gini,gbm-50k - scorecard,True,0.009555451720308713,-0.001437334125148637,0.021635725691168898,0.006042574455604947,0.05,200,20260905,False
2015H1-E,nearest,gini,gbm-50k - gbm,True,-0.006850646153542676,-0.017963482351618976,0.0038375348065491583,0.006170956964426566,0.05,200,20260905,False
2015H1-E,nearest,abs_log_oe,scorecard,False,0.31722932727967357,0.2666418929788482,0.35619089113925195,0.024382443947828823,0.05,200,20260905,
2015H1-E,nearest,abs_log_oe,gbm,False,0.2858535929751683,0.2357684468728146,0.3253540062935717,0.02431629407056927,0.05,200,20260905,
2015H1-E,nearest,abs_log_oe,gbm-50k,False,0.29152746372413324,0.22425734400228967,0.3503309759939515,0.03591632729392068,0.05,200,20260905,
2015H1-E,nearest,abs_log_oe,gbm - scorecard,True,-0.03137573430450524,-0.03494182541708117,-0.028026393255113833,0.001767334045003011,0.05,200,20260905,True
2015H1-E,nearest,abs_log_oe,gbm-50k - scorecard,True,-0.025701863555540345,-0.065735696950292,-0.0025639775924105102,0.026606058243364126,0.05,200,20260905,True
2015H1-E,nearest,abs_log_oe,gbm-50k - gbm,True,0.005673870748964897,-0.035167396529102925,0.02968999521059928,0.026642738633352408,0.05,200,20260905,False
2015H1-E,nearest,psi,scorecard,False,0.030521799053453463,0.02791158342670487,0.03364637099761463,0.0014649931790257456,0.05,200,20260905,
2015H1-E,nearest,psi,gbm,False,0.020600351119324824,0.018722752983099902,0.023298398841528154,0.0011892856856087332,0.05,200,20260905,
2015H1-E,nearest,psi,gbm-50k,False,0.016162790212342806,0.01269098535258542,0.021494766409168295,0.0028462380807194286,0.05,200,20260905,
2015H1-E,nearest,psi,gbm - scorecard,True,-0.009921447934128639,-0.011377981635044875,-0.008603633860313573,0.0007786488347964359,0.05,200,20260905,True
2015H1-E,nearest,psi,gbm-50k - scorecard,True,-0.014359008841110655,-0.017833631077008395,-0.009775935664880721,0.0027251222530648646,0.05,200,20260905,True
2015H1-E,nearest,psi,gbm-50k - gbm,True,-0.004437560906982018,-0.007882075510946787,0.00018350838647552357,0.002645943026669524,0.05,200,20260905,False
