build_id,arm,model,context_seed,cohort,rows,defaults,mean_pd,realised_rate
2016H1-E,E,gbm,,2016Q3,20000,650,0.02442853591498105,0.0325
2016H1-E,E,gbm,,2016Q4,20000,626,0.02379185020821772,0.0313
2016H1-E,E,gbm,,2017Q1,20000,629,0.0227749241747881,0.03145
2016H1-E,E,gbm,,2017Q2,20000,681,0.022748538289094,0.03405
2016H1-E,E,gbm,,2017Q3,20000,584,0.02385914009405679,0.0292
2016H1-E,E,gbm,,2017Q4,20000,623,0.022741692618175987,0.03115
2016H1-E,E,gbm,,2018Q1,20000,638,0.021578069901301573,0.0319
2016H1-E,E,gbm-50k,20260911,2016Q3,20000,650,0.023189842016825328,0.0325
2016H1-E,E,gbm-50k,20260911,2016Q4,20000,626,0.022795062849842535,0.0313
2016H1-E,E,gbm-50k,20260911,2017Q1,20000,629,0.022009355811576228,0.03145
2016H1-E,E,gbm-50k,20260911,2017Q2,20000,681,0.021871066710611096,0.03405
2016H1-E,E,gbm-50k,20260911,2017Q3,20000,584,0.022642276946516795,0.0292
2016H1-E,E,gbm-50k,20260911,2017Q4,20000,623,0.021459520764856667,0.03115
2016H1-E,E,gbm-50k,20260911,2018Q1,20000,638,0.02022665076280523,0.0319
2016H1-E,E,gbm-50k,20260912,2016Q3,20000,650,0.02382801853810279,0.0325
2016H1-E,E,gbm-50k,20260912,2016Q4,20000,626,0.023103359630334018,0.0313
2016H1-E,E,gbm-50k,20260912,2017Q1,20000,629,0.02228536549459976,0.03145
2016H1-E,E,gbm-50k,20260912,2017Q2,20000,681,0.02232184237206964,0.03405
2016H1-E,E,gbm-50k,20260912,2017Q3,20000,584,0.023227755046002996,0.0292
2016H1-E,E,gbm-50k,20260912,2017Q4,20000,623,0.021441651252020785,0.03115
2016H1-E,E,gbm-50k,20260912,2018Q1,20000,638,0.02013521960743045,0.0319
2016H1-E,E,gbm-50k,20260913,2016Q3,20000,650,0.023343352345756716,0.0325
2016H1-E,E,gbm-50k,20260913,2016Q4,20000,626,0.022702129401298805,0.0313
2016H1-E,E,gbm-50k,20260913,2017Q1,20000,629,0.021924556443344928,0.03145
2016H1-E,E,gbm-50k,20260913,2017Q2,20000,681,0.0218071719559536,0.03405
2016H1-E,E,gbm-50k,20260913,2017Q3,20000,584,0.02248262383985197,0.0292
2016H1-E,E,gbm-50k,20260913,2017Q4,20000,623,0.021658381018436073,0.03115
2016H1-E,E,gbm-50k,20260913,2018Q1,20000,638,0.020424694542267287,0.0319
2016H1-E,E,scorecard,,2016Q3,20000,650,0.02384939825442415,0.0325
2016H1-E,E,scorecard,,2016Q4,20000,626,0.02314182233239656,0.0313
2016H1-E,E,scorecard,,2017Q1,20000,629,0.02221231986920538,0.03145
2016H1-E,E,scorecard,,2017Q2,20000,681,0.021831098754554107,0.03405
2016H1-E,E,scorecard,,2017Q3,20000,584,0.022399380562502444,0.0292
2016H1-E,E,scorecard,,2017Q4,20000,623,0.021354799675241,0.03115
2016H1-E,E,scorecard,,2018Q1,20000,638,0.020207917853932097,0.0319
2016H1-E,E,tabicl,20260911,2016Q3,20000,650,0.017502625138706936,0.0325
2016H1-E,E,tabicl,20260911,2016Q4,20000,626,0.017183002509379004,0.0313
2016H1-E,E,tabicl,20260911,2017Q1,20000,629,0.016420557586105132,0.03145
2016H1-E,E,tabicl,20260911,2017Q2,20000,681,0.0164317475795644,0.03405
2016H1-E,E,tabicl,20260911,2017Q3,20000,584,0.017262658511372864,0.0292
2016H1-E,E,tabicl,20260911,2017Q4,20000,623,0.01630468188873929,0.03115
2016H1-E,E,tabicl,20260911,2018Q1,20000,638,0.015303727114347566,0.0319
2016H1-E,E,tabicl,20260912,2016Q3,20000,650,0.018423776133637874,0.0325
2016H1-E,E,tabicl,20260912,2016Q4,20000,626,0.017769822200082126,0.0313
2016H1-E,E,tabicl,20260912,2017Q1,20000,629,0.017139050004491584,0.03145
2016H1-E,E,tabicl,20260912,2017Q2,20000,681,0.01714232664598385,0.03405
2016H1-E,E,tabicl,20260912,2017Q3,20000,584,0.018207623305375453,0.0292
2016H1-E,E,tabicl,20260912,2017Q4,20000,623,0.016438016222743317,0.03115
2016H1-E,E,tabicl,20260912,2018Q1,20000,638,0.015207181918679272,0.0319
2016H1-E,E,tabicl,20260913,2016Q3,20000,650,0.017861776131708758,0.0325
2016H1-E,E,tabicl,20260913,2016Q4,20000,626,0.01727386211004341,0.0313
2016H1-E,E,tabicl,20260913,2017Q1,20000,629,0.01650969588533626,0.03145
2016H1-E,E,tabicl,20260913,2017Q2,20000,681,0.016542034455531394,0.03405
2016H1-E,E,tabicl,20260913,2017Q3,20000,584,0.01751552991287026,0.0292
2016H1-E,E,tabicl,20260913,2017Q4,20000,623,0.01644549126352067,0.03115
2016H1-E,E,tabicl,20260913,2018Q1,20000,638,0.015402076043991837,0.0319
2016H1-E,E,tabicl@t1,20260911,2016Q3,20000,650,0.02514175210154251,0.0325
2016H1-E,E,tabicl@t1,20260911,2016Q4,20000,626,0.02474427064112617,0.0313
2016H1-E,E,tabicl@t1,20260911,2017Q1,20000,629,0.023692304326848313,0.03145
2016H1-E,E,tabicl@t1,20260911,2017Q2,20000,681,0.023677823627512817,0.03405
2016H1-E,E,tabicl@t1,20260911,2017Q3,20000,584,0.02468682732182782,0.0292
2016H1-E,E,tabicl@t1,20260911,2017Q4,20000,623,0.023498833858100147,0.03115
2016H1-E,E,tabicl@t1,20260911,2018Q1,20000,638,0.022184657725699393,0.0319
2016H1-E,E,tabicl@t1,20260912,2016Q3,20000,650,0.02619804964698904,0.0325
2016H1-E,E,tabicl@t1,20260912,2016Q4,20000,626,0.025400833587770854,0.0313
2016H1-E,E,tabicl@t1,20260912,2017Q1,20000,629,0.024518877058143193,0.03145
2016H1-E,E,tabicl@t1,20260912,2017Q2,20000,681,0.02447761458662731,0.03405
2016H1-E,E,tabicl@t1,20260912,2017Q3,20000,584,0.02572218949939222,0.0292
2016H1-E,E,tabicl@t1,20260912,2017Q4,20000,623,0.023589852451866924,0.03115
2016H1-E,E,tabicl@t1,20260912,2018Q1,20000,638,0.02202783029242311,0.0319
2016H1-E,E,tabicl@t1,20260913,2016Q3,20000,650,0.02557214675113531,0.0325
2016H1-E,E,tabicl@t1,20260913,2016Q4,20000,626,0.024835389006024527,0.0313
2016H1-E,E,tabicl@t1,20260913,2017Q1,20000,629,0.0238031743619325,0.03145
2016H1-E,E,tabicl@t1,20260913,2017Q2,20000,681,0.023817910154401347,0.03405
2016H1-E,E,tabicl@t1,20260913,2017Q3,20000,584,0.024995678089190822,0.0292
2016H1-E,E,tabicl@t1,20260913,2017Q4,20000,623,0.02369309552844568,0.03115
2016H1-E,E,tabicl@t1,20260913,2018Q1,20000,638,0.022346330910441515,0.0319
2016H1-E,E,tabpfn,20260911,2016Q3,20000,650,0.016068113389404608,0.0325
2016H1-E,E,tabpfn,20260911,2016Q4,20000,626,0.015735918053092608,0.0313
2016H1-E,E,tabpfn,20260911,2017Q1,20000,629,0.015073222353601886,0.03145
2016H1-E,E,tabpfn,20260911,2017Q2,20000,681,0.014993907889453113,0.03405
2016H1-E,E,tabpfn,20260911,2017Q3,20000,584,0.015632795225620794,0.0292
2016H1-E,E,tabpfn,20260911,2017Q4,20000,623,0.01455272943564487,0.03115
2016H1-E,E,tabpfn,20260911,2018Q1,20000,638,0.01362789854961302,0.0319
2016H1-E,E,tabpfn,20260912,2016Q3,20000,650,0.01689574382592691,0.0325
2016H1-E,E,tabpfn,20260912,2016Q4,20000,626,0.01625005123842857,0.0313
2016H1-E,E,tabpfn,20260912,2017Q1,20000,629,0.01565829576042597,0.03145
2016H1-E,E,tabpfn,20260912,2017Q2,20000,681,0.015631216111098183,0.03405
2016H1-E,E,tabpfn,20260912,2017Q3,20000,584,0.01656583381446544,0.0292
2016H1-E,E,tabpfn,20260912,2017Q4,20000,623,0.014745441553922137,0.03115
2016H1-E,E,tabpfn,20260912,2018Q1,20000,638,0.013553387154184747,0.0319
2016H1-E,E,tabpfn,20260913,2016Q3,20000,650,0.016282988084678072,0.0325
2016H1-E,E,tabpfn,20260913,2016Q4,20000,626,0.015715901005631895,0.0313
2016H1-E,E,tabpfn,20260913,2017Q1,20000,629,0.015027512120836764,0.03145
2016H1-E,E,tabpfn,20260913,2017Q2,20000,681,0.01500262173039373,0.03405
2016H1-E,E,tabpfn,20260913,2017Q3,20000,584,0.015704303339170292,0.0292
2016H1-E,E,tabpfn,20260913,2017Q4,20000,623,0.014770428053289653,0.03115
2016H1-E,E,tabpfn,20260913,2018Q1,20000,638,0.013836728718469384,0.0319
2016H1-E,E,tabpfn@t1,20260911,2016Q3,20000,650,0.023370556269961526,0.0325
2016H1-E,E,tabpfn@t1,20260911,2016Q4,20000,626,0.022946817895022103,0.0313
2016H1-E,E,tabpfn@t1,20260911,2017Q1,20000,629,0.022018292537651724,0.03145
2016H1-E,E,tabpfn@t1,20260911,2017Q2,20000,681,0.021896322524757126,0.03405
2016H1-E,E,tabpfn@t1,20260911,2017Q3,20000,584,0.022690756391987088,0.0292
2016H1-E,E,tabpfn@t1,20260911,2017Q4,20000,623,0.021325267844719928,0.03115
2016H1-E,E,tabpfn@t1,20260911,2018Q1,20000,638,0.02009974737535522,0.0319
2016H1-E,E,tabpfn@t1,20260912,2016Q3,20000,650,0.02429229593392229,0.0325
2016H1-E,E,tabpfn@t1,20260912,2016Q4,20000,626,0.023501130036078392,0.0313
2016H1-E,E,tabpfn@t1,20260912,2017Q1,20000,629,0.022656992091448048,0.03145
2016H1-E,E,tabpfn@t1,20260912,2017Q2,20000,681,0.022575047966907732,0.03405
2016H1-E,E,tabpfn@t1,20260912,2017Q3,20000,584,0.02366526685175486,0.0292
2016H1-E,E,tabpfn@t1,20260912,2017Q4,20000,623,0.021462303179409354,0.03115
2016H1-E,E,tabpfn@t1,20260912,2018Q1,20000,638,0.019950558065460065,0.0319
2016H1-E,E,tabpfn@t1,20260913,2016Q3,20000,650,0.023615211821196136,0.0325
2016H1-E,E,tabpfn@t1,20260913,2016Q4,20000,626,0.02288601754507399,0.0313
2016H1-E,E,tabpfn@t1,20260913,2017Q1,20000,629,0.021940478636207992,0.03145
2016H1-E,E,tabpfn@t1,20260913,2017Q2,20000,681,0.021893237938225504,0.03405
2016H1-E,E,tabpfn@t1,20260913,2017Q3,20000,584,0.02277013264762354,0.0292
2016H1-E,E,tabpfn@t1,20260913,2017Q4,20000,623,0.02159603483080282,0.03115
2016H1-E,E,tabpfn@t1,20260913,2018Q1,20000,638,0.020377282297733473,0.0319
