matrix,model,context_seed,cohort,age_quarters,rows,defaults,auc,brier
primary,gbm,,2005H1,1,24233,248,0.7981751867766816,0.010008711992076319
primary,gbm,,2005H2,3,24082,266,0.8099507723372926,0.010717707598196841
primary,gbm,,2006H1,5,23280,405,0.7839518046279431,0.016815785431585562
primary,gbm-50k,20260911,2005H1,1,24233,248,0.7887211092954602,0.010080153493495848
primary,gbm-50k,20260911,2005H2,3,24082,266,0.8029782215026986,0.010790482957986038
primary,gbm-50k,20260911,2006H1,5,23280,405,0.7853401335761991,0.0168071328208745
primary,gbm-50k,20260912,2005H1,1,24233,248,0.7929852831406726,0.00997789469492298
primary,gbm-50k,20260912,2005H2,3,24082,266,0.8127850803528809,0.010731779989019792
primary,gbm-50k,20260912,2006H1,5,23280,405,0.7807575254671794,0.016842213872173748
primary,gbm-50k,20260913,2005H1,1,24233,248,0.8085582723072888,0.010057064691057669
primary,gbm-50k,20260913,2005H2,3,24082,266,0.7998057160031419,0.010767111740060587
primary,gbm-50k,20260913,2006H1,5,23280,405,0.7802738447008029,0.01685907420381477
primary,scorecard,,2005H1,1,24233,248,0.81074629977069,0.009976683965581481
primary,scorecard,,2005H2,3,24082,266,0.8183946598104263,0.010714960048346768
primary,scorecard,,2006H1,5,23280,405,0.7888714565202726,0.016771600379484816
primary,tabicl,20260911,2005H1,1,24233,248,0.7995964379618983,0.009945669283748326
primary,tabicl,20260911,2005H2,3,24082,266,0.8195255101138806,0.010696996658432828
primary,tabicl,20260911,2006H1,5,23280,405,0.7972869189772651,0.016732090127128604
primary,tabicl,20260912,2005H1,1,24233,248,0.7936395058739669,0.009970542507618725
primary,tabicl,20260912,2005H2,3,24082,266,0.8182121042023938,0.010733972109720026
primary,tabicl,20260912,2006H1,5,23280,405,0.7940739121635296,0.016762539229273486
primary,tabicl,20260913,2005H1,1,24233,248,0.7979049405878674,0.009969330051945956
primary,tabicl,20260913,2005H2,3,24082,266,0.8191802092988602,0.010710270578932861
primary,tabicl,20260913,2006H1,5,23280,405,0.8011648923969507,0.016731480710562543
primary,tabpfn,20260911,2005H1,1,24233,248,0.8010535818757691,0.00994302245777599
primary,tabpfn,20260911,2005H2,3,24082,266,0.8210890322042931,0.010680643315970562
primary,tabpfn,20260911,2006H1,5,23280,405,0.7991901234567901,0.016716877382076254
primary,tabpfn,20260912,2005H1,1,24233,248,0.7989153166965913,0.00996447075643937
primary,tabpfn,20260912,2005H2,3,24082,266,0.8197660762588366,0.010722062103235279
primary,tabpfn,20260912,2006H1,5,23280,405,0.7965537880321123,0.016742857239535624
primary,tabpfn,20260913,2005H1,1,24233,248,0.8046820257284458,0.009948997243600719
primary,tabpfn,20260913,2005H2,3,24082,266,0.822547267143337,0.010685907806521748
primary,tabpfn,20260913,2006H1,5,23280,405,0.8025309856304392,0.01672735756332999
upb_nominal,gbm,,2005H1,1,24233,248,0.806303755035069,0.009981841697399137
upb_nominal,gbm,,2005H2,3,24082,266,0.8138875173321277,0.01069950376838083
upb_nominal,gbm,,2006H1,5,23280,405,0.7904646562774067,0.01678927833266678
upb_nominal,gbm-50k,20260911,2005H1,1,24233,248,0.7869042815738331,0.010036625147118778
upb_nominal,gbm-50k,20260911,2005H2,3,24082,266,0.8000123440108501,0.010762817351177505
upb_nominal,gbm-50k,20260911,2006H1,5,23280,405,0.7858772987924172,0.01679239073258439
upb_nominal,gbm-50k,20260912,2005H1,1,24233,248,0.8005910111830646,0.009959916390076056
upb_nominal,gbm-50k,20260912,2005H2,3,24082,266,0.8185899224884515,0.01073004622187925
upb_nominal,gbm-50k,20260912,2006H1,5,23280,405,0.7844607434392498,0.01681749098927751
upb_nominal,gbm-50k,20260913,2005H1,1,24233,248,0.8104120855104333,0.010003168516722479
upb_nominal,gbm-50k,20260913,2005H2,3,24082,266,0.8086251329112165,0.01072260591012628
upb_nominal,gbm-50k,20260913,2006H1,5,23280,405,0.7885263711799231,0.0167688881049288
upb_nominal,scorecard,,2005H1,1,24233,248,0.8113446239921456,0.009962529360111785
upb_nominal,scorecard,,2005H2,3,24082,266,0.8198191144640237,0.010706011995640299
upb_nominal,scorecard,,2006H1,5,23280,405,0.7909869796937192,0.016792974458915474
upb_nominal,tabicl,20260911,2005H1,1,24233,248,0.7985421836228288,0.009953352779868788
upb_nominal,tabicl,20260911,2005H2,3,24082,266,0.8199206920980651,0.01071440294108984
upb_nominal,tabicl,20260911,2006H1,5,23280,405,0.7994281319570937,0.0168087634576753
upb_nominal,tabicl,20260912,2005H1,1,24233,248,0.7942562387782687,0.009974646666362337
upb_nominal,tabicl,20260912,2005H2,3,24082,266,0.8192682906039032,0.010742566409926418
upb_nominal,tabicl,20260912,2006H1,5,23280,405,0.7979219321324968,0.016821283783648777
upb_nominal,tabicl,20260913,2005H1,1,24233,248,0.7974179931005265,0.009970653164301572
upb_nominal,tabicl,20260913,2005H2,3,24082,266,0.8203625192894901,0.010718958413414142
upb_nominal,tabicl,20260913,2006H1,5,23280,405,0.8072382648586656,0.016786140787062965
upb_nominal,tabpfn,20260911,2005H1,1,24233,248,0.8014232685751175,0.009949992939295533
upb_nominal,tabpfn,20260911,2005H2,3,24082,266,0.8213707976693497,0.010697604044529225
upb_nominal,tabpfn,20260911,2006H1,5,23280,405,0.7994336369156041,0.016780144886067997
upb_nominal,tabpfn,20260912,2005H1,1,24233,248,0.7994963249880638,0.009970246372165235
upb_nominal,tabpfn,20260912,2005H2,3,24082,266,0.8201048262241092,0.010733638484228793
upb_nominal,tabpfn,20260912,2006H1,5,23280,405,0.7979007758213587,0.016805075594839358
upb_nominal,tabpfn,20260913,2005H1,1,24233,248,0.8031175398602621,0.009959924334406981
upb_nominal,tabpfn,20260913,2005H2,3,24082,266,0.8214964477030668,0.010699732151227511
upb_nominal,tabpfn,20260913,2006H1,5,23280,405,0.8041093975578493,0.016783869538980693
