arm,build_id,characteristic,bin,count,count_share,non_event,event,event_rate,woe,iv
E,2013H1-E,annual_inc,"(-inf, 28301.59)",3967,0.078385,3785,182,0.045878,-0.557637,0.031992
E,2013H1-E,annual_inc,"[28301.59, 41502.20)",8564,0.169219,8279,285,0.033279,-0.223443,0.009404
E,2013H1-E,annual_inc,"[41502.20, 52184.00)",8417,0.166314,8168,249,0.029583,-0.101905,0.001813
E,2013H1-E,annual_inc,"[52184.00, 71322.00)",11631,0.229821,11314,317,0.027255,-0.017537,7.1e-05
E,2013H1-E,annual_inc,"[71322.00, 102015.50)",10943,0.216226,10719,224,0.02047,0.275696,0.014457
E,2013H1-E,annual_inc,"[102015.50, inf)",7087,0.140034,6988,99,0.013969,0.664399,0.045758
E,2013H1-E,annual_inc,Special,0,0.0,0,0,0.0,0.0,0.0
E,2013H1-E,annual_inc,Missing,0,0.0,0,0,0.0,0.0,0.0
E,2013H1-E,home_ownership,"OTHER, MORTGAGE",22752,0.449564,22268,484,0.021273,0.23639,0.0225
E,2013H1-E,home_ownership,OWN,3820,0.075481,3703,117,0.030628,-0.137706,0.001529
E,2013H1-E,home_ownership,RENT,24037,0.474955,23282,755,0.03141,-0.163713,0.013765
E,2013H1-E,home_ownership,Special,0,0.0,0,0,0.0,0.0,0.0
E,2013H1-E,home_ownership,Missing,0,0.0,0,0,0.0,0.0,0.0
E,2013H1-E,inq_last_6mths,"(-inf, 0.50)",25017,0.494319,24549,468,0.018707,0.367527,0.05634
E,2013H1-E,inq_last_6mths,"[0.50, 1.50)",13823,0.273133,13423,400,0.028937,-0.079171,0.001778
E,2013H1-E,inq_last_6mths,"[1.50, 2.50)",6989,0.138098,6732,257,0.036772,-0.32688,0.017274
E,2013H1-E,inq_last_6mths,"[2.50, inf)",4780,0.09445,4549,231,0.048326,-0.612186,0.047747
E,2013H1-E,inq_last_6mths,Special,0,0.0,0,0,0.0,0.0,0.0
E,2013H1-E,inq_last_6mths,Missing,0,0.0,0,0,0.0,0.0,0.0
E,2013H1-E,purpose,"car, credit_card",9310,0.183959,9176,134,0.014393,0.634076,0.055471
E,2013H1-E,purpose,home_improvement,3654,0.072201,3569,85,0.023262,0.144958,0.001417
E,2013H1-E,purpose,"house, major_purchase",2900,0.057302,2830,70,0.024138,0.107106,0.000625
E,2013H1-E,purpose,debt_consolidation,25328,0.500464,24682,646,0.025505,0.050599,0.001251
E,2013H1-E,purpose,"other, wedding, vacation",5725,0.113122,5513,212,0.037031,-0.334153,0.01484
E,2013H1-E,purpose,"medical, moving, educational, renewable_energy, small_business",3692,0.072951,3483,209,0.056609,-0.779116,0.064989
E,2013H1-E,purpose,Special,0,0.0,0,0,0.0,0.0,0.0
E,2013H1-E,purpose,Missing,0,0.0,0,0,0.0,0.0,0.0
E,2013H1-E,revol_bal,"(-inf, 2042.50)",6234,0.12318,5999,235,0.037697,-0.352669,0.018164
E,2013H1-E,revol_bal,"[2042.50, 3348.50)",3344,0.066075,3243,101,0.030203,-0.123298,0.001065
E,2013H1-E,revol_bal,"[3348.50, 7411.50)",10207,0.201683,9953,254,0.024885,0.075864,0.00112
E,2013H1-E,revol_bal,"[7411.50, inf)",30824,0.609062,30058,766,0.024851,0.077271,0.003507
E,2013H1-E,revol_bal,Special,0,0.0,0,0,0.0,0.0,0.0
E,2013H1-E,revol_bal,Missing,0,0.0,0,0,0.0,0.0,0.0
E,2013H1-E,revol_util,"(-inf, 38.05)",16136,0.318837,15784,352,0.021815,0.21069,0.012827
E,2013H1-E,revol_util,"[38.05, 55.45)",9448,0.186686,9229,219,0.02318,0.148603,0.003845
E,2013H1-E,revol_util,"[55.45, 71.55)",10045,0.198482,9773,272,0.027078,-0.010854,2.4e-05
E,2013H1-E,revol_util,"[71.55, 92.75)",12169,0.240451,11781,388,0.031884,-0.179193,0.008412
E,2013H1-E,revol_util,"[92.75, inf)",2763,0.054595,2647,116,0.041983,-0.464839,0.014783
E,2013H1-E,revol_util,Special,0,0.0,0,0,0.0,0.0,0.0
E,2013H1-E,revol_util,Missing,48,0.000948,39,9,0.1875,-2.126094,0.012428
E,2013H1-E,sub_grade,"(-inf, 5.50)",12898,0.254856,12760,138,0.010699,0.934386,0.146979
E,2013H1-E,sub_grade,"[5.50, 9.50)",12371,0.244443,12104,267,0.021583,0.221612,0.010825
E,2013H1-E,sub_grade,"[9.50, 10.50)",3323,0.06566,3243,80,0.024075,0.109796,0.000752
E,2013H1-E,sub_grade,"[10.50, 12.50)",5571,0.110079,5413,158,0.028361,-0.058467,0.000387
E,2013H1-E,sub_grade,"[12.50, 22.50)",12702,0.250983,12191,511,0.04023,-0.420347,0.054362
E,2013H1-E,sub_grade,"[22.50, inf)",3744,0.073979,3542,202,0.053953,-0.728252,0.056114
E,2013H1-E,sub_grade,Special,0,0.0,0,0,0.0,0.0,0.0
E,2013H1-E,sub_grade,Missing,0,0.0,0,0,0.0,0.0,0.0
E,2013H1-E,term,"(-inf, 48.00)",36052,0.712363,35227,825,0.022884,0.161754,0.017278
E,2013H1-E,term,"[48.00, inf)",14557,0.287637,14026,531,0.036477,-0.318525,0.034024
E,2013H1-E,term,Special,0,0.0,0,0,0.0,0.0,0.0
E,2013H1-E,term,Missing,0,0.0,0,0,0.0,0.0,0.0
E,2013H1-E,total_acc,"(-inf, 7.50)",2804,0.055405,2672,132,0.047076,-0.58465,0.025195
E,2013H1-E,total_acc,"[7.50, 11.50)",5417,0.107036,5227,190,0.035075,-0.277862,0.009445
E,2013H1-E,total_acc,"[11.50, 14.50)",5212,0.102986,5065,147,0.028204,-0.052754,0.000294
E,2013H1-E,total_acc,"[14.50, 19.50)",9380,0.185343,9151,229,0.024414,0.095465,0.001615
E,2013H1-E,total_acc,"[19.50, inf)",27796,0.54923,27138,658,0.023672,0.127054,0.008353
E,2013H1-E,total_acc,Special,0,0.0,0,0,0.0,0.0,0.0
E,2013H1-E,total_acc,Missing,0,0.0,0,0,0.0,0.0,0.0
E,2013H2-E,annual_inc,"(-inf, 28578.00)",6027,0.07053,5774,253,0.041978,-0.491791,0.021675
E,2013H2-E,annual_inc,"[28578.00, 34001.00)",5101,0.059694,4927,174,0.034111,-0.276092,0.005197
E,2013H2-E,annual_inc,"[34001.00, 50014.00)",21542,0.252092,20903,639,0.029663,-0.131779,0.004662
E,2013H2-E,annual_inc,"[50014.00, 73652.50)",23839,0.278972,23201,638,0.026763,-0.02591,0.00019
E,2013H2-E,annual_inc,"[73652.50, 100816.50)",16748,0.195991,16401,347,0.020719,0.236251,0.009797
E,2013H2-E,annual_inc,"[100816.50, inf)",12196,0.142722,12017,179,0.014677,0.58717,0.037653
E,2013H2-E,annual_inc,Special,0,0.0,0,0,0.0,0.0,0.0
E,2013H2-E,annual_inc,Missing,0,0.0,0,0,0.0,0.0,0.0
E,2013H2-E,credit_history_months,"(-inf, 78.50)",8255,0.096603,7950,305,0.036947,-0.358907,0.014803
E,2013H2-E,credit_history_months,"[78.50, 128.50)",18029,0.210981,17504,525,0.02912,-0.112736,0.00283
E,2013H2-E,credit_history_months,"[128.50, 158.50)",16814,0.196763,16354,460,0.027358,-0.048521,0.000474
E,2013H2-E,credit_history_months,"[158.50, 188.50)",12584,0.147262,12261,323,0.025668,0.017004,4.2e-05
E,2013H2-E,credit_history_months,"[188.50, 279.50)",20887,0.244427,20447,440,0.021066,0.219295,0.010609
E,2013H2-E,credit_history_months,"[279.50, inf)",8884,0.103964,8707,177,0.019923,0.276211,0.006974
E,2013H2-E,credit_history_months,Special,0,0.0,0,0,0.0,0.0,0.0
E,2013H2-E,credit_history_months,Missing,0,0.0,0,0,0.0,0.0,0.0
E,2013H2-E,fico_range_low,"(-inf, 672.50)",13641,0.159632,13088,553,0.04054,-0.455429,0.041316
E,2013H2-E,fico_range_low,"[672.50, 682.50)",11159,0.130586,10813,346,0.031006,-0.177457,0.004477
E,2013H2-E,fico_range_low,"[682.50, 707.50)",25707,0.300832,25028,679,0.026413,-0.012393,4.6e-05
E,2013H2-E,fico_range_low,"[707.50, 732.50)",16866,0.197372,16512,354,0.020989,0.223024,0.008846
E,2013H2-E,fico_range_low,"[732.50, 767.50)",12517,0.146478,12287,230,0.018375,0.358696,0.015962
E,2013H2-E,fico_range_low,"[767.50, inf)",5563,0.0651,5495,68,0.012224,0.772564,0.027452
E,2013H2-E,fico_range_low,Special,0,0.0,0,0,0.0,0.0,0.0
E,2013H2-E,fico_range_low,Missing,0,0.0,0,0,0.0,0.0,0.0
E,2013H2-E,home_ownership,"OTHER, MORTGAGE, NONE",39903,0.466958,39045,858,0.021502,0.198344,0.016742
E,2013H2-E,home_ownership,OWN,6565,0.076826,6376,189,0.028789,-0.100973,0.000822
E,2013H2-E,home_ownership,RENT,38985,0.456216,37802,1183,0.030345,-0.155214,0.011838
E,2013H2-E,home_ownership,Special,0,0.0,0,0,0.0,0.0,0.0
E,2013H2-E,home_ownership,Missing,0,0.0,0,0,0.0,0.0,0.0
E,2013H2-E,inq_last_6mths,"(-inf, 0.50)",41855,0.489801,41083,772,0.018445,0.354843,0.052326
E,2013H2-E,inq_last_6mths,"[0.50, 1.50)",23626,0.276479,22949,677,0.028655,-0.096164,0.002677
E,2013H2-E,inq_last_6mths,"[1.50, 2.50)",12249,0.143342,11812,437,0.035676,-0.322584,0.01743
E,2013H2-E,inq_last_6mths,"[2.50, inf)",7723,0.090377,7379,344,0.044542,-0.55377,0.036324
E,2013H2-E,inq_last_6mths,Special,0,0.0,0,0,0.0,0.0,0.0
E,2013H2-E,inq_last_6mths,Missing,0,0.0,0,0,0.0,0.0,0.0
E,2013H2-E,purpose,"car, credit_card",16655,0.194902,16399,256,0.015371,0.540276,0.044438
E,2013H2-E,purpose,"major_purchase, home_improvement",8582,0.100429,8381,201,0.023421,0.110895,0.001172
E,2013H2-E,purpose,"debt_consolidation, vacation",46940,0.549308,45754,1186,0.025266,0.033171,0.000595
E,2013H2-E,purpose,"house, other, wedding",8226,0.096263,7924,302,0.036713,-0.352298,0.014167
E,2013H2-E,purpose,"medical, educational, moving, renewable_energy, small_business",5050,0.059097,4765,285,0.056436,-0.802959,0.056646
E,2013H2-E,purpose,Special,0,0.0,0,0,0.0,0.0,0.0
E,2013H2-E,purpose,Missing,0,0.0,0,0,0.0,0.0,0.0
E,2013H2-E,revol_bal,"(-inf, 2047.50)",7940,0.092917,7613,327,0.041184,-0.47187,0.026028
E,2013H2-E,revol_bal,"[2047.50, 3627.50)",5606,0.065603,5445,161,0.028719,-0.098473,0.000667
E,2013H2-E,revol_bal,"[3627.50, 7443.50)",15963,0.186804,15551,412,0.02581,0.011335,2.4e-05
E,2013H2-E,revol_bal,"[7443.50, 22420.50)",40442,0.473266,39463,979,0.024208,0.077065,0.00271
E,2013H2-E,revol_bal,"[22420.50, inf)",15502,0.18141,15151,351,0.022642,0.145513,0.003587
E,2013H2-E,revol_bal,Special,0,0.0,0,0,0.0,0.0,0.0
E,2013H2-E,revol_bal,Missing,0,0.0,0,0,0.0,0.0,0.0
E,2013H2-E,revol_util,"(-inf, 56.95)",41757,0.488655,40785,972,0.023278,0.117192,0.006351
E,2013H2-E,revol_util,"[56.95, 66.15)",10742,0.125707,10487,255,0.023739,0.097106,0.001132
E,2013H2-E,revol_util,"[66.15, 71.55)",6341,0.074205,6177,164,0.025863,0.009199,6e-06
E,2013H2-E,revol_util,"[71.55, 92.75)",22264,0.260541,21606,658,0.029554,-0.128001,0.004538
E,2013H2-E,revol_util,"[92.75, inf)",4277,0.050051,4105,172,0.040215,-0.447056,0.01243
E,2013H2-E,revol_util,Special,0,0.0,0,0,0.0,0.0,0.0
E,2013H2-E,revol_util,Missing,72,0.000843,63,9,0.125,-1.673612,0.005488
E,2013H2-E,sub_grade,"(-inf, 3.50)",8827,0.103297,8738,89,0.010083,0.967278,0.062955
E,2013H2-E,sub_grade,"[3.50, 5.50)",10219,0.119586,10081,138,0.013504,0.671632,0.039793
E,2013H2-E,sub_grade,"[5.50, 9.50)",22368,0.261758,21921,447,0.019984,0.27312,0.017194
E,2013H2-E,sub_grade,"[9.50, 12.50)",15800,0.184897,15389,411,0.026013,0.003293,2e-06
E,2013H2-E,sub_grade,"[12.50, 18.50)",15543,0.181889,14957,586,0.037702,-0.379907,0.031554
E,2013H2-E,sub_grade,"[18.50, inf)",12696,0.148573,12137,559,0.04403,-0.541658,0.056785
E,2013H2-E,sub_grade,Special,0,0.0,0,0,0.0,0.0,0.0
E,2013H2-E,sub_grade,Missing,0,0.0,0,0,0.0,0.0,0.0
E,2013H2-E,term,"(-inf, 48.00)",64555,0.755445,63045,1510,0.023391,0.112217,0.009024
E,2013H2-E,term,"[48.00, inf)",20898,0.244555,20178,720,0.034453,-0.286425,0.023032
E,2013H2-E,term,Special,0,0.0,0,0,0.0,0.0,0.0
E,2013H2-E,term,Missing,0,0.0,0,0,0.0,0.0,0.0
E,2013H2-E,total_acc,"(-inf, 10.50)",9554,0.111804,9176,378,0.039565,-0.43007,0.025481
E,2013H2-E,total_acc,"[10.50, 14.50)",10639,0.124501,10344,295,0.027728,-0.062336,0.000498
E,2013H2-E,total_acc,"[14.50, 19.50)",15633,0.182943,15223,410,0.026227,-0.005117,5e-06
E,2013H2-E,total_acc,"[19.50, 29.50)",27767,0.324939,27113,654,0.023553,0.105139,0.003418
E,2013H2-E,total_acc,"[29.50, inf)",21860,0.255813,21367,493,0.022553,0.149572,0.005335
E,2013H2-E,total_acc,Special,0,0.0,0,0,0.0,0.0,0.0
E,2013H2-E,total_acc,Missing,0,0.0,0,0,0.0,0.0,0.0
E,2014H1-E,annual_inc,"(-inf, 27842.50)",7644,0.055061,7327,317,0.04147,-0.527784,0.019858
E,2014H1-E,annual_inc,"[27842.50, 43258.00)",26361,0.189884,25531,830,0.031486,-0.241981,0.012494
E,2014H1-E,annual_inc,"[43258.00, 50010.00)",16185,0.116584,15727,458,0.028298,-0.131939,0.002162
E,2014H1-E,annual_inc,"[50010.00, 73652.50)",38881,0.280068,37894,987,0.025385,-0.020326,0.000117
E,2014H1-E,annual_inc,"[73652.50, 100813.00)",28709,0.206797,28164,545,0.018984,0.27681,0.013925
E,2014H1-E,annual_inc,"[100813.00, inf)",21047,0.151606,20729,318,0.015109,0.509033,0.031095
E,2014H1-E,annual_inc,Special,0,0.0,0,0,0.0,0.0,0.0
E,2014H1-E,annual_inc,Missing,0,0.0,0,0,0.0,0.0,0.0
E,2014H1-E,credit_history_months,"(-inf, 78.50)",11405,0.082153,10995,410,0.035949,-0.379165,0.014199
E,2014H1-E,credit_history_months,"[78.50, 131.50)",29871,0.215167,29009,862,0.028857,-0.152098,0.005354
E,2014H1-E,credit_history_months,"[131.50, 166.50)",30946,0.222911,30161,785,0.025367,-0.019583,8.6e-05
E,2014H1-E,credit_history_months,"[166.50, 188.50)",14984,0.107933,14625,359,0.023959,0.038961,0.000161
E,2014H1-E,credit_history_months,"[188.50, 278.50)",35303,0.254295,34574,729,0.02065,0.190979,0.00848
E,2014H1-E,credit_history_months,"[278.50, inf)",16318,0.117542,16008,310,0.018997,0.276067,0.007875
E,2014H1-E,credit_history_months,Special,0,0.0,0,0,0.0,0.0,0.0
E,2014H1-E,credit_history_months,Missing,0,0.0,0,0,0.0,0.0,0.0
E,2014H1-E,fico_range_low,"(-inf, 672.50)",25632,0.184633,24695,937,0.036556,-0.396531,0.035203
E,2014H1-E,fico_range_low,"[672.50, 682.50)",20106,0.144828,19512,594,0.029543,-0.176298,0.004899
E,2014H1-E,fico_range_low,"[682.50, 697.50)",28679,0.206581,27927,752,0.026221,-0.053591,0.000609
E,2014H1-E,fico_range_low,"[697.50, 707.50)",16059,0.115676,15712,347,0.021608,0.144651,0.002261
E,2014H1-E,fico_range_low,"[707.50, 767.50)",41218,0.296902,40471,747,0.018123,0.324072,0.026818
E,2014H1-E,fico_range_low,"[767.50, inf)",7133,0.05138,7055,78,0.010935,0.836579,0.024712
E,2014H1-E,fico_range_low,Special,0,0.0,0,0,0.0,0.0,0.0
E,2014H1-E,fico_range_low,Missing,0,0.0,0,0,0.0,0.0,0.0
E,2014H1-E,home_ownership,"MORTGAGE, OTHER, NONE",68352,0.492354,66969,1383,0.020233,0.211771,0.019994
E,2014H1-E,home_ownership,OWN,10529,0.075843,10238,291,0.027638,-0.107666,0.000926
E,2014H1-E,home_ownership,RENT,59946,0.431804,58165,1781,0.02971,-0.182095,0.015627
E,2014H1-E,home_ownership,Special,0,0.0,0,0,0.0,0.0,0.0
E,2014H1-E,home_ownership,Missing,0,0.0,0,0,0.0,0.0,0.0
E,2014H1-E,inq_last_6mths,"(-inf, 0.50)",69007,0.497072,67792,1215,0.017607,0.353496,0.052713
E,2014H1-E,inq_last_6mths,"[0.50, 1.50)",38854,0.279874,37808,1046,0.026921,-0.080657,0.001892
E,2014H1-E,inq_last_6mths,"[1.50, 2.50)",19023,0.137027,18353,670,0.035221,-0.357933,0.020884
E,2014H1-E,inq_last_6mths,"[2.50, inf)",11943,0.086028,11419,524,0.043875,-0.586662,0.039489
E,2014H1-E,inq_last_6mths,Special,0,0.0,0,0,0.0,0.0,0.0
E,2014H1-E,inq_last_6mths,Missing,0,0.0,0,0,0.0,0.0,0.0
E,2014H1-E,open_acc,"(-inf, 4.50)",7762,0.055911,7458,304,0.039165,-0.468189,0.015401
E,2014H1-E,open_acc,"[4.50, 5.50)",7413,0.053397,7198,215,0.029003,-0.157284,0.001424
E,2014H1-E,open_acc,"[5.50, 6.50)",10411,0.074993,10144,267,0.025646,-0.030815,7.2e-05
E,2014H1-E,open_acc,"[6.50, 8.50)",25270,0.182025,24641,629,0.024891,-0.000168,0.0
E,2014H1-E,open_acc,"[8.50, 12.50)",47928,0.345235,46755,1173,0.024474,0.017153,0.000101
E,2014H1-E,open_acc,"[12.50, inf)",40043,0.288438,39176,867,0.021652,0.142577,0.005483
E,2014H1-E,open_acc,Special,0,0.0,0,0,0.0,0.0,0.0
E,2014H1-E,open_acc,Missing,0,0.0,0,0,0.0,0.0,0.0
E,2014H1-E,purpose,"car, credit_card",30048,0.216442,29565,483,0.016074,0.446126,0.035066
E,2014H1-E,purpose,home_improvement,8587,0.061854,8394,193,0.022476,0.104378,0.000641
E,2014H1-E,purpose,"debt_consolidation, major_purchase, house",83351,0.600395,81320,2031,0.024367,0.02166,0.000279
E,2014H1-E,purpose,"vacation, wedding, medical, other, educational, moving, renewable_energy, small_business",16841,0.121309,16093,748,0.044415,-0.599467,0.058519
E,2014H1-E,purpose,Special,0,0.0,0,0,0.0,0.0,0.0
E,2014H1-E,purpose,Missing,0,0.0,0,0,0.0,0.0,0.0
E,2014H1-E,revol_bal,"(-inf, 2062.50)",9699,0.069864,9308,391,0.040313,-0.498282,0.022129
E,2014H1-E,revol_bal,"[2062.50, 3627.50)",7499,0.054017,7293,206,0.02747,-0.10141,0.000583
E,2014H1-E,revol_bal,"[3627.50, 7656.50)",26570,0.191389,25901,669,0.025179,-0.011951,2.7e-05
E,2014H1-E,revol_bal,"[7656.50, 12762.50)",31331,0.225684,30556,775,0.024736,0.006249,9e-06
E,2014H1-E,revol_bal,"[12762.50, 16188.50)",15944,0.114848,15565,379,0.023771,0.04704,0.000249
E,2014H1-E,revol_bal,"[16188.50, inf)",47784,0.344198,46749,1035,0.02166,0.142187,0.006508
E,2014H1-E,revol_bal,Special,0,0.0,0,0,0.0,0.0,0.0
E,2014H1-E,revol_bal,Missing,0,0.0,0,0,0.0,0.0,0.0
E,2014H1-E,revol_util,"(-inf, 56.95)",64314,0.463267,62881,1433,0.022281,0.11327,0.005634
E,2014H1-E,revol_util,"[56.95, 67.15)",20615,0.148494,20121,494,0.023963,0.03878,0.000219
E,2014H1-E,revol_util,"[67.15, 73.25)",12391,0.089255,12079,312,0.02518,-0.011984,1.3e-05
E,2014H1-E,revol_util,"[73.25, 92.55)",34276,0.246897,33335,941,0.027454,-0.100784,0.002632
E,2014H1-E,revol_util,"[92.55, inf)",7134,0.051388,6869,265,0.037146,-0.41316,0.010725
E,2014H1-E,revol_util,Special,0,0.0,0,0,0.0,0.0,0.0
E,2014H1-E,revol_util,Missing,97,0.000699,87,10,0.103093,-1.504881,0.003389
E,2014H1-E,sub_grade,"(-inf, 3.50)",12129,0.087368,12031,98,0.00808,1.14207,0.069105
E,2014H1-E,sub_grade,"[3.50, 5.50)",13886,0.100024,13716,170,0.012243,0.722316,0.037645
E,2014H1-E,sub_grade,"[5.50, 9.50)",38296,0.275854,37635,661,0.01726,0.373732,0.032401
E,2014H1-E,sub_grade,"[9.50, 14.50)",35681,0.257018,34770,911,0.025532,-0.026237,0.000179
E,2014H1-E,sub_grade,"[14.50, 22.50)",29076,0.209441,27960,1116,0.038382,-0.44718,0.052082
E,2014H1-E,sub_grade,"[22.50, inf)",9759,0.070296,9260,499,0.051132,-0.747351,0.056817
E,2014H1-E,sub_grade,Special,0,0.0,0,0,0.0,0.0,0.0
E,2014H1-E,sub_grade,Missing,0,0.0,0,0,0.0,0.0,0.0
E,2014H1-E,term,"(-inf, 48.00)",105679,0.761228,103280,2399,0.022701,0.094188,0.006459
E,2014H1-E,term,"[48.00, inf)",33148,0.238772,32092,1056,0.031857,-0.254085,0.017425
E,2014H1-E,term,Special,0,0.0,0,0,0.0,0.0,0.0
E,2014H1-E,term,Missing,0,0.0,0,0,0.0,0.0,0.0
E,2014H1-E,total_acc,"(-inf, 10.50)",13097,0.09434,12607,490,0.037413,-0.420602,0.020481
E,2014H1-E,total_acc,"[10.50, 12.50)",7646,0.055076,7424,222,0.029035,-0.158408,0.001491
E,2014H1-E,total_acc,"[12.50, 19.50)",34043,0.245219,33175,868,0.025497,-0.024844,0.000153
E,2014H1-E,total_acc,"[19.50, 28.50)",42650,0.307217,41667,983,0.023048,0.078652,0.001831
E,2014H1-E,total_acc,"[28.50, 36.50)",23230,0.167331,22718,512,0.02204,0.124384,0.002441
E,2014H1-E,total_acc,"[36.50, inf)",18161,0.130817,17781,380,0.020924,0.17751,0.003792
E,2014H1-E,total_acc,Special,0,0.0,0,0,0.0,0.0,0.0
E,2014H1-E,total_acc,Missing,0,0.0,0,0,0.0,0.0,0.0
E,2014H2-E,annual_inc,"(-inf, 28687.50)",12138,0.055106,11667,471,0.038804,-0.522524,0.019449
E,2014H2-E,annual_inc,"[28687.50, 34001.00)",11395,0.051733,11039,356,0.031242,-0.297926,0.005306
E,2014H2-E,annual_inc,"[34001.00, 50200.46)",53353,0.24222,51903,1450,0.027177,-0.154372,0.006217
E,2014H2-E,annual_inc,"[50200.46, 70558.00)",57472,0.26092,56102,1370,0.023838,-0.019825,0.000104
E,2014H2-E,annual_inc,"[70558.00, 100131.00)",51426,0.233471,50452,974,0.01894,0.215181,0.009771
E,2014H2-E,annual_inc,"[100131.00, inf)",34483,0.156551,33954,529,0.015341,0.429588,0.023679
E,2014H2-E,annual_inc,Special,0,0.0,0,0,0.0,0.0,0.0
E,2014H2-E,annual_inc,Missing,0,0.0,0,0,0.0,0.0,0.0
E,2014H2-E,credit_history_months,"(-inf, 75.50)",13576,0.061634,13089,487,0.035872,-0.440922,0.014867
E,2014H2-E,credit_history_months,"[75.50, 93.50)",12297,0.055828,11937,360,0.029275,-0.230891,0.003328
E,2014H2-E,credit_history_months,"[93.50, 141.50)",47393,0.215162,46135,1258,0.026544,-0.130137,0.003879
E,2014H2-E,credit_history_months,"[141.50, 193.50)",64817,0.294266,63327,1490,0.022988,0.01735,8.8e-05
E,2014H2-E,credit_history_months,"[193.50, 278.50)",53249,0.241748,52205,1044,0.019606,0.179933,0.007191
E,2014H2-E,credit_history_months,"[278.50, inf)",28935,0.131363,28424,511,0.01766,0.286434,0.009426
E,2014H2-E,credit_history_months,Special,0,0.0,0,0,0.0,0.0,0.0
E,2014H2-E,credit_history_months,Missing,0,0.0,0,0,0.0,0.0,0.0
E,2014H2-E,emp_length,"(-inf, 0.50)",16420,0.074546,15948,472,0.028745,-0.212076,0.003714
E,2014H2-E,emp_length,"[0.50, 1.50)",13700,0.062197,13337,363,0.026496,-0.128291,0.001089
E,2014H2-E,emp_length,"[1.50, 6.50)",81379,0.369456,79367,2012,0.024724,-0.057232,0.001244
E,2014H2-E,emp_length,"[6.50, 7.50)",12706,0.057685,12407,299,0.023532,-0.006613,3e-06
E,2014H2-E,emp_length,"[7.50, 9.50)",18312,0.083135,17909,403,0.022007,0.061937,0.00031
E,2014H2-E,emp_length,"[9.50, inf)",68801,0.312353,67474,1327,0.019288,0.196636,0.01101
E,2014H2-E,emp_length,Special,0,0.0,0,0,0.0,0.0,0.0
E,2014H2-E,emp_length,Missing,8949,0.040628,8675,274,0.030618,-0.277113,0.003568
E,2014H2-E,fico_range_low,"(-inf, 672.50)",45177,0.205101,43695,1482,0.032804,-0.348344,0.029486
E,2014H2-E,fico_range_low,"[672.50, 692.50)",64632,0.293426,62952,1680,0.025993,-0.108607,0.003646
E,2014H2-E,fico_range_low,"[692.50, 697.50)",14633,0.066433,14287,346,0.023645,-0.011519,9e-06
E,2014H2-E,fico_range_low,"[697.50, 707.50)",25413,0.115374,24896,517,0.020344,0.142234,0.002182
E,2014H2-E,fico_range_low,"[707.50, 752.50)",54355,0.246769,53431,924,0.016999,0.325249,0.02243
E,2014H2-E,fico_range_low,"[752.50, inf)",16057,0.072898,15856,201,0.012518,0.635813,0.02205
E,2014H2-E,fico_range_low,Special,0,0.0,0,0,0.0,0.0,0.0
E,2014H2-E,fico_range_low,Missing,0,0.0,0,0,0.0,0.0,0.0
E,2014H2-E,home_ownership,"MORTGAGE, OTHER",111926,0.508138,109801,2125,0.018986,0.212712,0.020804
E,2014H2-E,home_ownership,"NONE, OWN",17858,0.081074,17406,452,0.025311,-0.081297,0.000557
E,2014H2-E,home_ownership,RENT,90483,0.410788,87910,2573,0.028436,-0.200944,0.018276
E,2014H2-E,home_ownership,Special,0,0.0,0,0,0.0,0.0,0.0
E,2014H2-E,home_ownership,Missing,0,0.0,0,0,0.0,0.0,0.0
E,2014H2-E,inq_last_6mths,"(-inf, 0.50)",111451,0.505981,109548,1903,0.017075,0.320746,0.044819
E,2014H2-E,inq_last_6mths,"[0.50, 1.50)",61666,0.27996,60113,1553,0.025184,-0.076148,0.001684
E,2014H2-E,inq_last_6mths,"[1.50, 2.50)",29091,0.132072,28133,958,0.032931,-0.352335,0.019463
E,2014H2-E,inq_last_6mths,"[2.50, inf)",18059,0.081987,17323,736,0.040755,-0.573625,0.035785
E,2014H2-E,inq_last_6mths,Special,0,0.0,0,0,0.0,0.0,0.0
E,2014H2-E,inq_last_6mths,Missing,0,0.0,0,0,0.0,0.0,0.0
E,2014H2-E,purpose,"credit_card, car",50510,0.229313,49709,801,0.015858,0.395895,0.029908
E,2014H2-E,purpose,debt_consolidation,126888,0.576065,124008,2880,0.022697,0.03037,0.000524
E,2014H2-E,purpose,"home_improvement, house, major_purchase, vacation",20936,0.095048,20421,515,0.024599,-0.052033,0.000264
E,2014H2-E,purpose,"other, wedding, medical, educational, moving, renewable_energy, small_business",21933,0.099575,20979,954,0.043496,-0.641572,0.056278
E,2014H2-E,purpose,Special,0,0.0,0,0,0.0,0.0,0.0
E,2014H2-E,purpose,Missing,0,0.0,0,0,0.0,0.0,0.0
E,2014H2-E,revol_bal,"(-inf, 2062.50)",12283,0.055764,11824,459,0.037369,-0.483349,0.016512
E,2014H2-E,revol_bal,"[2062.50, 3627.50)",11027,0.050062,10735,292,0.02648,-0.127674,0.000868
E,2014H2-E,revol_bal,"[3627.50, 12767.50)",93811,0.425897,91600,2211,0.023569,-0.008199,2.9e-05
E,2014H2-E,revol_bal,"[12767.50, 16323.50)",26568,0.120617,25990,578,0.021755,0.073708,0.000633
E,2014H2-E,revol_bal,"[16323.50, 20526.50)",22957,0.104224,22465,492,0.021431,0.08905,0.000792
E,2014H2-E,revol_bal,"[20526.50, inf)",53621,0.243436,52503,1118,0.02085,0.117144,0.003161
E,2014H2-E,revol_bal,Special,0,0.0,0,0,0.0,0.0,0.0
E,2014H2-E,revol_bal,Missing,0,0.0,0,0,0.0,0.0,0.0
E,2014H2-E,sub_grade,"(-inf, 3.50)",17092,0.077597,16976,116,0.006787,1.25378,0.070702
E,2014H2-E,sub_grade,"[3.50, 5.50)",19633,0.089133,19426,207,0.010543,0.809464,0.040562
E,2014H2-E,sub_grade,"[5.50, 9.50)",60843,0.276224,59949,894,0.014694,0.473358,0.049745
E,2014H2-E,sub_grade,"[9.50, 15.50)",67475,0.306333,65845,1630,0.024157,-0.033462,0.000349
E,2014H2-E,sub_grade,"[15.50, 21.50)",35484,0.161095,34165,1319,0.037172,-0.477857,0.046494
E,2014H2-E,sub_grade,"[21.50, inf)",19740,0.089619,18756,984,0.049848,-0.784542,0.081497
E,2014H2-E,sub_grade,Special,0,0.0,0,0,0.0,0.0,0.0
E,2014H2-E,sub_grade,Missing,0,0.0,0,0,0.0,0.0,0.0
E,2014H2-E,term,"(-inf, 48.00)",164977,0.748986,161481,3496,0.021191,0.100583,0.007225
E,2014H2-E,term,"[48.00, inf)",55290,0.251014,53636,1654,0.029915,-0.253161,0.018185
E,2014H2-E,term,Special,0,0.0,0,0,0.0,0.0,0.0
E,2014H2-E,term,Missing,0,0.0,0,0,0.0,0.0,0.0
E,2014H2-E,total_acc,"(-inf, 10.50)",18677,0.084793,18029,648,0.034695,-0.406339,0.017072
E,2014H2-E,total_acc,"[10.50, 12.50)",11308,0.051338,10999,309,0.027326,-0.159967,0.001419
E,2014H2-E,total_acc,"[12.50, 19.50)",53446,0.242642,52167,1279,0.023931,-0.023814,0.000139
E,2014H2-E,total_acc,"[19.50, 25.50)",48085,0.218303,47016,1069,0.022231,0.051579,0.000567
E,2014H2-E,total_acc,"[25.50, 36.50)",58379,0.265037,57137,1242,0.021275,0.096544,0.00236
E,2014H2-E,total_acc,"[36.50, inf)",30372,0.137887,29769,603,0.019854,0.16712,0.003559
E,2014H2-E,total_acc,Special,0,0.0,0,0,0.0,0.0,0.0
E,2014H2-E,total_acc,Missing,0,0.0,0,0,0.0,0.0,0.0
E,2015H1-E,annual_inc,"(-inf, 34001.00)",33165,0.10267,32019,1146,0.034555,-0.404384,0.020454
E,2015H1-E,annual_inc,"[34001.00, 40311.00)",28375,0.087841,27541,834,0.029392,-0.237238,0.005545
E,2015H1-E,annual_inc,"[40311.00, 61703.50)",96463,0.298623,93960,2503,0.025948,-0.109056,0.003742
E,2015H1-E,annual_inc,"[61703.50, 76151.50)",54400,0.168407,53219,1181,0.02171,0.073618,0.000881
E,2015H1-E,annual_inc,"[76151.50, 97817.00)",49474,0.153158,48547,927,0.018737,0.223899,0.006911
E,2015H1-E,annual_inc,"[97817.00, inf)",61149,0.189301,60204,945,0.015454,0.419874,0.027472
E,2015H1-E,annual_inc,Special,0,0.0,0,0,0.0,0.0,0.0
E,2015H1-E,annual_inc,Missing,0,0.0,0,0,0.0,0.0,0.0
E,2015H1-E,credit_history_months,"(-inf, 93.50)",33938,0.105063,32796,1142,0.03365,-0.37691,0.017936
E,2015H1-E,credit_history_months,"[93.50, 135.50)",54437,0.168522,52902,1535,0.028198,-0.194525,0.007004
E,2015H1-E,credit_history_months,"[135.50, 163.50)",56238,0.174097,54904,1334,0.023721,-0.017031,5.1e-05
E,2015H1-E,credit_history_months,"[163.50, 193.50)",50384,0.155975,49252,1132,0.022467,0.038529,0.000227
E,2015H1-E,credit_history_months,"[193.50, 245.50)",59622,0.184573,58445,1177,0.019741,0.170682,0.004961
E,2015H1-E,credit_history_months,"[245.50, inf)",68407,0.211769,67191,1216,0.017776,0.277537,0.014325
E,2015H1-E,credit_history_months,Special,0,0.0,0,0,0.0,0.0,0.0
E,2015H1-E,credit_history_months,Missing,0,0.0,0,0,0.0,0.0,0.0
E,2015H1-E,emp_length,"(-inf, 1.50)",43699,0.13528,42499,1200,0.027461,-0.167276,0.004103
E,2015H1-E,emp_length,"[1.50, 2.50)",28203,0.087309,27474,729,0.025848,-0.105114,0.001015
E,2015H1-E,emp_length,"[2.50, 6.50)",86928,0.269105,84777,2151,0.024745,-0.060344,0.001009
E,2015H1-E,emp_length,"[6.50, 7.50)",18615,0.057627,18182,433,0.023261,0.003014,1e-06
E,2015H1-E,emp_length,"[7.50, 9.50)",27516,0.085182,26884,632,0.022968,0.015962,2.2e-05
E,2015H1-E,emp_length,"[9.50, inf)",103795,0.321321,101813,1982,0.019095,0.204596,0.012216
E,2015H1-E,emp_length,Special,0,0.0,0,0,0.0,0.0,0.0
E,2015H1-E,emp_length,Missing,14270,0.044176,13861,409,0.028662,-0.211316,0.002185
E,2015H1-E,home_ownership,"MORTGAGE, OTHER",165327,0.511807,162178,3149,0.019047,0.207174,0.019928
E,2015H1-E,home_ownership,"NONE, OWN",27586,0.085399,26873,713,0.025846,-0.10504,0.000991
E,2015H1-E,home_ownership,RENT,130113,0.402794,126439,3674,0.028237,-0.195956,0.017
E,2015H1-E,home_ownership,Special,0,0.0,0,0,0.0,0.0,0.0
E,2015H1-E,home_ownership,Missing,0,0.0,0,0,0.0,0.0,0.0
E,2015H1-E,inq_last_6mths,"(-inf, 0.50)",162619,0.503424,159745,2874,0.017673,0.283439,0.035421
E,2015H1-E,inq_last_6mths,"[0.50, 1.50)",90849,0.281244,88621,2228,0.024524,-0.051171,0.000755
E,2015H1-E,inq_last_6mths,"[1.50, 2.50)",42627,0.131962,41253,1374,0.032233,-0.332438,0.017143
E,2015H1-E,inq_last_6mths,"[2.50, inf)",26931,0.083371,25871,1060,0.03936,-0.539582,0.031649
E,2015H1-E,inq_last_6mths,Special,0,0.0,0,0,0.0,0.0,0.0
E,2015H1-E,inq_last_6mths,Missing,0,0.0,0,0,0.0,0.0,0.0
E,2015H1-E,purpose,"credit_card, car",77057,0.238547,75837,1220,0.015832,0.3953,0.031027
E,2015H1-E,purpose,home_improvement,18839,0.05832,18420,419,0.022241,0.048886,0.000136
E,2015H1-E,purpose,"debt_consolidation, major_purchase, vacation, house",198309,0.61391,193632,4677,0.023584,-0.011133,7.6e-05
E,2015H1-E,purpose,"other, wedding, medical, renewable_energy, educational, moving, small_business",28821,0.089222,27601,1220,0.04233,-0.615434,0.04579
E,2015H1-E,purpose,Special,0,0.0,0,0,0.0,0.0,0.0
E,2015H1-E,purpose,Missing,0,0.0,0,0,0.0,0.0,0.0
E,2015H1-E,revol_bal,"(-inf, 2204.50)",18193,0.056321,17531,662,0.036388,-0.457975,0.014782
E,2015H1-E,revol_bal,"[2204.50, 3696.50)",17384,0.053816,16910,474,0.027266,-0.159982,0.001488
E,2015H1-E,revol_bal,"[3696.50, 7414.50)",60099,0.18605,58642,1457,0.024243,-0.039364,0.000294
E,2015H1-E,revol_bal,"[7414.50, 12762.50)",77833,0.24095,76020,1813,0.023293,0.001578,1e-06
E,2015H1-E,revol_bal,"[12762.50, 22331.50)",82160,0.254345,80388,1772,0.021568,0.080321,0.00158
E,2015H1-E,revol_bal,"[22331.50, inf)",67357,0.208519,65999,1358,0.020161,0.149191,0.004326
E,2015H1-E,revol_bal,Special,0,0.0,0,0,0.0,0.0,0.0
E,2015H1-E,revol_bal,Missing,0,0.0,0,0,0.0,0.0,0.0
E,2015H1-E,sub_grade,"(-inf, 3.50)",22822,0.070651,22689,133,0.005828,1.404851,0.076239
E,2015H1-E,sub_grade,"[3.50, 5.50)",28090,0.086959,27823,267,0.009505,0.911934,0.048114
E,2015H1-E,sub_grade,"[5.50, 9.50)",82710,0.256048,81550,1160,0.014025,0.518361,0.054199
E,2015H1-E,sub_grade,"[9.50, 15.50)",103349,0.31994,100977,2372,0.022951,0.016724,8.9e-05
E,2015H1-E,sub_grade,"[15.50, 22.50)",62801,0.194415,60486,2315,0.036862,-0.471433,0.054437
E,2015H1-E,sub_grade,"[22.50, inf)",23254,0.071988,21965,1289,0.055431,-0.898852,0.091165
E,2015H1-E,sub_grade,Special,0,0.0,0,0,0.0,0.0,0.0
E,2015H1-E,sub_grade,Missing,0,0.0,0,0,0.0,0.0,0.0
E,2015H1-E,term,"(-inf, 48.00)",236932,0.733477,231954,4978,0.02101,0.107075,0.007994
E,2015H1-E,term,"[48.00, inf)",86094,0.266523,83536,2558,0.029712,-0.248383,0.018543
E,2015H1-E,term,Special,0,0.0,0,0,0.0,0.0,0.0
E,2015H1-E,term,Missing,0,0.0,0,0,0.0,0.0,0.0
E,2015H1-E,total_acc,"(-inf, 10.50)",25073,0.077619,24223,850,0.033901,-0.384614,0.013851
E,2015H1-E,total_acc,"[10.50, 13.50)",24885,0.077037,24201,684,0.027486,-0.168244,0.002365
E,2015H1-E,total_acc,"[13.50, 19.50)",66240,0.205061,64633,1607,0.02426,-0.040079,0.000336
E,2015H1-E,total_acc,"[19.50, 31.50)",126307,0.391012,123497,2810,0.022247,0.048597,0.000902
E,2015H1-E,total_acc,"[31.50, 36.50)",32014,0.099107,31354,660,0.020616,0.126422,0.001492
E,2015H1-E,total_acc,"[36.50, inf)",48507,0.150164,47582,925,0.019069,0.205981,0.005783
E,2015H1-E,total_acc,Special,0,0.0,0,0,0.0,0.0,0.0
E,2015H1-E,total_acc,Missing,0,0.0,0,0,0.0,0.0,0.0
E,2015H2-E,annual_inc,"(-inf, 32111.00)",40311,0.088421,38908,1403,0.034804,-0.406067,0.017776
E,2015H2-E,annual_inc,"[32111.00, 40311.00)",46124,0.101172,44773,1351,0.029291,-0.227894,0.005866
E,2015H2-E,annual_inc,"[40311.00, 61703.50)",135044,0.296217,131535,3509,0.025984,-0.104712,0.003415
E,2015H2-E,annual_inc,"[61703.50, 74101.50)",62647,0.137415,61248,1399,0.022331,0.05052,0.000342
E,2015H2-E,annual_inc,"[74101.50, 97814.00)",83794,0.183801,82155,1639,0.01956,0.185868,0.005818
E,2015H2-E,annual_inc,"[97814.00, inf)",87976,0.192974,86581,1395,0.015857,0.399532,0.025592
E,2015H2-E,annual_inc,Special,0,0.0,0,0,0.0,0.0,0.0
E,2015H2-E,annual_inc,Missing,0,0.0,0,0,0.0,0.0,0.0
E,2015H2-E,credit_history_months,"(-inf, 93.50)",44295,0.09716,42793,1502,0.033909,-0.379077,0.016795
E,2015H2-E,credit_history_months,"[93.50, 135.50)",75591,0.165808,73435,2156,0.028522,-0.200508,0.007343
E,2015H2-E,credit_history_months,"[135.50, 162.50)",74479,0.163368,72658,1821,0.02445,-0.042276,0.000298
E,2015H2-E,credit_history_months,"[162.50, 193.50)",75141,0.16482,73459,1682,0.022385,0.04809,0.000373
E,2015H2-E,credit_history_months,"[193.50, 223.50)",53683,0.117753,52596,1087,0.020248,0.150565,0.002486
E,2015H2-E,credit_history_months,"[223.50, inf)",132707,0.291091,130259,2448,0.018447,0.2456,0.015648
E,2015H2-E,credit_history_months,Special,0,0.0,0,0,0.0,0.0,0.0
E,2015H2-E,credit_history_months,Missing,0,0.0,0,0,0.0,0.0,0.0
E,2015H2-E,dti,"(-inf, 13.19)",148426,0.32557,145536,2890,0.019471,0.190513,0.010803
E,2015H2-E,dti,"[13.19, 16.31)",65784,0.144296,64396,1388,0.021099,0.108534,0.001615
E,2015H2-E,dti,"[16.31, 18.14)",38294,0.083997,37470,824,0.021518,0.088472,0.00063
E,2015H2-E,dti,"[18.14, 19.38)",25180,0.055232,24565,615,0.024424,-0.041198,9.6e-05
E,2015H2-E,dti,"[19.38, 23.47)",73855,0.162,72008,1847,0.025008,-0.065439,0.000716
E,2015H2-E,dti,"[23.47, inf)",104357,0.228905,101225,3132,0.030012,-0.25298,0.016558
E,2015H2-E,dti,Special,0,0.0,0,0,0.0,0.0,0.0
E,2015H2-E,dti,Missing,0,0.0,0,0,0.0,0.0,0.0
E,2015H2-E,home_ownership,"ANY, MORTGAGE, OTHER",231864,0.50859,227412,4452,0.019201,0.204756,0.019365
E,2015H2-E,home_ownership,"NONE, OWN",40865,0.089637,39833,1032,0.025254,-0.075457,0.000529
E,2015H2-E,home_ownership,RENT,183167,0.401774,177955,5212,0.028455,-0.198087,0.017346
E,2015H2-E,home_ownership,Special,0,0.0,0,0,0.0,0.0,0.0
E,2015H2-E,home_ownership,Missing,0,0.0,0,0,0.0,0.0,0.0
E,2015H2-E,inq_last_6mths,"(-inf, 0.50)",237458,0.52086,233112,4346,0.018302,0.253609,0.029746
E,2015H2-E,inq_last_6mths,"[0.50, 1.50)",127504,0.279678,124383,3121,0.024478,-0.043442,0.000539
E,2015H2-E,inq_last_6mths,"[1.50, 2.50)",56366,0.123638,54534,1832,0.032502,-0.335238,0.016355
E,2015H2-E,inq_last_6mths,"[2.50, inf)",34568,0.075824,33171,1397,0.040413,-0.561305,0.03149
E,2015H2-E,inq_last_6mths,Special,0,0.0,0,0,0.0,0.0,0.0
E,2015H2-E,inq_last_6mths,Missing,0,0.0,0,0,0.0,0.0,0.0
E,2015H2-E,purpose,"credit_card, car",107864,0.236598,106109,1755,0.01627,0.373344,0.027725
E,2015H2-E,purpose,home_improvement,25844,0.056688,25266,578,0.022365,0.048987,0.000133
E,2015H2-E,purpose,"debt_consolidation, major_purchase, vacation, house",283817,0.622548,277025,6792,0.023931,-0.020291,0.000259
E,2015H2-E,purpose,"other, wedding, renewable_energy, medical, educational, moving, small_business",38371,0.084166,36800,1571,0.040942,-0.574868,0.036917
E,2015H2-E,purpose,Special,0,0.0,0,0,0.0,0.0,0.0
E,2015H2-E,purpose,Missing,0,0.0,0,0,0.0,0.0,0.0
E,2015H2-E,sub_grade,"(-inf, 3.50)",33315,0.073076,33144,171,0.005133,1.5383,0.089929
E,2015H2-E,sub_grade,"[3.50, 5.50)",39518,0.086682,39175,343,0.00868,1.00941,0.056452
E,2015H2-E,sub_grade,"[5.50, 9.50)",109469,0.240118,108027,1442,0.013173,0.587696,0.063372
E,2015H2-E,sub_grade,"[9.50, 15.50)",147349,0.323207,144046,3303,0.022416,0.046648,0.000688
E,2015H2-E,sub_grade,"[15.50, 21.50)",84065,0.184395,80992,3073,0.036555,-0.456958,0.048155
E,2015H2-E,sub_grade,"[21.50, inf)",42180,0.092521,39816,2364,0.056046,-0.90474,0.119049
E,2015H2-E,sub_grade,Special,0,0.0,0,0,0.0,0.0,0.0
E,2015H2-E,sub_grade,Missing,0,0.0,0,0,0.0,0.0,0.0
E,2016H1-E,annual_inc,"(-inf, 32673.00)",56825,0.089348,54789,2036,0.035829,-0.383776,0.015858
E,2016H1-E,annual_inc,"[32673.00, 40311.00)",62723,0.098621,60784,1939,0.030914,-0.231124,0.005889
E,2016H1-E,annual_inc,"[40311.00, 61703.50)",187072,0.294139,182056,5016,0.026813,-0.084597,0.002192
E,2016H1-E,annual_inc,"[61703.50, 85100.50)",157989,0.248411,154376,3613,0.022869,0.078575,0.001478
E,2016H1-E,annual_inc,"[85100.50, 100204.50)",62274,0.097915,61045,1229,0.019735,0.229132,0.004618
E,2016H1-E,annual_inc,"[100204.50, inf)",109115,0.171565,107244,1871,0.017147,0.372355,0.020014
E,2016H1-E,annual_inc,Special,0,0.0,0,0,0.0,0.0,0.0
E,2016H1-E,annual_inc,Missing,0,0.0,0,0,0.0,0.0,0.0
E,2016H1-E,credit_history_months,"(-inf, 93.50)",58185,0.091486,56135,2050,0.035232,-0.366358,0.01467
E,2016H1-E,credit_history_months,"[93.50, 135.50)",104333,0.164046,101157,3176,0.030441,-0.215227,0.008429
E,2016H1-E,credit_history_months,"[135.50, 162.50)",101822,0.160098,99178,2644,0.025967,-0.051655,0.000438
E,2016H1-E,credit_history_months,"[162.50, 191.50)",100046,0.157306,97692,2354,0.023529,0.049426,0.000375
E,2016H1-E,credit_history_months,"[191.50, 227.50)",89054,0.140022,87101,1953,0.021931,0.121424,0.00195
E,2016H1-E,credit_history_months,"[227.50, inf)",182558,0.287042,179031,3527,0.01932,0.250833,0.016061
E,2016H1-E,credit_history_months,Special,0,0.0,0,0,0.0,0.0,0.0
E,2016H1-E,credit_history_months,Missing,0,0.0,0,0,0.0,0.0,0.0
E,2016H1-E,dti,"(-inf, 12.89)",189503,0.297962,185771,3732,0.019694,0.231292,0.014304
E,2016H1-E,dti,"[12.89, 16.21)",94994,0.149362,92957,2037,0.021443,0.144381,0.002909
E,2016H1-E,dti,"[16.21, 18.14)",55403,0.087112,54135,1268,0.022887,0.077762,0.000508
E,2016H1-E,dti,"[18.14, 22.20)",107244,0.168623,104533,2711,0.025279,-0.024093,9.9e-05
E,2016H1-E,dti,"[22.20, 24.98)",61197,0.096222,59467,1730,0.028269,-0.138978,0.001987
E,2016H1-E,dti,"[24.98, inf)",127657,0.200719,123431,4226,0.033104,-0.301852,0.021164
E,2016H1-E,dti,Special,0,0.0,0,0,0.0,0.0,0.0
E,2016H1-E,dti,Missing,0,0.0,0,0,0.0,0.0,0.0
E,2016H1-E,home_ownership,"ANY, MORTGAGE, OTHER, NONE",319655,0.502604,313227,6428,0.020109,0.209987,0.020084
E,2016H1-E,home_ownership,OWN,59698,0.093865,58146,1552,0.025998,-0.052865,0.000269
E,2016H1-E,home_ownership,RENT,256645,0.403531,248921,7724,0.030096,-0.203475,0.018425
E,2016H1-E,home_ownership,Special,0,0.0,0,0,0.0,0.0,0.0
E,2016H1-E,home_ownership,Missing,0,0.0,0,0,0.0,0.0,0.0
E,2016H1-E,inq_last_6mths,"(-inf, 0.50)",346560,0.544907,339719,6841,0.01974,0.228907,0.02565
E,2016H1-E,inq_last_6mths,"[0.50, 1.50)",175777,0.27638,171175,4602,0.026181,-0.060083,0.001027
E,2016H1-E,inq_last_6mths,"[1.50, 2.50)",71822,0.112928,69353,2469,0.034377,-0.340882,0.015481
E,2016H1-E,inq_last_6mths,"[2.50, inf)",41839,0.065785,40047,1792,0.042831,-0.569557,0.028221
E,2016H1-E,inq_last_6mths,Special,0,0.0,0,0,0.0,0.0,0.0
E,2016H1-E,inq_last_6mths,Missing,0,0.0,0,0,0.0,0.0,0.0
E,2016H1-E,purpose,"credit_card, car",150655,0.23688,148065,2590,0.017192,0.369715,0.027276
E,2016H1-E,purpose,home_improvement,35963,0.056546,35144,819,0.022773,0.082847,0.000373
E,2016H1-E,purpose,"debt_consolidation, major_purchase, vacation",396492,0.623417,386360,10132,0.025554,-0.035207,0.000786
E,2016H1-E,purpose,"house, other, wedding, renewable_energy, medical, educational, moving, small_business",52888,0.083157,50725,2163,0.040898,-0.521355,0.029175
E,2016H1-E,purpose,Special,0,0.0,0,0,0.0,0.0,0.0
E,2016H1-E,purpose,Missing,0,0.0,0,0,0.0,0.0,0.0
E,2016H1-E,sub_grade,"(-inf, 3.50)",47208,0.074227,46988,220,0.00466,1.687742,0.104205
E,2016H1-E,sub_grade,"[3.50, 5.50)",57451,0.090332,56983,468,0.008146,1.125762,0.069868
E,2016H1-E,sub_grade,"[5.50, 9.50)",146952,0.231057,145046,1906,0.01297,0.655766,0.07375
E,2016H1-E,sub_grade,"[9.50, 15.50)",208351,0.327597,203498,4853,0.023292,0.059781,0.001138
E,2016H1-E,sub_grade,"[15.50, 22.50)",128886,0.202652,123748,5138,0.039865,-0.494695,0.063162
E,2016H1-E,sub_grade,"[22.50, inf)",47150,0.074135,44031,3119,0.066151,-1.028897,0.131316
E,2016H1-E,sub_grade,Special,0,0.0,0,0,0.0,0.0,0.0
E,2016H1-E,sub_grade,Missing,0,0.0,0,0,0.0,0.0,0.0
E,2016H1-E,verification_status,Not Verified,186064,0.292554,182478,3586,0.019273,0.253314,0.016676
E,2016H1-E,verification_status,Source Verified,233830,0.367658,227759,6071,0.025963,-0.051513,0.001
E,2016H1-E,verification_status,Verified,216104,0.339787,210057,6047,0.027982,-0.128461,0.005963
E,2016H1-E,verification_status,Special,0,0.0,0,0,0.0,0.0,0.0
E,2016H1-E,verification_status,Missing,0,0.0,0,0,0.0,0.0,0.0
E,2016H2-E,annual_inc,"(-inf, 32377.00)",75695,0.086312,72971,2724,0.035987,-0.35939,0.013269
E,2016H2-E,annual_inc,"[32377.00, 45688.50)",145842,0.166298,141446,4396,0.030142,-0.176127,0.005613
E,2016H2-E,annual_inc,"[45688.50, 70161.80)",289577,0.330194,281973,7604,0.026259,-0.034213,0.000393
E,2016H2-E,annual_inc,"[70161.80, 85100.50)",122859,0.140092,120028,2831,0.023043,0.099745,0.00133
E,2016H2-E,annual_inc,"[85100.50, 100800.28)",87343,0.099594,85514,1829,0.02094,0.19756,0.003543
E,2016H2-E,annual_inc,"[100800.28, inf)",155675,0.17751,152785,2890,0.018564,0.320425,0.015703
E,2016H2-E,annual_inc,Special,0,0.0,0,0,0.0,0.0,0.0
E,2016H2-E,annual_inc,Missing,0,0.0,0,0,0.0,0.0,0.0
E,2016H2-E,credit_history_months,"(-inf, 93.50)",75155,0.085696,72456,2699,0.035912,-0.357252,0.013004
E,2016H2-E,credit_history_months,"[93.50, 134.50)",138513,0.157941,134165,4348,0.031391,-0.217996,0.008335
E,2016H2-E,credit_history_months,"[134.50, 162.50)",142536,0.162528,138632,3904,0.02739,-0.077529,0.001014
E,2016H2-E,credit_history_months,"[162.50, 191.50)",137694,0.157007,134301,3393,0.024642,0.031019,0.000149
E,2016H2-E,credit_history_months,"[191.50, 223.50)",110490,0.125988,107968,2522,0.022826,0.109432,0.001433
E,2016H2-E,credit_history_months,"[223.50, inf)",272603,0.310839,267195,5408,0.019838,0.252749,0.017646
E,2016H2-E,credit_history_months,Special,0,0.0,0,0,0.0,0.0,0.0
E,2016H2-E,credit_history_months,Missing,0,0.0,0,0,0.0,0.0,0.0
E,2016H2-E,dti,"(-inf, 13.19)",263682,0.300667,258375,5307,0.020127,0.238035,0.015242
E,2016H2-E,dti,"[13.19, 16.21)",116340,0.132658,113813,2527,0.021721,0.160174,0.003157
E,2016H2-E,dti,"[16.21, 19.31)",119260,0.135988,116450,2810,0.023562,0.076927,0.000776
E,2016H2-E,dti,"[19.31, 22.53)",112157,0.127888,109262,2895,0.025812,-0.016587,3.5e-05
E,2016H2-E,dti,"[22.53, 24.98)",74072,0.084462,71932,2140,0.028891,-0.132435,0.001578
E,2016H2-E,dti,"[24.98, inf)",191478,0.218335,184884,6594,0.034437,-0.313782,0.025018
E,2016H2-E,dti,Special,0,0.0,0,0,0.0,0.0,0.0
E,2016H2-E,dti,Missing,2,2e-06,1,1,0.5,-3.64735,0.000159
E,2016H2-E,fico_range_low,"(-inf, 667.50)",156023,0.177907,150669,5354,0.034315,-0.310109,0.019875
E,2016H2-E,fico_range_low,"[667.50, 682.50)",217913,0.248478,211316,6597,0.030274,-0.180611,0.008839
E,2016H2-E,fico_range_low,"[682.50, 697.50)",174479,0.198952,169923,4556,0.026112,-0.02845,0.000163
E,2016H2-E,fico_range_low,"[697.50, 712.50)",129401,0.147551,126695,2706,0.020912,0.198961,0.005321
E,2016H2-E,fico_range_low,"[712.50, 752.50)",149502,0.170472,147060,2442,0.016334,0.450673,0.028132
E,2016H2-E,fico_range_low,"[752.50, inf)",49673,0.05664,49054,619,0.012461,0.725221,0.021468
E,2016H2-E,fico_range_low,Special,0,0.0,0,0,0.0,0.0,0.0
E,2016H2-E,fico_range_low,Missing,0,0.0,0,0,0.0,0.0,0.0
E,2016H2-E,home_ownership,"ANY, MORTGAGE, OTHER, NONE",439591,0.501249,430591,9000,0.020474,0.220584,0.021997
E,2016H2-E,home_ownership,OWN,86589,0.098734,84207,2382,0.027509,-0.082013,0.000691
E,2016H2-E,home_ownership,RENT,350811,0.400017,339919,10892,0.031048,-0.206672,0.01887
E,2016H2-E,home_ownership,Special,0,0.0,0,0,0.0,0.0,0.0
E,2016H2-E,home_ownership,Missing,0,0.0,0,0,0.0,0.0,0.0
E,2016H2-E,inq_last_6mths,"(-inf, 0.50)",493866,0.563137,483883,9983,0.020214,0.233609,0.027552
E,2016H2-E,inq_last_6mths,"[0.50, 1.50)",238850,0.272352,232238,6612,0.027683,-0.088474,0.002224
E,2016H2-E,inq_last_6mths,"[1.50, 2.50)",92658,0.105654,89319,3339,0.036036,-0.360807,0.016382
E,2016H2-E,inq_last_6mths,"[2.50, inf)",51617,0.058857,49277,2340,0.045334,-0.600044,0.028443
E,2016H2-E,inq_last_6mths,Special,0,0.0,0,0,0.0,0.0,0.0
E,2016H2-E,inq_last_6mths,Missing,0,0.0,0,0,0.0,0.0,0.0
E,2016H2-E,purpose,"credit_card, car",213355,0.243281,209614,3741,0.017534,0.378564,0.029259
E,2016H2-E,purpose,home_improvement,51137,0.05831,49899,1238,0.024209,0.049153,0.000138
E,2016H2-E,purpose,"debt_consolidation, major_purchase",536707,0.611987,522512,14195,0.026448,-0.041592,0.00108
E,2016H2-E,purpose,"vacation, other, house, wedding, educational, medical, renewable_energy, moving, small_business",75792,0.086423,72692,3100,0.040901,-0.492521,0.026659
E,2016H2-E,purpose,Special,0,0.0,0,0,0.0,0.0,0.0
E,2016H2-E,purpose,Missing,0,0.0,0,0,0.0,0.0,0.0
E,2016H2-E,sub_grade,"(-inf, 3.50)",68106,0.077659,67805,301,0.00442,1.769931,0.116491
E,2016H2-E,sub_grade,"[3.50, 5.50)",78063,0.089012,77458,605,0.00775,1.204912,0.076467
E,2016H2-E,sub_grade,"[5.50, 9.50)",203494,0.232037,200915,2579,0.012674,0.70813,0.084466
E,2016H2-E,sub_grade,"[9.50, 15.50)",291497,0.332383,284481,7016,0.024069,0.055123,0.000984
E,2016H2-E,sub_grade,"[15.50, 22.50)",172754,0.196985,165432,7322,0.042384,-0.529674,0.071597
E,2016H2-E,sub_grade,"[22.50, inf)",63077,0.071924,58626,4451,0.070565,-1.069301,0.140333
E,2016H2-E,sub_grade,Special,0,0.0,0,0,0.0,0.0,0.0
E,2016H2-E,sub_grade,Missing,0,0.0,0,0,0.0,0.0,0.0
E,2016H2-E,verification_status,Not Verified,251696,0.287,247066,4630,0.018395,0.329748,0.026774
E,2016H2-E,verification_status,Source Verified,336305,0.383476,327572,8733,0.025967,-0.022751,0.000201
E,2016H2-E,verification_status,Verified,288990,0.329524,280079,8911,0.030835,-0.199565,0.014444
E,2016H2-E,verification_status,Special,0,0.0,0,0,0.0,0.0,0.0
E,2016H2-E,verification_status,Missing,0,0.0,0,0,0.0,0.0,0.0
E,2017H1-E,annual_inc,"(-inf, 30601.50)",79377,0.071593,76327,3050,0.038424,-0.363213,0.011255
E,2017H1-E,annual_inc,"[30601.50, 40017.00)",120153,0.10837,116214,3939,0.032783,-0.198592,0.0047
E,2017H1-E,annual_inc,"[40017.00, 65789.00)",378776,0.34163,367991,10785,0.028473,-0.053196,0.000991
E,2017H1-E,annual_inc,"[65789.00, 85561.00)",216453,0.195226,210908,5545,0.025618,0.055427,0.000584
E,2017H1-E,annual_inc,"[85561.00, 100129.50)",110310,0.099492,107773,2537,0.022999,0.165947,0.002535
E,2017H1-E,annual_inc,"[100129.50, inf)",203663,0.18369,199541,4122,0.020239,0.296583,0.01408
E,2017H1-E,annual_inc,Special,0,0.0,0,0,0.0,0.0,0.0
E,2017H1-E,annual_inc,Missing,0,0.0,0,0,0.0,0.0,0.0
E,2017H1-E,credit_history_months,"(-inf, 90.50)",84137,0.075886,80974,3163,0.037593,-0.340491,0.010367
E,2017H1-E,credit_history_months,"[90.50, 134.50)",182846,0.164915,176777,6069,0.033192,-0.211403,0.008155
E,2017H1-E,credit_history_months,"[134.50, 157.50)",147490,0.133026,143113,4377,0.029677,-0.095827,0.001279
E,2017H1-E,credit_history_months,"[157.50, 188.50)",189312,0.170746,184255,5057,0.026713,0.012449,2.6e-05
E,2017H1-E,credit_history_months,"[188.50, 226.50)",167170,0.150776,163109,4061,0.024293,0.109891,0.001729
E,2017H1-E,credit_history_months,"[226.50, inf)",337777,0.304652,330526,7251,0.021467,0.236448,0.015255
E,2017H1-E,credit_history_months,Special,0,0.0,0,0,0.0,0.0,0.0
E,2017H1-E,credit_history_months,Missing,0,0.0,0,0,0.0,0.0,0.0
E,2017H1-E,dti,"(-inf, 13.19)",328659,0.296428,321761,6898,0.020988,0.259479,0.017688
E,2017H1-E,dti,"[13.19, 16.13)",141535,0.127655,138321,3214,0.022708,0.178963,0.00376
E,2017H1-E,dti,"[16.13, 19.31)",152826,0.137839,149033,3793,0.024819,0.087912,0.001022
E,2017H1-E,dti,"[19.31, 22.60)",143001,0.128977,139167,3834,0.026811,0.008668,1e-05
E,2017H1-E,dti,"[22.60, 24.98)",89992,0.081167,87278,2714,0.030158,-0.112423,0.001082
E,2017H1-E,dti,"[24.98, inf)",252686,0.227905,243163,9523,0.037687,-0.343076,0.031651
E,2017H1-E,dti,Special,0,0.0,0,0,0.0,0.0,0.0
E,2017H1-E,dti,Missing,33,3e-05,31,2,0.060606,-0.842258,3.2e-05
E,2017H1-E,fico_range_low,"(-inf, 667.50)",197803,0.178405,190498,7305,0.036931,-0.322016,0.021603
E,2017H1-E,fico_range_low,"[667.50, 682.50)",273275,0.246475,264442,8833,0.032323,-0.183971,0.009109
E,2017H1-E,fico_range_low,"[682.50, 692.50)",151300,0.136462,147021,4279,0.028282,-0.046242,0.000298
E,2017H1-E,fico_range_low,"[692.50, 712.50)",230976,0.208324,225609,5367,0.023236,0.155436,0.00468
E,2017H1-E,fico_range_low,"[712.50, 752.50)",190583,0.171893,187267,3316,0.017399,0.450678,0.028384
E,2017H1-E,fico_range_low,"[752.50, inf)",64795,0.058441,63917,878,0.01355,0.704596,0.021112
E,2017H1-E,fico_range_low,Special,0,0.0,0,0,0.0,0.0,0.0
E,2017H1-E,fico_range_low,Missing,0,0.0,0,0,0.0,0.0,0.0
E,2017H1-E,home_ownership,"ANY, OTHER, MORTGAGE, NONE",553577,0.499288,541506,12071,0.021805,0.22045,0.021893
E,2017H1-E,home_ownership,OWN,115123,0.103833,111736,3387,0.029421,-0.086904,0.000817
E,2017H1-E,home_ownership,RENT,440032,0.396879,425512,14520,0.032998,-0.205332,0.018461
E,2017H1-E,home_ownership,Special,0,0.0,0,0,0.0,0.0,0.0
E,2017H1-E,home_ownership,Missing,0,0.0,0,0,0.0,0.0,0.0
E,2017H1-E,inq_last_6mths,"(-inf, 0.50)",636947,0.574482,623130,13817,0.021693,0.225757,0.026354
E,2017H1-E,inq_last_6mths,"[0.50, 1.50)",299064,0.269735,290128,8936,0.02988,-0.102864,0.002997
E,2017H1-E,inq_last_6mths,"[1.50, 2.50)",112022,0.101036,107719,4303,0.038412,-0.362885,0.015852
E,2017H1-E,inq_last_6mths,"[2.50, inf)",60698,0.054745,57776,2922,0.04814,-0.598793,0.026295
E,2017H1-E,inq_last_6mths,Special,0,0.0,0,0,0.0,0.0,0.0
E,2017H1-E,inq_last_6mths,Missing,1,1e-06,1,0,0.0,0.0,0.0
E,2017H1-E,purpose,"credit_card, car",268219,0.241915,263177,5042,0.018798,0.371926,0.028182
E,2017H1-E,purpose,home_improvement,67652,0.061017,65881,1771,0.026178,0.033208,6.6e-05
E,2017H1-E,purpose,"debt_consolidation, major_purchase",673648,0.607584,654628,19020,0.028234,-0.044522,0.00123
E,2017H1-E,purpose,"vacation, other, wedding, house, educational, medical, moving, renewable_energy, small_business",99213,0.089483,95068,4145,0.041779,-0.450409,0.022584
E,2017H1-E,purpose,Special,0,0.0,0,0,0.0,0.0,0.0
E,2017H1-E,purpose,Missing,0,0.0,0,0,0.0,0.0,0.0
E,2017H1-E,sub_grade,"(-inf, 2.50)",65380,0.058968,65106,274,0.004191,1.887546,0.096667
E,2017H1-E,sub_grade,"[2.50, 5.50)",127689,0.115167,126689,1000,0.007832,1.258637,0.105829
E,2017H1-E,sub_grade,"[5.50, 9.50)",258483,0.233134,255092,3391,0.013119,0.737401,0.090961
E,2017H1-E,sub_grade,"[9.50, 15.50)",370513,0.334177,360955,9558,0.025797,0.048277,0.000761
E,2017H1-E,sub_grade,"[15.50, 22.50)",208943,0.188452,199309,9634,0.046108,-0.55354,0.075619
E,2017H1-E,sub_grade,"[22.50, inf)",77724,0.070102,71603,6121,0.078753,-1.123687,0.154852
E,2017H1-E,sub_grade,Special,0,0.0,0,0,0.0,0.0,0.0
E,2017H1-E,sub_grade,Missing,0,0.0,0,0,0.0,0.0,0.0
E,2017H1-E,verification_status,Not Verified,322760,0.291107,316635,6125,0.018977,0.362273,0.032316
E,2017H1-E,verification_status,Source Verified,432997,0.390534,420963,12034,0.027792,-0.028289,0.000317
E,2017H1-E,verification_status,Verified,352975,0.318359,341156,11819,0.033484,-0.220467,0.017198
E,2017H1-E,verification_status,Special,0,0.0,0,0,0.0,0.0,0.0
E,2017H1-E,verification_status,Missing,0,0.0,0,0,0.0,0.0,0.0
R,2013H1-R,annual_inc,"(-inf, 38002.00)",5842,0.188354,5609,233,0.039884,-0.358328,0.028736
R,2013H1-R,annual_inc,"[38002.00, 51998.00)",6326,0.203959,6135,191,0.030193,-0.069926,0.001031
R,2013H1-R,annual_inc,"[51998.00, 60004.00)",3999,0.128933,3886,113,0.028257,-0.00167,0.0
R,2013H1-R,annual_inc,"[60004.00, 71338.00)",3555,0.114618,3455,100,0.028129,0.00299,1e-06
R,2013H1-R,annual_inc,"[71338.00, 102024.50)",6875,0.22166,6703,172,0.025018,0.123398,0.003186
R,2013H1-R,annual_inc,"[102024.50, inf)",4419,0.142475,4353,66,0.014936,0.649548,0.044814
R,2013H1-R,annual_inc,Special,0,0.0,0,0,0.0,0.0,0.0
R,2013H1-R,annual_inc,Missing,0,0.0,0,0,0.0,0.0,0.0
R,2013H1-R,emp_length,"(-inf, 0.50)",2742,0.088406,2637,105,0.038293,-0.315981,0.010273
R,2013H1-R,emp_length,"[0.50, 1.50)",2215,0.071415,2144,71,0.032054,-0.131669,0.001318
R,2013H1-R,emp_length,"[1.50, 4.50)",8117,0.261704,7891,226,0.027843,0.013525,4.8e-05
R,2013H1-R,emp_length,"[4.50, 9.50)",8769,0.282725,8528,241,0.027483,0.026895,0.000202
R,2013H1-R,emp_length,"[9.50, inf)",8094,0.260962,7902,192,0.023721,0.177958,0.007606
R,2013H1-R,emp_length,Special,0,0.0,0,0,0.0,0.0,0.0
R,2013H1-R,emp_length,Missing,1079,0.034788,1039,40,0.037071,-0.282283,0.003174
R,2013H1-R,fico_range_low,"(-inf, 672.50)",4271,0.137703,4077,194,0.045423,-0.494159,0.04272
R,2013H1-R,fico_range_low,"[672.50, 697.50)",8891,0.286658,8595,296,0.033292,-0.170841,0.009076
R,2013H1-R,fico_range_low,"[697.50, 712.50)",4647,0.149826,4522,125,0.026899,0.048978,0.000351
R,2013H1-R,fico_range_low,"[712.50, 752.50)",9310,0.300168,9109,201,0.02159,0.274296,0.019886
R,2013H1-R,fico_range_low,"[752.50, 767.50)",1728,0.055713,1695,33,0.019097,0.399513,0.0074
R,2013H1-R,fico_range_low,"[767.50, inf)",2169,0.069932,2143,26,0.011987,0.872448,0.036106
R,2013H1-R,fico_range_low,Special,0,0.0,0,0,0.0,0.0,0.0
R,2013H1-R,fico_range_low,Missing,0,0.0,0,0,0.0,0.0,0.0
R,2013H1-R,home_ownership,"OTHER, MORTGAGE",13750,0.44332,13433,317,0.023055,0.20715,0.017273
R,2013H1-R,home_ownership,OWN,2383,0.076831,2314,69,0.028955,-0.026791,5.6e-05
R,2013H1-R,home_ownership,RENT,14883,0.479849,14394,489,0.032856,-0.157214,0.012782
R,2013H1-R,home_ownership,Special,0,0.0,0,0,0.0,0.0,0.0
R,2013H1-R,home_ownership,Missing,0,0.0,0,0,0.0,0.0,0.0
R,2013H1-R,inq_last_6mths,"(-inf, 0.50)",15575,0.50216,15258,317,0.020353,0.33454,0.048152
R,2013H1-R,inq_last_6mths,"[0.50, 1.50)",8747,0.282016,8481,266,0.03041,-0.07733,0.001749
R,2013H1-R,inq_last_6mths,"[1.50, 2.50)",4272,0.137735,4109,163,0.038155,-0.312233,0.015599
R,2013H1-R,inq_last_6mths,"[2.50, inf)",2422,0.078089,2293,129,0.053262,-0.661614,0.047208
R,2013H1-R,inq_last_6mths,Special,0,0.0,0,0,0.0,0.0,0.0
R,2013H1-R,inq_last_6mths,Missing,0,0.0,0,0,0.0,0.0,0.0
R,2013H1-R,purpose,"car, credit_card",6074,0.195834,5989,85,0.013994,0.715611,0.072675
R,2013H1-R,purpose,"house, home_improvement",2338,0.07538,2279,59,0.025235,0.114537,0.000937
R,2013H1-R,purpose,"debt_consolidation, vacation, major_purchase",17545,0.565676,17065,480,0.027358,0.031581,0.000556
R,2013H1-R,purpose,"moving, other",2693,0.086826,2582,111,0.041218,-0.392628,0.016174
R,2013H1-R,purpose,"wedding, renewable_energy, medical, small_business",2366,0.076283,2226,140,0.059172,-0.773099,0.0666
R,2013H1-R,purpose,Special,0,0.0,0,0,0.0,0.0,0.0
R,2013H1-R,purpose,Missing,0,0.0,0,0,0.0,0.0,0.0
R,2013H1-R,revol_bal,"(-inf, 2074.50)",3016,0.09724,2887,129,0.042772,-0.431257,0.022272
R,2013H1-R,revol_bal,"[2074.50, 3224.00)",1569,0.050587,1511,58,0.036966,-0.279334,0.004513
R,2013H1-R,revol_bal,"[3224.00, 15087.50)",16031,0.516862,15610,421,0.026262,0.073616,0.002706
R,2013H1-R,revol_bal,"[15087.50, 25166.00)",6302,0.203185,6140,162,0.025706,0.095566,0.001774
R,2013H1-R,revol_bal,"[25166.00, inf)",4098,0.132125,3993,105,0.025622,0.09892,0.001234
R,2013H1-R,revol_bal,Special,0,0.0,0,0,0.0,0.0,0.0
R,2013H1-R,revol_bal,Missing,0,0.0,0,0,0.0,0.0,0.0
R,2013H1-R,revol_util,"(-inf, 47.95)",11700,0.377225,11416,284,0.024274,0.154379,0.008365
R,2013H1-R,revol_util,"[47.95, 73.75)",10331,0.333086,10068,263,0.025457,0.105546,0.003531
R,2013H1-R,revol_util,"[73.75, 77.66)",1615,0.05207,1563,52,0.032198,-0.136299,0.001032
R,2013H1-R,revol_util,"[77.66, 82.45)",1948,0.062806,1883,65,0.033368,-0.173184,0.002046
R,2013H1-R,revol_util,"[82.45, 86.85)",1659,0.053489,1603,56,0.033755,-0.185137,0.002003
R,2013H1-R,revol_util,"[86.85, inf)",3734,0.120389,3586,148,0.039636,-0.351837,0.017651
R,2013H1-R,revol_util,Special,0,0.0,0,0,0.0,0.0,0.0
R,2013H1-R,revol_util,Missing,29,0.000935,22,7,0.241379,-2.394285,0.017407
R,2013H1-R,sub_grade,"(-inf, 3.50)",4103,0.132287,4060,43,0.01048,1.00832,0.086269
R,2013H1-R,sub_grade,"[3.50, 5.50)",4045,0.130417,3992,53,0.013103,0.782338,0.056229
R,2013H1-R,sub_grade,"[5.50, 10.50)",10036,0.323575,9799,237,0.023615,0.182558,0.009903
R,2013H1-R,sub_grade,"[10.50, 12.50)",3586,0.115618,3480,106,0.029559,-0.048069,0.000273
R,2013H1-R,sub_grade,"[12.50, 22.50)",7195,0.231977,6885,310,0.043085,-0.43889,0.055238
R,2013H1-R,sub_grade,"[22.50, inf)",2051,0.066127,1925,126,0.061433,-0.813018,0.06515
R,2013H1-R,sub_grade,Special,0,0.0,0,0,0.0,0.0,0.0
R,2013H1-R,sub_grade,Missing,0,0.0,0,0,0.0,0.0,0.0
R,2013H1-R,term,"(-inf, 48.00)",23288,0.750838,22726,562,0.024133,0.160345,0.017911
R,2013H1-R,term,"[48.00, inf)",7728,0.249162,7415,313,0.040502,-0.374361,0.041818
R,2013H1-R,term,Special,0,0.0,0,0,0.0,0.0,0.0
R,2013H1-R,term,Missing,0,0.0,0,0,0.0,0.0,0.0
R,2013H1-R,total_acc,"(-inf, 11.50)",4667,0.150471,4469,198,0.042426,-0.422765,0.032982
R,2013H1-R,total_acc,"[11.50, 13.50)",2105,0.067868,2043,62,0.029454,-0.044378,0.000136
R,2013H1-R,total_acc,"[13.50, inf)",24244,0.781661,23629,615,0.025367,0.10919,0.008854
R,2013H1-R,total_acc,Special,0,0.0,0,0,0.0,0.0,0.0
R,2013H1-R,total_acc,Missing,0,0.0,0,0,0.0,0.0,0.0
R,2013H2-R,annual_inc,"(-inf, 34308.00)",6486,0.121536,6258,228,0.035153,-0.299668,0.01261
R,2013H2-R,annual_inc,"[34308.00, 45770.00)",9409,0.176307,9125,284,0.030184,-0.142139,0.003812
R,2013H2-R,annual_inc,"[45770.00, 50000.08)",4212,0.078925,4088,124,0.02944,-0.116409,0.001131
R,2013H2-R,annual_inc,"[50000.08, 76040.00)",16788,0.314576,16335,453,0.026984,-0.026765,0.000228
R,2013H2-R,annual_inc,"[76040.00, 100004.00)",8859,0.166001,8669,190,0.021447,0.208546,0.006549
R,2013H2-R,annual_inc,"[100004.00, inf)",7613,0.142654,7489,124,0.016288,0.488971,0.027254
R,2013H2-R,annual_inc,Special,0,0.0,0,0,0.0,0.0,0.0
R,2013H2-R,annual_inc,Missing,0,0.0,0,0,0.0,0.0,0.0
R,2013H2-R,credit_history_months,"(-inf, 69.50)",2897,0.054284,2781,116,0.040041,-0.434963,0.012684
R,2013H2-R,credit_history_months,"[69.50, 131.50)",13521,0.253359,13117,404,0.029879,-0.131689,0.004679
R,2013H2-R,credit_history_months,"[131.50, 158.50)",9643,0.180692,9365,278,0.028829,-0.094825,0.0017
R,2013H2-R,credit_history_months,"[158.50, 188.50)",8010,0.150093,7798,212,0.026467,-0.006902,7e-06
R,2013H2-R,credit_history_months,"[188.50, 279.50)",13559,0.254071,13282,277,0.020429,0.258209,0.015019
R,2013H2-R,credit_history_months,"[279.50, inf)",5737,0.107501,5621,116,0.02022,0.268736,0.00685
R,2013H2-R,credit_history_months,Special,0,0.0,0,0,0.0,0.0,0.0
R,2013H2-R,credit_history_months,Missing,0,0.0,0,0,0.0,0.0,0.0
R,2013H2-R,home_ownership,"OTHER, MORTGAGE, NONE",25035,0.46911,24474,561,0.022409,0.163707,0.011643
R,2013H2-R,home_ownership,OWN,4203,0.078757,4088,115,0.027361,-0.041059,0.000135
R,2013H2-R,home_ownership,RENT,24129,0.452133,23402,727,0.03013,-0.140288,0.009515
R,2013H2-R,home_ownership,Special,0,0.0,0,0,0.0,0.0,0.0
R,2013H2-R,home_ownership,Missing,0,0.0,0,0,0.0,0.0,0.0
R,2013H2-R,inq_last_6mths,"(-inf, 0.50)",26261,0.492083,25766,495,0.018849,0.340315,0.048675
R,2013H2-R,inq_last_6mths,"[0.50, 1.50)",15044,0.281897,14606,438,0.029115,-0.10497,0.003265
R,2013H2-R,inq_last_6mths,"[1.50, 2.50)",7730,0.144846,7457,273,0.035317,-0.304502,0.015554
R,2013H2-R,inq_last_6mths,"[2.50, inf)",4332,0.081174,4135,197,0.045476,-0.567899,0.03455
R,2013H2-R,inq_last_6mths,Special,0,0.0,0,0,0.0,0.0,0.0
R,2013H2-R,inq_last_6mths,Missing,0,0.0,0,0,0.0,0.0,0.0
R,2013H2-R,open_acc,"(-inf, 5.50)",5221,0.097832,5031,190,0.036391,-0.335588,0.012956
R,2013H2-R,open_acc,"[5.50, 6.50)",4043,0.075758,3924,119,0.029434,-0.116195,0.001081
R,2013H2-R,open_acc,"[6.50, 7.50)",4655,0.087226,4532,123,0.026423,-0.005204,2e-06
R,2013H2-R,open_acc,"[7.50, 12.50)",23837,0.446662,23222,615,0.0258,0.019295,0.000165
R,2013H2-R,open_acc,"[12.50, 14.50)",5998,0.112392,5858,140,0.023341,0.121983,0.001579
R,2013H2-R,open_acc,"[14.50, inf)",9613,0.18013,9397,216,0.02247,0.160929,0.004326
R,2013H2-R,open_acc,Special,0,0.0,0,0,0.0,0.0,0.0
R,2013H2-R,open_acc,Missing,0,0.0,0,0,0.0,0.0,0.0
R,2013H2-R,purpose,"car, credit_card",11266,0.211104,11089,177,0.015711,0.525621,0.045855
R,2013H2-R,purpose,"vacation, debt_consolidation",31155,0.583788,30358,797,0.025582,0.028022,0.000452
R,2013H2-R,purpose,"home_improvement, major_purchase",4253,0.079693,4141,112,0.026334,-0.001745,0.0
R,2013H2-R,purpose,"medical, other",3683,0.069013,3535,148,0.040185,-0.438682,0.016433
R,2013H2-R,purpose,"wedding, house, moving, small_business, renewable_energy",3010,0.056402,2841,169,0.056146,-0.789926,0.051964
R,2013H2-R,purpose,Special,0,0.0,0,0,0.0,0.0,0.0
R,2013H2-R,purpose,Missing,0,0.0,0,0,0.0,0.0,0.0
R,2013H2-R,revol_bal,"(-inf, 2356.50)",3545,0.066427,3370,175,0.049365,-0.654056,0.039165
R,2013H2-R,revol_bal,"[2356.50, 7812.50)",12941,0.242491,12572,369,0.028514,-0.083508,0.00176
R,2013H2-R,revol_bal,"[7812.50, 21828.00)",26031,0.487773,25403,628,0.024125,0.088144,0.003636
R,2013H2-R,revol_bal,"[21828.00, inf)",10850,0.203309,10619,231,0.02129,0.216044,0.008578
R,2013H2-R,revol_bal,Special,0,0.0,0,0,0.0,0.0,0.0
R,2013H2-R,revol_bal,Missing,0,0.0,0,0,0.0,0.0,0.0
R,2013H2-R,sub_grade,"(-inf, 3.50)",5094,0.095452,5039,55,0.010797,0.905691,0.052321
R,2013H2-R,sub_grade,"[3.50, 5.50)",5807,0.108813,5711,96,0.016532,0.473863,0.019655
R,2013H2-R,sub_grade,"[5.50, 9.50)",15006,0.281185,14703,303,0.020192,0.270136,0.018094
R,2013H2-R,sub_grade,"[9.50, 12.50)",10361,0.194146,10093,268,0.025866,0.016672,5.4e-05
R,2013H2-R,sub_grade,"[12.50, 14.50)",3477,0.065153,3353,124,0.035663,-0.314609,0.007506
R,2013H2-R,sub_grade,"[14.50, inf)",13622,0.255251,13065,557,0.04089,-0.456811,0.066504
R,2013H2-R,sub_grade,Special,0,0.0,0,0,0.0,0.0,0.0
R,2013H2-R,sub_grade,Missing,0,0.0,0,0,0.0,0.0,0.0
R,2013H2-R,total_acc,"(-inf, 10.50)",5007,0.093822,4809,198,0.039545,-0.421961,0.020499
R,2013H2-R,total_acc,"[10.50, 13.50)",4630,0.086758,4506,124,0.026782,-0.019055,3.2e-05
R,2013H2-R,total_acc,"[13.50, 19.50)",11680,0.218862,11370,310,0.026541,-0.009777,2.1e-05
R,2013H2-R,total_acc,"[19.50, 29.50)",17998,0.33725,17542,456,0.025336,0.037922,0.000476
R,2013H2-R,total_acc,"[29.50, 38.50)",8799,0.164877,8596,203,0.023071,0.133908,0.002776
R,2013H2-R,total_acc,"[38.50, inf)",5253,0.098432,5141,112,0.021321,0.214566,0.004099
R,2013H2-R,total_acc,Special,0,0.0,0,0,0.0,0.0,0.0
R,2013H2-R,total_acc,Missing,0,0.0,0,0,0.0,0.0,0.0
R,2014H1-R,annual_inc,"(-inf, 34981.66)",8975,0.101737,8671,304,0.033872,-0.363557,0.016049
R,2014H1-R,annual_inc,"[34981.66, 43127.00)",10991,0.124589,10655,336,0.03057,-0.257596,0.009364
R,2014H1-R,annual_inc,"[43127.00, 61520.50)",23832,0.270149,23207,625,0.026225,-0.099811,0.002823
R,2014H1-R,annual_inc,"[61520.50, 73601.00)",11631,0.131844,11359,272,0.023386,0.017695,4.1e-05
R,2014H1-R,annual_inc,"[73601.00, 93802.78)",14742,0.167109,14459,283,0.019197,0.219356,0.007254
R,2014H1-R,annual_inc,"[93802.78, inf)",18047,0.204573,17768,279,0.01546,0.439674,0.032271
R,2014H1-R,annual_inc,Special,0,0.0,0,0,0.0,0.0,0.0
R,2014H1-R,annual_inc,Missing,0,0.0,0,0,0.0,0.0,0.0
R,2014H1-R,credit_history_months,"(-inf, 81.50)",6694,0.07588,6461,233,0.034807,-0.391768,0.014096
R,2014H1-R,credit_history_months,"[81.50, 131.50)",16623,0.188431,16142,481,0.028936,-0.200956,0.008384
R,2014H1-R,credit_history_months,"[131.50, 144.50)",7170,0.081276,6987,183,0.025523,-0.071949,0.000435
R,2014H1-R,credit_history_months,"[144.50, 192.50)",24122,0.273436,23554,568,0.023547,0.01066,3.1e-05
R,2014H1-R,credit_history_months,"[192.50, 218.50)",9415,0.106724,9210,205,0.021774,0.090766,0.000842
R,2014H1-R,credit_history_months,"[218.50, inf)",24194,0.274252,23765,429,0.017732,0.300243,0.021489
R,2014H1-R,credit_history_months,Special,0,0.0,0,0,0.0,0.0,0.0
R,2014H1-R,credit_history_months,Missing,0,0.0,0,0,0.0,0.0,0.0
R,2014H1-R,dti,"(-inf, 18.38)",49201,0.557721,48184,1017,0.02067,0.143901,0.010791
R,2014H1-R,dti,"[18.38, 22.24)",14195,0.160908,13839,356,0.025079,-0.053954,0.000481
R,2014H1-R,dti,"[22.24, 24.37)",6489,0.073556,6311,178,0.027431,-0.146003,0.001682
R,2014H1-R,dti,"[24.37, inf)",18333,0.207815,17785,548,0.029891,-0.234434,0.012791
R,2014H1-R,dti,Special,0,0.0,0,0,0.0,0.0,0.0
R,2014H1-R,dti,Missing,0,0.0,0,0,0.0,0.0,0.0
R,2014H1-R,fico_range_low,"(-inf, 662.50)",5438,0.061643,5232,206,0.037882,-0.479596,0.017932
R,2014H1-R,fico_range_low,"[662.50, 677.50)",20725,0.234929,20075,650,0.031363,-0.284011,0.021745
R,2014H1-R,fico_range_low,"[677.50, 697.50)",27658,0.313519,26975,683,0.024694,-0.038098,0.000463
R,2014H1-R,fico_range_low,"[697.50, 707.50)",10791,0.122322,10586,205,0.018997,0.230009,0.005809
R,2014H1-R,fico_range_low,"[707.50, 752.50)",18635,0.211238,18336,299,0.016045,0.401909,0.028321
R,2014H1-R,fico_range_low,"[752.50, inf)",4971,0.056349,4915,56,0.011265,0.760426,0.023112
R,2014H1-R,fico_range_low,Special,0,0.0,0,0,0.0,0.0,0.0
R,2014H1-R,fico_range_low,Missing,0,0.0,0,0,0.0,0.0,0.0
R,2014H1-R,home_ownership,"MORTGAGE, OTHER, NONE",45600,0.516901,44701,899,0.019715,0.192199,0.017444
R,2014H1-R,home_ownership,OWN,6709,0.07605,6535,174,0.025935,-0.088397,0.00062
R,2014H1-R,home_ownership,RENT,35909,0.407048,34883,1026,0.028572,-0.187937,0.015739
R,2014H1-R,home_ownership,Special,0,0.0,0,0,0.0,0.0,0.0
R,2014H1-R,home_ownership,Missing,0,0.0,0,0,0.0,0.0,0.0
R,2014H1-R,inq_last_6mths,"(-inf, 0.50)",43990,0.498651,43243,747,0.016981,0.344256,0.050346
R,2014H1-R,inq_last_6mths,"[0.50, 1.50)",25031,0.28374,24385,646,0.025808,-0.083345,0.002051
R,2014H1-R,inq_last_6mths,"[1.50, 2.50)",12034,0.136412,11621,413,0.034319,-0.377148,0.023315
R,2014H1-R,inq_last_6mths,"[2.50, inf)",7163,0.081197,6870,293,0.040905,-0.559522,0.033469
R,2014H1-R,inq_last_6mths,Special,0,0.0,0,0,0.0,0.0,0.0
R,2014H1-R,inq_last_6mths,Missing,0,0.0,0,0,0.0,0.0,0.0
R,2014H1-R,purpose,"credit_card, car",20738,0.235077,20389,349,0.016829,0.35341,0.02491
R,2014H1-R,purpose,home_improvement,4933,0.055918,4825,108,0.021893,0.085166,0.00039
R,2014H1-R,purpose,"debt_consolidation, major_purchase, house, vacation, medical",56237,0.637478,54886,1351,0.024023,-0.009856,6.2e-05
R,2014H1-R,purpose,"wedding, renewable_energy, other, moving, small_business",6310,0.071527,6019,291,0.046117,-0.684916,0.047085
R,2014H1-R,purpose,Special,0,0.0,0,0,0.0,0.0,0.0
R,2014H1-R,purpose,Missing,0,0.0,0,0,0.0,0.0,0.0
R,2014H1-R,revol_bal,"(-inf, 6660.50)",18950,0.214809,18398,552,0.029129,-0.20782,0.010255
R,2014H1-R,revol_bal,"[6660.50, 7670.50)",4516,0.051191,4398,118,0.026129,-0.096048,0.000494
R,2014H1-R,revol_bal,"[7670.50, 12581.50)",20067,0.227471,19574,493,0.024568,-0.032821,0.000249
R,2014H1-R,revol_bal,"[12581.50, 17298.50)",14208,0.161056,13874,334,0.023508,0.012362,2.4e-05
R,2014H1-R,revol_bal,"[17298.50, inf)",30477,0.345474,29875,602,0.019753,0.190251,0.011434
R,2014H1-R,revol_bal,Special,0,0.0,0,0,0.0,0.0,0.0
R,2014H1-R,revol_bal,Missing,0,0.0,0,0,0.0,0.0,0.0
R,2014H1-R,sub_grade,"(-inf, 3.50)",6045,0.068523,6007,38,0.006286,1.348826,0.069665
R,2014H1-R,sub_grade,"[3.50, 7.50)",17819,0.201988,17582,237,0.0133,0.592302,0.054047
R,2014H1-R,sub_grade,"[7.50, 9.50)",15178,0.172051,14929,249,0.016405,0.379339,0.020759
R,2014H1-R,sub_grade,"[9.50, 14.50)",23788,0.26965,23231,557,0.023415,0.016409,7.2e-05
R,2014H1-R,sub_grade,"[14.50, 16.50)",7426,0.084178,7180,246,0.033127,-0.340546,0.011519
R,2014H1-R,sub_grade,"[16.50, inf)",17962,0.203609,17190,772,0.04298,-0.61117,0.102791
R,2014H1-R,sub_grade,Special,0,0.0,0,0,0.0,0.0,0.0
R,2014H1-R,sub_grade,Missing,0,0.0,0,0,0.0,0.0,0.0
R,2014H1-R,total_acc,"(-inf, 10.50)",6433,0.072922,6210,223,0.034665,-0.387525,0.013227
R,2014H1-R,total_acc,"[10.50, 12.50)",4423,0.050137,4301,122,0.027583,-0.151687,0.001241
R,2014H1-R,total_acc,"[12.50, 19.50)",21117,0.239373,20580,537,0.02543,-0.068192,0.00115
R,2014H1-R,total_acc,"[19.50, 28.50)",28055,0.318019,27407,648,0.023097,0.030394,0.00029
R,2014H1-R,total_acc,"[28.50, 40.50)",20285,0.229942,19860,425,0.020951,0.130105,0.00366
R,2014H1-R,total_acc,"[40.50, inf)",7905,0.089608,7761,144,0.018216,0.272784,0.005869
R,2014H1-R,total_acc,Special,0,0.0,0,0,0.0,0.0,0.0
R,2014H1-R,total_acc,Missing,0,0.0,0,0,0.0,0.0,0.0
R,2014H2-R,annual_inc,"(-inf, 35000.49)",14914,0.110626,14444,470,0.031514,-0.385113,0.019813
R,2014H2-R,annual_inc,"[35000.49, 45691.50)",18850,0.139822,18361,489,0.025942,-0.184793,0.005221
R,2014H2-R,annual_inc,"[45691.50, 61514.50)",30990,0.229872,30249,741,0.023911,-0.101197,0.002472
R,2014H2-R,annual_inc,"[61514.50, 67213.50)",9101,0.067508,8912,189,0.020767,0.042992,0.000122
R,2014H2-R,annual_inc,"[67213.50, 96617.50)",34684,0.257273,34059,625,0.01802,0.187683,0.008294
R,2014H2-R,annual_inc,"[96617.50, inf)",26275,0.194898,25869,406,0.015452,0.344033,0.019642
R,2014H2-R,annual_inc,Special,0,0.0,0,0,0.0,0.0,0.0
R,2014H2-R,annual_inc,Missing,0,0.0,0,0,0.0,0.0,0.0
R,2014H2-R,credit_history_months,"(-inf, 84.50)",9402,0.069741,9091,311,0.033078,-0.435168,0.016354
R,2014H2-R,credit_history_months,"[84.50, 135.50)",25463,0.188875,24794,669,0.026273,-0.197842,0.008136
R,2014H2-R,credit_history_months,"[135.50, 193.50)",45651,0.338622,44682,969,0.021226,0.020646,0.000143
R,2014H2-R,credit_history_months,"[193.50, 223.50)",16249,0.120529,15930,319,0.019632,0.100353,0.001157
R,2014H2-R,credit_history_months,"[223.50, 309.50)",24927,0.184899,24488,439,0.017611,0.211024,0.007454
R,2014H2-R,credit_history_months,"[309.50, inf)",13122,0.097334,12909,213,0.016232,0.293973,0.007328
R,2014H2-R,credit_history_months,Special,0,0.0,0,0,0.0,0.0,0.0
R,2014H2-R,credit_history_months,Missing,0,0.0,0,0,0.0,0.0,0.0
R,2014H2-R,dti,"(-inf, 13.59)",46543,0.345239,45712,831,0.017854,0.197071,0.012217
R,2014H2-R,dti,"[13.59, 18.77)",32545,0.241407,31905,640,0.019665,0.098635,0.002241
R,2014H2-R,dti,"[18.77, 23.47)",25339,0.187955,24749,590,0.023284,-0.073997,0.001066
R,2014H2-R,dti,"[23.47, inf)",30387,0.225399,29528,859,0.028269,-0.27309,0.019199
R,2014H2-R,dti,Special,0,0.0,0,0,0.0,0.0,0.0
R,2014H2-R,dti,Missing,0,0.0,0,0,0.0,0.0,0.0
R,2014H2-R,emp_length,"(-inf, 0.50)",9084,0.067382,8841,243,0.02675,-0.216321,0.003502
R,2014H2-R,emp_length,"[0.50, 1.50)",7783,0.057731,7583,200,0.025697,-0.175068,0.001926
R,2014H2-R,emp_length,"[1.50, 2.50)",11240,0.083374,10965,275,0.024466,-0.124722,0.001377
R,2014H2-R,emp_length,"[2.50, 7.50)",43056,0.319373,42055,1001,0.023249,-0.072436,0.001735
R,2014H2-R,emp_length,"[7.50, 9.50)",11886,0.088166,11643,243,0.020444,0.058984,0.000298
R,2014H2-R,emp_length,"[9.50, inf)",45803,0.33975,44996,807,0.017619,0.21059,0.013643
R,2014H2-R,emp_length,Special,0,0.0,0,0,0.0,0.0,0.0
R,2014H2-R,emp_length,Missing,5962,0.044224,5811,151,0.025327,-0.160187,0.001226
R,2014H2-R,fico_range_low,"(-inf, 662.50)",9643,0.071528,9331,312,0.032355,-0.412321,0.014886
R,2014H2-R,fico_range_low,"[662.50, 672.50)",21893,0.162394,21276,617,0.028183,-0.269949,0.013495
R,2014H2-R,fico_range_low,"[672.50, 692.50)",42339,0.314055,41302,1037,0.024493,-0.125836,0.005284
R,2014H2-R,fico_range_low,"[692.50, 697.50)",9449,0.070089,9254,195,0.020637,0.049397,0.000167
R,2014H2-R,fico_range_low,"[697.50, 712.50)",22507,0.166949,22116,391,0.017372,0.224934,0.007597
R,2014H2-R,fico_range_low,"[712.50, inf)",28983,0.214985,28615,368,0.012697,0.543188,0.049391
R,2014H2-R,fico_range_low,Special,0,0.0,0,0,0.0,0.0,0.0
R,2014H2-R,fico_range_low,Missing,0,0.0,0,0,0.0,0.0,0.0
R,2014H2-R,home_ownership,MORTGAGE,72065,0.534551,70797,1268,0.017595,0.211961,0.021731
R,2014H2-R,home_ownership,OWN,11251,0.083456,10989,262,0.023287,-0.074109,0.000475
R,2014H2-R,home_ownership,RENT,51498,0.381993,50108,1390,0.026991,-0.225538,0.021678
R,2014H2-R,home_ownership,Special,0,0.0,0,0,0.0,0.0,0.0
R,2014H2-R,home_ownership,Missing,0,0.0,0,0,0.0,0.0,0.0
R,2014H2-R,inq_last_6mths,"(-inf, 0.50)",69596,0.516237,68465,1131,0.016251,0.292806,0.038581
R,2014H2-R,inq_last_6mths,"[0.50, 1.50)",38040,0.282167,37164,876,0.023028,-0.062685,0.001143
R,2014H2-R,inq_last_6mths,"[1.50, 2.50)",16842,0.124928,16321,521,0.030935,-0.365957,0.020011
R,2014H2-R,inq_last_6mths,"[2.50, inf)",10336,0.076669,9944,392,0.037926,-0.576952,0.033955
R,2014H2-R,inq_last_6mths,Special,0,0.0,0,0,0.0,0.0,0.0
R,2014H2-R,inq_last_6mths,Missing,0,0.0,0,0,0.0,0.0,0.0
R,2014H2-R,purpose,"credit_card, house",33480,0.248342,32952,528,0.015771,0.323296,0.022312
R,2014H2-R,purpose,"renewable_energy, debt_consolidation",80691,0.598536,78973,1718,0.021291,0.01753,0.000182
R,2014H2-R,purpose,"home_improvement, vacation, car",9019,0.0669,8810,209,0.023173,-0.069106,0.00033
R,2014H2-R,purpose,"major_purchase, other, medical, wedding, small_business, moving",11624,0.086222,11159,465,0.040003,-0.632451,0.047207
R,2014H2-R,purpose,Special,0,0.0,0,0,0.0,0.0,0.0
R,2014H2-R,purpose,Missing,0,0.0,0,0,0.0,0.0,0.0
R,2014H2-R,sub_grade,"(-inf, 3.50)",8265,0.061307,8238,27,0.003267,1.910261,0.10165
R,2014H2-R,sub_grade,"[3.50, 6.50)",17236,0.12785,17105,131,0.0076,1.061514,0.090042
R,2014H2-R,sub_grade,"[6.50, 9.50)",30653,0.227373,30268,385,0.01256,0.554188,0.05411
R,2014H2-R,sub_grade,"[9.50, 15.50)",43775,0.324707,42849,926,0.021154,0.024148,0.000187
R,2014H2-R,sub_grade,"[15.50, 21.50)",22342,0.165725,21538,804,0.035986,-0.52244,0.058537
R,2014H2-R,sub_grade,"[21.50, inf)",12543,0.093039,11896,647,0.051583,-0.898804,0.118086
R,2014H2-R,sub_grade,Special,0,0.0,0,0,0.0,0.0,0.0
R,2014H2-R,sub_grade,Missing,0,0.0,0,0,0.0,0.0,0.0
R,2015H1-R,annual_inc,"(-inf, 33607.50)",16232,0.088122,15697,535,0.03296,-0.408312,0.017944
R,2015H1-R,annual_inc,"[33607.50, 49451.00)",36195,0.196499,35236,959,0.026495,-0.183338,0.007217
R,2015H1-R,annual_inc,"[49451.00, 61504.10)",34410,0.186809,33570,840,0.024412,-0.099284,0.001931
R,2015H1-R,annual_inc,"[61504.10, 81644.00)",40643,0.220647,39819,824,0.020274,0.090659,0.001737
R,2015H1-R,annual_inc,"[81644.00, 98785.50)",21045,0.114251,20669,376,0.017866,0.219531,0.004965
R,2015H1-R,annual_inc,"[98785.50, inf)",35674,0.193671,35127,547,0.015333,0.375006,0.02287
R,2015H1-R,annual_inc,Special,0,0.0,0,0,0.0,0.0,0.0
R,2015H1-R,annual_inc,Missing,0,0.0,0,0,0.0,0.0,0.0
R,2015H1-R,credit_history_months,"(-inf, 96.50)",17010,0.092346,16440,570,0.03351,-0.425434,0.02059
R,2015H1-R,credit_history_months,"[96.50, 135.50)",26785,0.145413,26028,757,0.028262,-0.249705,0.010235
R,2015H1-R,credit_history_months,"[135.50, 197.50)",64102,0.348004,62701,1401,0.021856,0.013921,6.7e-05
R,2015H1-R,credit_history_months,"[197.50, 247.50)",33883,0.183948,33236,647,0.019095,0.151772,0.003944
R,2015H1-R,credit_history_months,"[247.50, 310.50)",21999,0.119431,21615,384,0.017455,0.24323,0.006302
R,2015H1-R,credit_history_months,"[310.50, inf)",20420,0.110858,20098,322,0.015769,0.346554,0.011325
R,2015H1-R,credit_history_months,Special,0,0.0,0,0,0.0,0.0,0.0
R,2015H1-R,credit_history_months,Missing,0,0.0,0,0,0.0,0.0,0.0
R,2015H1-R,dti,"(-inf, 8.86)",26488,0.143801,26021,467,0.017631,0.23306,0.007
R,2015H1-R,dti,"[8.86, 13.38)",33956,0.184344,33343,613,0.018053,0.208968,0.007295
R,2015H1-R,dti,"[13.38, 18.05)",40627,0.22056,39788,839,0.020651,0.07184,0.0011
R,2015H1-R,dti,"[18.05, 22.45)",34286,0.186136,33494,792,0.0231,-0.04271,0.000347
R,2015H1-R,dti,"[22.45, 24.98)",16172,0.087796,15751,421,0.026033,-0.165244,0.002596
R,2015H1-R,dti,"[24.98, inf)",32670,0.177363,31721,949,0.029048,-0.277945,0.015684
R,2015H1-R,dti,Special,0,0.0,0,0,0.0,0.0,0.0
R,2015H1-R,dti,Missing,0,0.0,0,0,0.0,0.0,0.0
R,2015H1-R,emp_length,"(-inf, 1.50)",23973,0.130147,23333,640,0.026697,-0.191114,0.005214
R,2015H1-R,emp_length,"[1.50, 2.50)",15354,0.083356,14959,395,0.025726,-0.153087,0.002103
R,2015H1-R,emp_length,"[2.50, 6.50)",45494,0.246983,44402,1092,0.024003,-0.081996,0.001727
R,2015H1-R,emp_length,"[6.50, 9.50)",27335,0.148399,26722,613,0.022425,-0.012393,2.3e-05
R,2015H1-R,emp_length,"[9.50, inf)",62923,0.341603,61810,1113,0.017688,0.229736,0.016182
R,2015H1-R,emp_length,Special,0,0.0,0,0,0.0,0.0,0.0
R,2015H1-R,emp_length,Missing,9120,0.049512,8892,228,0.025,-0.123708,0.000804
R,2015H1-R,fico_range_low,"(-inf, 662.50)",16529,0.089734,15999,530,0.032065,-0.379866,0.015592
R,2015H1-R,fico_range_low,"[662.50, 672.50)",33309,0.180832,32408,901,0.02705,-0.204615,0.008359
R,2015H1-R,fico_range_low,"[672.50, 697.50)",67441,0.366131,65836,1605,0.023799,-0.073227,0.002034
R,2015H1-R,fico_range_low,"[697.50, 707.50)",19680,0.106841,19303,377,0.019157,0.1485,0.002196
R,2015H1-R,fico_range_low,"[707.50, 722.50)",20784,0.112834,20446,338,0.016263,0.315227,0.009675
R,2015H1-R,fico_range_low,"[722.50, inf)",26456,0.143627,26126,330,0.012474,0.584323,0.037506
R,2015H1-R,fico_range_low,Special,0,0.0,0,0,0.0,0.0,0.0
R,2015H1-R,fico_range_low,Missing,0,0.0,0,0,0.0,0.0,0.0
R,2015H1-R,home_ownership,MORTGAGE,97017,0.526697,95250,1767,0.018213,0.199952,0.019163
R,2015H1-R,home_ownership,OWN,17015,0.092373,16594,421,0.024743,-0.113107,0.001248
R,2015H1-R,home_ownership,RENT,70167,0.38093,68274,1893,0.026978,-0.201904,0.017123
R,2015H1-R,home_ownership,Special,0,0.0,0,0,0.0,0.0,0.0
R,2015H1-R,home_ownership,Missing,0,0.0,0,0,0.0,0.0,0.0
R,2015H1-R,inq_last_6mths,"(-inf, 0.50)",93612,0.508211,91953,1659,0.017722,0.227792,0.02369
R,2015H1-R,inq_last_6mths,"[0.50, 1.50)",51995,0.282276,50813,1182,0.022733,-0.026326,0.000198
R,2015H1-R,inq_last_6mths,"[1.50, 2.50)",23604,0.128144,22900,704,0.029825,-0.305156,0.013844
R,2015H1-R,inq_last_6mths,"[2.50, inf)",14988,0.081369,14452,536,0.035762,-0.492816,0.025185
R,2015H1-R,inq_last_6mths,Special,0,0.0,0,0,0.0,0.0,0.0
R,2015H1-R,inq_last_6mths,Missing,0,0.0,0,0,0.0,0.0,0.0
R,2015H1-R,purpose,"renewable_energy, credit_card",45693,0.248063,44992,701,0.015342,0.374462,0.029216
R,2015H1-R,purpose,"vacation, home_improvement",11127,0.060407,10883,244,0.021929,0.010519,7e-06
R,2015H1-R,purpose,"debt_consolidation, car, major_purchase",113896,0.618331,111285,2611,0.022924,-0.034909,0.000766
R,2015H1-R,purpose,"house, other, wedding, medical, small_business, moving",13483,0.073198,12958,525,0.038938,-0.5812,0.032956
R,2015H1-R,purpose,Special,0,0.0,0,0,0.0,0.0,0.0
R,2015H1-R,purpose,Missing,0,0.0,0,0,0.0,0.0,0.0
R,2015H1-R,sub_grade,"(-inf, 3.50)",10693,0.058051,10658,35,0.003273,1.931448,0.097724
R,2015H1-R,sub_grade,"[3.50, 5.50)",14204,0.077112,14107,97,0.006829,1.192445,0.065051
R,2015H1-R,sub_grade,"[5.50, 9.50)",44414,0.24112,43915,499,0.011235,0.690135,0.083878
R,2015H1-R,sub_grade,"[9.50, 15.50)",62417,0.338856,61139,1278,0.020475,0.080583,0.002118
R,2015H1-R,sub_grade,"[15.50, 23.50)",41736,0.226581,40234,1502,0.035988,-0.499355,0.072242
R,2015H1-R,sub_grade,"[23.50, inf)",10735,0.058279,10065,670,0.062413,-1.077729,0.116713
R,2015H1-R,sub_grade,Special,0,0.0,0,0,0.0,0.0,0.0
R,2015H1-R,sub_grade,Missing,0,0.0,0,0,0.0,0.0,0.0
R,2015H1-R,total_acc,"(-inf, 13.50)",24856,0.134941,24147,709,0.028524,-0.25921,0.010283
R,2015H1-R,total_acc,"[13.50, 16.50)",17080,0.092726,16668,412,0.024122,-0.087047,0.000733
R,2015H1-R,total_acc,"[16.50, 25.50)",59764,0.324453,58418,1346,0.022522,-0.016783,9.2e-05
R,2015H1-R,total_acc,"[25.50, 31.50)",32962,0.178948,32260,702,0.021297,0.04038,0.000286
R,2015H1-R,total_acc,"[31.50, 34.50)",12424,0.067449,12179,245,0.01972,0.11894,0.000902
R,2015H1-R,total_acc,"[34.50, inf)",37113,0.201483,36446,667,0.017972,0.213527,0.008307
R,2015H1-R,total_acc,Special,0,0.0,0,0,0.0,0.0,0.0
R,2015H1-R,total_acc,Missing,0,0.0,0,0,0.0,0.0,0.0
R,2015H2-R,annual_inc,"(-inf, 36102.50)",30010,0.127361,29029,981,0.032689,-0.337885,0.017136
R,2015H2-R,annual_inc,"[36102.50, 40301.00)",12930,0.054874,12541,389,0.030085,-0.252184,0.003943
R,2015H2-R,annual_inc,"[40301.00, 61302.50)",68048,0.288793,66263,1785,0.026231,-0.11115,0.003763
R,2015H2-R,annual_inc,"[61302.50, 75502.00)",39337,0.166945,38453,884,0.022472,0.047372,0.000366
R,2015H2-R,annual_inc,"[75502.00, 97763.00)",37323,0.158397,36583,740,0.019827,0.175326,0.004483
R,2015H2-R,annual_inc,"[97763.00, inf)",47981,0.203629,47214,767,0.015985,0.394596,0.026401
R,2015H2-R,annual_inc,Special,0,0.0,0,0,0.0,0.0,0.0
R,2015H2-R,annual_inc,Missing,0,0.0,0,0,0.0,0.0,0.0
R,2015H2-R,credit_history_months,"(-inf, 93.50)",18422,0.078182,17767,655,0.035555,-0.4249,0.017371
R,2015H2-R,credit_history_months,"[93.50, 120.50)",20006,0.084905,19393,613,0.030641,-0.271061,0.007113
R,2015H2-R,credit_history_months,"[120.50, 140.50)",22549,0.095697,21889,660,0.02927,-0.223863,0.005343
R,2015H2-R,credit_history_months,"[140.50, 162.50)",30199,0.128163,29435,764,0.025299,-0.073991,0.000727
R,2015H2-R,credit_history_months,"[162.50, 213.50)",59102,0.250827,57826,1276,0.02159,0.088345,0.001877
R,2015H2-R,credit_history_months,"[213.50, inf)",85351,0.362226,83773,1578,0.018488,0.246589,0.019621
R,2015H2-R,credit_history_months,Special,0,0.0,0,0,0.0,0.0,0.0
R,2015H2-R,credit_history_months,Missing,0,0.0,0,0,0.0,0.0,0.0
R,2015H2-R,dti,"(-inf, 13.11)",69838,0.29639,68564,1274,0.018242,0.260243,0.01777
R,2015H2-R,dti,"[13.11, 18.16)",53716,0.227969,52590,1126,0.020962,0.118491,0.003026
R,2015H2-R,dti,"[18.16, 19.31)",12069,0.05122,11793,276,0.022869,0.029497,4.4e-05
R,2015H2-R,dti,"[19.31, 22.68)",31757,0.134775,30965,792,0.024939,-0.059312,0.000488
R,2015H2-R,dti,"[22.68, 24.38)",14169,0.060133,13793,376,0.026537,-0.123036,0.000966
R,2015H2-R,dti,"[24.38, inf)",54080,0.229513,52378,1702,0.031472,-0.298681,0.023667
R,2015H2-R,dti,Special,0,0.0,0,0,0.0,0.0,0.0
R,2015H2-R,dti,Missing,0,0.0,0,0,0.0,0.0,0.0
R,2015H2-R,fico_range_low,"(-inf, 662.50)",23831,0.101138,23056,775,0.032521,-0.332545,0.013147
R,2015H2-R,fico_range_low,"[662.50, 687.50)",100723,0.427464,97950,2773,0.027531,-0.160836,0.011948
R,2015H2-R,fico_range_low,"[687.50, 697.50)",30069,0.127612,29385,684,0.022748,0.034919,0.000153
R,2015H2-R,fico_range_low,"[697.50, 712.50)",33021,0.14014,32364,657,0.019896,0.171755,0.003813
R,2015H2-R,fico_range_low,"[712.50, 737.50)",29143,0.123682,28707,436,0.014961,0.461891,0.021318
R,2015H2-R,fico_range_low,"[737.50, inf)",18842,0.079965,18621,221,0.011729,0.708519,0.029108
R,2015H2-R,fico_range_low,Special,0,0.0,0,0,0.0,0.0,0.0
R,2015H2-R,fico_range_low,Missing,0,0.0,0,0,0.0,0.0,0.0
R,2015H2-R,home_ownership,"ANY, MORTGAGE",119938,0.509012,117611,2327,0.019402,0.19744,0.018083
R,2015H2-R,home_ownership,OWN,23007,0.097641,22427,580,0.02521,-0.07037,0.0005
R,2015H2-R,home_ownership,RENT,92684,0.393347,90045,2639,0.028473,-0.195454,0.016512
R,2015H2-R,home_ownership,Special,0,0.0,0,0,0.0,0.0,0.0
R,2015H2-R,home_ownership,Missing,0,0.0,0,0,0.0,0.0,0.0
R,2015H2-R,inq_last_6mths,"(-inf, 0.50)",126007,0.534769,123564,2443,0.019388,0.198169,0.019132
R,2015H2-R,inq_last_6mths,"[0.50, 1.50)",65838,0.279414,64270,1568,0.023816,-0.012071,4.1e-05
R,2015H2-R,inq_last_6mths,"[1.50, 2.50)",27275,0.115754,26401,874,0.032044,-0.317286,0.013594
R,2015H2-R,inq_last_6mths,"[2.50, inf)",16509,0.070064,15848,661,0.040039,-0.548318,0.027583
R,2015H2-R,inq_last_6mths,Special,0,0.0,0,0,0.0,0.0,0.0
R,2015H2-R,inq_last_6mths,Missing,0,0.0,0,0,0.0,0.0,0.0
R,2015H2-R,purpose,"wedding, credit_card, car",57362,0.243442,56408,954,0.016631,0.354339,0.025919
R,2015H2-R,purpose,home_improvement,13045,0.055362,12761,284,0.021771,0.079812,0.00034
R,2015H2-R,purpose,"renewable_energy, debt_consolidation, major_purchase",146987,0.623807,143359,3628,0.024682,-0.048693,0.001514
R,2015H2-R,purpose,"vacation, other, house, medical, small_business, moving",18235,0.077389,17555,680,0.037291,-0.474362,0.021969
R,2015H2-R,purpose,Special,0,0.0,0,0,0.0,0.0,0.0
R,2015H2-R,purpose,Missing,0,0.0,0,0,0.0,0.0,0.0
R,2015H2-R,sub_grade,"(-inf, 3.50)",16223,0.06885,16168,55,0.00339,1.958093,0.118177
R,2015H2-R,sub_grade,"[3.50, 5.50)",19885,0.084391,19749,136,0.006839,1.25284,0.076814
R,2015H2-R,sub_grade,"[5.50, 9.50)",48626,0.206367,48078,548,0.01127,0.748942,0.082495
R,2015H2-R,sub_grade,"[9.50, 15.50)",79874,0.338982,78201,1673,0.020945,0.119301,0.00456
R,2015H2-R,sub_grade,"[15.50, 23.50)",57314,0.243238,55149,2165,0.037774,-0.487745,0.073493
R,2015H2-R,sub_grade,"[23.50, inf)",13707,0.058172,12738,969,0.070694,-1.149283,0.137176
R,2015H2-R,sub_grade,Special,0,0.0,0,0,0.0,0.0,0.0
R,2015H2-R,sub_grade,Missing,0,0.0,0,0,0.0,0.0,0.0
R,2015H2-R,verification_status,Not Verified,68513,0.290766,67302,1211,0.017675,0.29238,0.021682
R,2015H2-R,verification_status,Source Verified,99887,0.423916,97410,2477,0.024798,-0.053482,0.001244
R,2015H2-R,verification_status,Verified,67229,0.285317,65371,1858,0.027637,-0.164785,0.008387
R,2015H2-R,verification_status,Special,0,0.0,0,0,0.0,0.0,0.0
R,2015H2-R,verification_status,Missing,0,0.0,0,0,0.0,0.0,0.0
R,2016H1-R,annual_inc,"(-inf, 32821.50)",27730,0.088602,26709,1021,0.036819,-0.355227,0.013276
R,2016H1-R,annual_inc,"[32821.50, 45002.00)",51297,0.163903,49698,1599,0.031171,-0.182859,0.005982
R,2016H1-R,annual_inc,"[45002.00, 65974.50)",86911,0.277696,84551,2360,0.027154,-0.040752,0.00047
R,2016H1-R,annual_inc,"[65974.50, 85842.00)",60371,0.192896,58907,1464,0.02425,0.075343,0.001057
R,2016H1-R,annual_inc,"[85842.00, 129525.00)",58341,0.18641,57121,1220,0.020912,0.226876,0.00863
R,2016H1-R,annual_inc,"[129525.00, inf)",28322,0.090494,27818,504,0.017795,0.391417,0.011571
R,2016H1-R,annual_inc,Special,0,0.0,0,0,0.0,0.0,0.0
R,2016H1-R,annual_inc,Missing,0,0.0,0,0,0.0,0.0,0.0
R,2016H1-R,credit_history_months,"(-inf, 83.50)",16918,0.054056,16272,646,0.038184,-0.393043,0.010103
R,2016H1-R,credit_history_months,"[83.50, 134.50)",55620,0.177716,53762,1858,0.033405,-0.254379,0.012996
R,2016H1-R,credit_history_months,"[134.50, 162.50)",49210,0.157235,47805,1405,0.028551,-0.092352,0.001401
R,2016H1-R,credit_history_months,"[162.50, 222.50)",88389,0.282418,86241,2148,0.024302,0.073164,0.00146
R,2016H1-R,credit_history_months,"[222.50, 256.50)",34585,0.110505,33834,751,0.021715,0.188371,0.00359
R,2016H1-R,credit_history_months,"[256.50, inf)",68250,0.218071,66890,1360,0.019927,0.27612,0.01462
R,2016H1-R,credit_history_months,Special,0,0.0,0,0,0.0,0.0,0.0
R,2016H1-R,credit_history_months,Missing,0,0.0,0,0,0.0,0.0,0.0
R,2016H1-R,dti,"(-inf, 13.10)",86885,0.277613,85215,1670,0.019221,0.312909,0.023505
R,2016H1-R,dti,"[13.10, 16.13)",40482,0.129347,39595,887,0.021911,0.179168,0.003818
R,2016H1-R,dti,"[16.13, 20.14)",53658,0.171447,52363,1295,0.024134,0.080245,0.001063
R,2016H1-R,dti,"[20.14, 21.73)",19600,0.062625,19074,526,0.026837,-0.028665,5.2e-05
R,2016H1-R,dti,"[21.73, 24.98)",35517,0.113483,34487,1030,0.029,-0.108421,0.001405
R,2016H1-R,dti,"[24.98, inf)",76830,0.245485,74070,2760,0.035923,-0.329665,0.031284
R,2016H1-R,dti,Special,0,0.0,0,0,0.0,0.0,0.0
R,2016H1-R,dti,Missing,0,0.0,0,0,0.0,0.0,0.0
R,2016H1-R,fico_range_low,"(-inf, 672.50)",91879,0.293569,88845,3034,0.033022,-0.242433,0.019387
R,2016H1-R,fico_range_low,"[672.50, 687.50)",73370,0.23443,71130,2240,0.03053,-0.161412,0.006598
R,2016H1-R,fico_range_low,"[687.50, 697.50)",39874,0.127404,38878,996,0.024979,0.044992,0.000252
R,2016H1-R,fico_range_low,"[697.50, 712.50)",44051,0.140751,43112,939,0.021316,0.207296,0.005489
R,2016H1-R,fico_range_low,"[712.50, 742.50)",42907,0.137095,42210,697,0.016244,0.484182,0.025734
R,2016H1-R,fico_range_low,"[742.50, inf)",20891,0.06675,20629,262,0.012541,0.746664,0.026584
R,2016H1-R,fico_range_low,Special,0,0.0,0,0,0.0,0.0,0.0
R,2016H1-R,fico_range_low,Missing,0,0.0,0,0,0.0,0.0,0.0
R,2016H1-R,home_ownership,"ANY, MORTGAGE",154286,0.492971,151008,3278,0.021246,0.210654,0.019823
R,2016H1-R,home_ownership,OWN,32154,0.102738,31314,840,0.026124,-0.001026,0.0
R,2016H1-R,home_ownership,RENT,126532,0.404292,122482,4050,0.032008,-0.210198,0.019758
R,2016H1-R,home_ownership,Special,0,0.0,0,0,0.0,0.0,0.0
R,2016H1-R,home_ownership,Missing,0,0.0,0,0,0.0,0.0,0.0
R,2016H1-R,inq_last_6mths,"(-inf, 0.50)",183941,0.587724,179974,3967,0.021567,0.195357,0.02047
R,2016H1-R,inq_last_6mths,"[0.50, 1.50)",84928,0.27136,82554,2374,0.027953,-0.070569,0.001398
R,2016H1-R,inq_last_6mths,"[1.50, inf)",44103,0.140917,42276,1827,0.041426,-0.477901,0.040611
R,2016H1-R,inq_last_6mths,Special,0,0.0,0,0,0.0,0.0,0.0
R,2016H1-R,inq_last_6mths,Missing,0,0.0,0,0,0.0,0.0,0.0
R,2016H1-R,purpose,"educational, wedding, credit_card",71144,0.227317,69832,1312,0.018441,0.355095,0.024316
R,2016H1-R,purpose,"home_improvement, car",19587,0.062584,19129,458,0.023383,0.112647,0.000753
R,2016H1-R,purpose,debt_consolidation,193184,0.617256,187897,5287,0.027368,-0.048802,0.001505
R,2016H1-R,purpose,"major_purchase, other, vacation, renewable_energy, house, medical, moving, small_business",29057,0.092842,27946,1111,0.038235,-0.394431,0.017487
R,2016H1-R,purpose,Special,0,0.0,0,0,0.0,0.0,0.0
R,2016H1-R,purpose,Missing,0,0.0,0,0,0.0,0.0,0.0
R,2016H1-R,sub_grade,"(-inf, 3.50)",24386,0.077918,24299,87,0.003568,2.012837,0.139024
R,2016H1-R,sub_grade,"[3.50, 5.50)",29361,0.093814,29160,201,0.006846,1.357803,0.096485
R,2016H1-R,sub_grade,"[5.50, 9.50)",64242,0.205264,63496,746,0.011612,0.824562,0.096462
R,2016H1-R,sub_grade,"[9.50, 14.50)",90312,0.288563,88299,2013,0.022289,0.161658,0.00699
R,2016H1-R,sub_grade,"[14.50, 22.50)",80775,0.25809,77484,3291,0.040743,-0.460565,0.068488
R,2016H1-R,sub_grade,"[22.50, inf)",23896,0.076352,22066,1830,0.076582,-1.129723,0.171324
R,2016H1-R,sub_grade,Special,0,0.0,0,0,0.0,0.0,0.0
R,2016H1-R,sub_grade,Missing,0,0.0,0,0,0.0,0.0,0.0
R,2016H1-R,verification_status,Not Verified,88050,0.281335,86455,1595,0.018115,0.373305,0.032988
R,2016H1-R,verification_status,Source Verified,139279,0.445021,135550,3729,0.026774,-0.026244,0.00031
R,2016H1-R,verification_status,Verified,85643,0.273644,82799,2844,0.033208,-0.24824,0.019001
R,2016H1-R,verification_status,Special,0,0.0,0,0,0.0,0.0,0.0
R,2016H1-R,verification_status,Missing,0,0.0,0,0,0.0,0.0,0.0
R,2016H2-R,credit_history_months,"(-inf, 83.50)",22102,0.052487,21208,894,0.040449,-0.399444,0.010157
R,2016H2-R,credit_history_months,"[83.50, 133.50)",71994,0.170969,69501,2493,0.034628,-0.238017,0.010855
R,2016H2-R,credit_history_months,"[133.50, 157.50)",55771,0.132443,54031,1740,0.031199,-0.130199,0.002389
R,2016H2-R,credit_history_months,"[157.50, 187.50)",70079,0.166421,68139,1940,0.027683,-0.00701,8e-06
R,2016H2-R,credit_history_months,"[187.50, 222.50)",59847,0.142122,58326,1521,0.025415,0.080808,0.000893
R,2016H2-R,credit_history_months,"[222.50, inf)",141302,0.335558,138312,2990,0.02116,0.268367,0.021334
R,2016H2-R,credit_history_months,Special,0,0.0,0,0,0.0,0.0,0.0
R,2016H2-R,credit_history_months,Missing,0,0.0,0,0,0.0,0.0,0.0
R,2016H2-R,dti,"(-inf, 12.48)",103595,0.246013,101441,2154,0.020793,0.286279,0.017654
R,2016H2-R,dti,"[12.48, 16.13)",62972,0.149543,61562,1410,0.022391,0.210583,0.006011
R,2016H2-R,dti,"[16.13, 20.28)",73025,0.173417,71217,1808,0.024759,0.107639,0.00191
R,2016H2-R,dti,"[20.28, 22.62)",37593,0.089274,36551,1042,0.027718,-0.008305,6e-06
R,2016H2-R,dti,"[22.62, 24.97)",33840,0.080362,32807,1033,0.030526,-0.107697,0.000981
R,2016H2-R,dti,"[24.97, inf)",110068,0.261385,105938,4130,0.037522,-0.321295,0.031494
R,2016H2-R,dti,Special,0,0.0,0,0,0.0,0.0,0.0
R,2016H2-R,dti,Missing,2,5e-06,1,1,0.5,-3.565872,0.000299
R,2016H2-R,fico_range_low,"(-inf, 667.50)",80569,0.191332,77597,2972,0.036888,-0.303578,0.020403
R,2016H2-R,fico_range_low,"[667.50, 687.50)",136015,0.323003,131641,4374,0.032158,-0.161471,0.009096
R,2016H2-R,fico_range_low,"[687.50, 697.50)",52766,0.125307,51345,1421,0.02693,0.021335,5.6e-05
R,2016H2-R,fico_range_low,"[697.50, 712.50)",60733,0.144226,59381,1352,0.022261,0.216518,0.006112
R,2016H2-R,fico_range_low,"[712.50, 747.50)",64547,0.153284,63424,1123,0.017398,0.467967,0.027086
R,2016H2-R,fico_range_low,"[747.50, inf)",26465,0.062848,26129,336,0.012696,0.787818,0.027403
R,2016H2-R,fico_range_low,Special,0,0.0,0,0,0.0,0.0,0.0
R,2016H2-R,fico_range_low,Missing,0,0.0,0,0,0.0,0.0,0.0
R,2016H2-R,home_ownership,"ANY, MORTGAGE",207685,0.493202,203138,4547,0.021894,0.233546,0.024129
R,2016H2-R,home_ownership,OWN,45766,0.108683,44415,1351,0.02952,-0.073139,0.000602
R,2016H2-R,home_ownership,RENT,167644,0.398114,161964,5680,0.033881,-0.215449,0.020486
R,2016H2-R,home_ownership,Special,0,0.0,0,0,0.0,0.0,0.0
R,2016H2-R,home_ownership,Missing,0,0.0,0,0,0.0,0.0,0.0
R,2016H2-R,inq_last_6mths,"(-inf, 0.50)",256408,0.608908,250771,5637,0.021984,0.229316,0.028776
R,2016H2-R,inq_last_6mths,"[0.50, 1.50)",111346,0.26442,107855,3491,0.031353,-0.135272,0.00516
R,2016H2-R,inq_last_6mths,"[1.50, inf)",53341,0.126672,50891,2450,0.045931,-0.532274,0.046487
R,2016H2-R,inq_last_6mths,Special,0,0.0,0,0,0.0,0.0,0.0
R,2016H2-R,inq_last_6mths,Missing,0,0.0,0,0,0.0,0.0,0.0
R,2016H2-R,purpose,"educational, wedding, credit_card",102030,0.242297,100136,1894,0.018563,0.401967,0.032534
R,2016H2-R,purpose,"home_improvement, car",28759,0.068296,28007,752,0.026148,0.051602,0.000177
R,2016H2-R,purpose,debt_consolidation,250020,0.593738,242749,7271,0.029082,-0.057738,0.002034
R,2016H2-R,purpose,"other, major_purchase, vacation, house, medical, moving, small_business, renewable_energy",40286,0.09567,38625,1661,0.04123,-0.419392,0.02061
R,2016H2-R,purpose,Special,0,0.0,0,0,0.0,0.0,0.0
R,2016H2-R,purpose,Missing,0,0.0,0,0,0.0,0.0,0.0
R,2016H2-R,revol_bal,"(-inf, 2390.50)",24895,0.05912,23860,1035,0.041575,-0.42807,0.013326
R,2016H2-R,revol_bal,"[2390.50, 4541.50)",38772,0.092074,37524,1248,0.032188,-0.162433,0.002625
R,2016H2-R,revol_bal,"[4541.50, 7716.50)",67400,0.160059,65423,1977,0.029332,-0.066578,0.000732
R,2016H2-R,revol_bal,"[7716.50, 21861.50)",187864,0.446132,183002,4862,0.02588,0.062176,0.001675
R,2016H2-R,revol_bal,"[21861.50, 31798.50)",49418,0.117356,48187,1231,0.02491,0.101391,0.00115
R,2016H2-R,revol_bal,"[31798.50, inf)",52746,0.125259,51521,1225,0.023225,0.173177,0.003464
R,2016H2-R,revol_bal,Special,0,0.0,0,0,0.0,0.0,0.0
R,2016H2-R,revol_bal,Missing,0,0.0,0,0,0.0,0.0,0.0
R,2016H2-R,sub_grade,"(-inf, 2.50)",23902,0.056762,23829,73,0.003054,2.222327,0.115301
R,2016H2-R,sub_grade,"[2.50, 7.50)",93701,0.222517,92951,750,0.008004,1.253883,0.203379
R,2016H2-R,sub_grade,"[7.50, 10.50)",73339,0.174163,72193,1146,0.015626,0.577194,0.044621
R,2016H2-R,sub_grade,"[10.50, 15.50)",120567,0.286318,117294,3273,0.027147,0.013105,4.9e-05
R,2016H2-R,sub_grade,"[15.50, 22.50)",80224,0.190513,76353,3871,0.048252,-0.584017,0.086373
R,2016H2-R,sub_grade,"[22.50, inf)",29362,0.069728,26897,2465,0.083952,-1.176049,0.173143
R,2016H2-R,sub_grade,Special,0,0.0,0,0,0.0,0.0,0.0
R,2016H2-R,sub_grade,Missing,0,0.0,0,0,0.0,0.0,0.0
R,2016H2-R,verification_status,Not Verified,113311,0.269087,111340,1971,0.017395,0.468176,0.047588
R,2016H2-R,verification_status,Source Verified,184768,0.43878,179804,4964,0.026866,0.023784,0.000245
R,2016H2-R,verification_status,Verified,123016,0.292134,118373,4643,0.037743,-0.327392,0.036656
R,2016H2-R,verification_status,Special,0,0.0,0,0,0.0,0.0,0.0
R,2016H2-R,verification_status,Missing,0,0.0,0,0,0.0,0.0,0.0
R,2017H1-R,credit_history_months,"(-inf, 90.50)",31474,0.066579,30166,1308,0.041558,-0.331217,0.008558
R,2017H1-R,credit_history_months,"[90.50, 157.50)",138020,0.291961,133092,4928,0.035705,-0.173326,0.009523
R,2017H1-R,credit_history_months,"[157.50, 184.50)",69290,0.146573,67140,2150,0.031029,-0.028121,0.000117
R,2017H1-R,credit_history_months,"[184.50, 207.50)",49427,0.104556,48054,1373,0.027778,0.085894,0.000741
R,2017H1-R,credit_history_months,"[207.50, 298.50)",114717,0.242667,111784,2933,0.025567,0.171109,0.006561
R,2017H1-R,credit_history_months,"[298.50, inf)",69806,0.147664,68224,1582,0.022663,0.294673,0.011192
R,2017H1-R,credit_history_months,Special,0,0.0,0,0,0.0,0.0,0.0
R,2017H1-R,credit_history_months,Missing,0,0.0,0,0,0.0,0.0,0.0
R,2017H1-R,dti,"(-inf, 11.89)",106966,0.226271,104563,2403,0.022465,0.303638,0.018135
R,2017H1-R,dti,"[11.89, 16.03)",78835,0.166764,76908,1927,0.024443,0.217212,0.007114
R,2017H1-R,dti,"[16.03, 19.34)",65112,0.137735,63382,1730,0.02657,0.131625,0.002244
R,2017H1-R,dti,"[19.34, 21.84)",45892,0.097078,44608,1284,0.027979,0.0785,0.000577
R,2017H1-R,dti,"[21.84, 24.91)",49885,0.105524,48289,1596,0.031994,-0.05973,0.000387
R,2017H1-R,dti,"[24.91, inf)",126011,0.266558,120679,5332,0.042314,-0.350026,0.038615
R,2017H1-R,dti,Special,0,0.0,0,0,0.0,0.0,0.0
R,2017H1-R,dti,Missing,33,7e-05,31,2,0.060606,-0.728593,5.3e-05
R,2017H1-R,fico_range_low,"(-inf, 667.50)",87113,0.184275,83454,3659,0.042003,-0.342328,0.025438
R,2017H1-R,fico_range_low,"[667.50, 682.50)",115344,0.243993,111154,4190,0.036326,-0.191217,0.009769
R,2017H1-R,fico_range_low,"[682.50, 692.50)",62666,0.132561,60741,1925,0.030718,-0.01774,4.2e-05
R,2017H1-R,fico_range_low,"[692.50, 712.50)",97286,0.205794,94779,2507,0.025769,0.163028,0.00507
R,2017H1-R,fico_range_low,"[712.50, 727.50)",45268,0.095758,44336,932,0.020588,0.392786,0.012339
R,2017H1-R,fico_range_low,"[727.50, inf)",65057,0.137619,63996,1061,0.016309,0.630175,0.041124
R,2017H1-R,fico_range_low,Special,0,0.0,0,0,0.0,0.0,0.0
R,2017H1-R,fico_range_low,Missing,0,0.0,0,0,0.0,0.0,0.0
R,2017H1-R,home_ownership,"ANY, MORTGAGE",233922,0.494828,228279,5643,0.024123,0.230719,0.02367
R,2017H1-R,home_ownership,OWN,55425,0.117244,53590,1835,0.033108,-0.095115,0.001109
R,2017H1-R,home_ownership,RENT,183387,0.387929,176591,6796,0.037058,-0.211931,0.01927
R,2017H1-R,home_ownership,Special,0,0.0,0,0,0.0,0.0,0.0
R,2017H1-R,home_ownership,Missing,0,0.0,0,0,0.0,0.0,0.0
R,2017H1-R,inq_last_6mths,"(-inf, 0.50)",290387,0.614271,283411,6976,0.024023,0.234989,0.030422
R,2017H1-R,inq_last_6mths,"[0.50, 1.50)",123287,0.260796,118953,4334,0.035154,-0.157196,0.006943
R,2017H1-R,inq_last_6mths,"[1.50, inf)",59059,0.124931,56095,2964,0.050187,-0.528926,0.045115
R,2017H1-R,inq_last_6mths,Special,0,0.0,0,0,0.0,0.0,0.0
R,2017H1-R,inq_last_6mths,Missing,1,2e-06,1,0,0.0,0.0,0.0
R,2017H1-R,purpose,"wedding, credit_card, car",117565,0.248692,115113,2452,0.020857,0.379577,0.030102
R,2017H1-R,purpose,home_improvement,31689,0.067033,30737,952,0.030042,0.005224,2e-06
R,2017H1-R,purpose,debt_consolidation,270528,0.572263,261907,8621,0.031867,-0.055645,0.001819
R,2017H1-R,purpose,"major_purchase, other, vacation, medical, house, moving, small_business, renewable_energy",52952,0.112012,50703,2249,0.042472,-0.353934,0.016623
R,2017H1-R,purpose,Special,0,0.0,0,0,0.0,0.0,0.0
R,2017H1-R,purpose,Missing,0,0.0,0,0,0.0,0.0,0.0
R,2017H1-R,revol_bal,"(-inf, 2536.50)",33678,0.071241,32157,1521,0.045163,-0.418171,0.015228
R,2017H1-R,revol_bal,"[2536.50, 4541.50)",41217,0.087189,39761,1456,0.035325,-0.16224,0.002478
R,2017H1-R,revol_bal,"[4541.50, 7863.50)",78826,0.166745,76348,2478,0.031436,-0.041583,0.000294
R,2017H1-R,revol_bal,"[7863.50, 13265.50)",107036,0.226419,104023,3013,0.028149,0.072242,0.001142
R,2017H1-R,revol_bal,"[13265.50, 26240.50)",127211,0.269096,123681,3530,0.027749,0.086974,0.001954
R,2017H1-R,revol_bal,"[26240.50, inf)",84766,0.17931,82490,2276,0.02685,0.120824,0.002474
R,2017H1-R,revol_bal,Special,0,0.0,0,0,0.0,0.0,0.0
R,2017H1-R,revol_bal,Missing,0,0.0,0,0,0.0,0.0,0.0
R,2017H1-R,sub_grade,"(-inf, 2.50)",35122,0.074295,34972,150,0.004271,1.982234,0.130377
R,2017H1-R,sub_grade,"[2.50, 7.50)",105947,0.224115,104926,1021,0.009637,1.163039,0.18299
R,2017H1-R,sub_grade,"[7.50, 10.50)",87496,0.185085,86009,1487,0.016995,0.588258,0.049078
R,2017H1-R,sub_grade,"[10.50, 15.50)",133538,0.28248,129420,4118,0.030838,-0.021738,0.000135
R,2017H1-R,sub_grade,"[15.50, 22.50)",80057,0.169349,75561,4496,0.05616,-0.647681,0.097258
R,2017H1-R,sub_grade,"[22.50, inf)",30574,0.064675,27572,3002,0.098188,-1.251911,0.188002
R,2017H1-R,sub_grade,Special,0,0.0,0,0,0.0,0.0,0.0
R,2017H1-R,sub_grade,Missing,0,0.0,0,0,0.0,0.0,0.0
R,2017H1-R,verification_status,Not Verified,136696,0.289161,134157,2539,0.018574,0.497807,0.057123
R,2017H1-R,verification_status,Source Verified,199167,0.421309,193204,5963,0.02994,0.00874,3.2e-05
R,2017H1-R,verification_status,Verified,136871,0.289531,131099,5772,0.042171,-0.346499,0.041031
R,2017H1-R,verification_status,Special,0,0.0,0,0,0.0,0.0,0.0
R,2017H1-R,verification_status,Missing,0,0.0,0,0,0.0,0.0,0.0
