arm,build_id,as_of,cohort,age_quarters,rows,defaults,auc,gini,ks,brier,observed_rate,expected_rate,observed_over_expected
E,2013H1-E,2013-06-30,2013Q3,1,20000,469,0.674188,0.348375,0.259575,0.02269357,0.02345,0.025145,0.932602
E,2013H1-E,2013-06-30,2013Q4,2,20000,398,0.659409,0.318817,0.259889,0.0194558,0.0199,0.023347,0.852359
E,2013H1-E,2013-06-30,2014Q1,3,20000,446,0.666071,0.332143,0.251416,0.02163645,0.0223,0.024115,0.924734
E,2013H1-E,2013-06-30,2014Q2,4,20000,472,0.677891,0.355782,0.268902,0.02284539,0.0236,0.025158,0.93808
E,2013H1-E,2013-06-30,2014Q3,5,20000,453,0.665119,0.330239,0.254645,0.02202851,0.02265,0.02495,0.907828
E,2013H1-E,2013-06-30,2014Q4,6,20000,472,0.676857,0.353715,0.268789,0.02281613,0.0236,0.023401,1.008511
E,2013H1-E,2013-06-30,2015Q1,7,20000,579,0.673261,0.346523,0.262711,0.02785761,0.02895,0.022981,1.259741
E,2013H1-E,2013-06-30,2015Q2,8,20000,571,0.670775,0.341551,0.257961,0.02749935,0.02855,0.022943,1.2444
E,2013H1-E,2013-06-30,2015Q3,9,20000,541,0.69486,0.389719,0.306828,0.02601602,0.02705,0.022317,1.21208
E,2013H1-E,2013-06-30,2015Q4,10,20000,551,0.702858,0.405715,0.313802,0.02643582,0.02755,0.021744,1.267026
E,2013H1-E,2013-06-30,2016Q1,11,20000,655,0.695124,0.390248,0.305671,0.03140667,0.03275,0.02116,1.547749
E,2013H1-E,2013-06-30,2016Q2,12,20000,686,0.684073,0.368146,0.271417,0.03289997,0.0343,0.021327,1.608263
E,2013H1-E,2013-06-30,2016Q3,13,20000,650,0.641592,0.283185,0.219626,0.03128102,0.0325,0.02267,1.433585
E,2013H1-E,2013-06-30,2016Q4,14,20000,626,0.650143,0.300286,0.250366,0.03020026,0.0313,0.021892,1.429769
E,2013H1-E,2013-06-30,2017Q1,15,20000,629,0.655695,0.31139,0.237537,0.03029439,0.03145,0.020893,1.505295
E,2013H1-E,2013-06-30,2017Q2,16,20000,681,0.671236,0.342471,0.255986,0.03269297,0.03405,0.021114,1.612692
E,2013H1-E,2013-06-30,2017Q3,17,20000,584,0.675469,0.350938,0.26248,0.02808276,0.0292,0.022044,1.324603
E,2013H1-E,2013-06-30,2017Q4,18,20000,623,0.682509,0.365018,0.262188,0.02990992,0.03115,0.021256,1.465442
E,2013H1-E,2013-06-30,2018Q1,19,20000,638,0.676868,0.353735,0.253568,0.03067411,0.0319,0.020314,1.570373
E,2013H2-E,2013-12-31,2014Q1,1,20000,446,0.668013,0.336027,0.249222,0.02163478,0.0223,0.024412,0.913468
E,2013H2-E,2013-12-31,2014Q2,2,20000,472,0.67653,0.353061,0.278777,0.02285293,0.0236,0.025509,0.925158
E,2013H2-E,2013-12-31,2014Q3,3,20000,453,0.664319,0.328637,0.255783,0.02203012,0.02265,0.025129,0.901357
E,2013H2-E,2013-12-31,2014Q4,4,20000,472,0.678727,0.357453,0.276398,0.02282458,0.0236,0.023783,0.992319
E,2013H2-E,2013-12-31,2015Q1,5,20000,579,0.676497,0.352995,0.272395,0.0278443,0.02895,0.023385,1.237974
E,2013H2-E,2013-12-31,2015Q2,6,20000,571,0.668919,0.337837,0.265568,0.02751925,0.02855,0.023342,1.22314
E,2013H2-E,2013-12-31,2015Q3,7,20000,541,0.694758,0.389516,0.311339,0.02602242,0.02705,0.02271,1.191126
E,2013H2-E,2013-12-31,2015Q4,8,20000,551,0.701287,0.402574,0.308821,0.02643683,0.02755,0.022282,1.236437
E,2013H2-E,2013-12-31,2016Q1,9,20000,655,0.692842,0.385684,0.305818,0.0314136,0.03275,0.021696,1.509508
E,2013H2-E,2013-12-31,2016Q2,10,20000,686,0.683132,0.366265,0.269339,0.0328911,0.0343,0.02204,1.55628
E,2013H2-E,2013-12-31,2016Q3,11,20000,650,0.6421,0.2842,0.219439,0.03126933,0.0325,0.023406,1.388539
E,2013H2-E,2013-12-31,2016Q4,12,20000,626,0.649722,0.299443,0.249778,0.03019444,0.0313,0.02257,1.386787
E,2013H2-E,2013-12-31,2017Q1,13,20000,629,0.652116,0.304232,0.233893,0.03029644,0.03145,0.021461,1.465422
E,2013H2-E,2013-12-31,2017Q2,14,20000,681,0.670141,0.340282,0.255356,0.032689,0.03405,0.021711,1.568308
E,2013H2-E,2013-12-31,2017Q3,15,20000,584,0.672771,0.345541,0.257473,0.02809166,0.0292,0.022578,1.293285
E,2013H2-E,2013-12-31,2017Q4,16,20000,623,0.680833,0.361665,0.25557,0.02990736,0.03115,0.022089,1.410213
E,2013H2-E,2013-12-31,2018Q1,17,20000,638,0.684105,0.36821,0.264268,0.03061614,0.0319,0.02119,1.505408
E,2014H1-E,2014-06-30,2014Q3,1,20000,453,0.669589,0.339177,0.251117,0.02200133,0.02265,0.024863,0.910982
E,2014H1-E,2014-06-30,2014Q4,2,20000,472,0.687065,0.37413,0.283422,0.02276487,0.0236,0.023154,1.019244
E,2014H1-E,2014-06-30,2015Q1,3,20000,579,0.685883,0.371766,0.287811,0.02782861,0.02895,0.022847,1.267125
E,2014H1-E,2014-06-30,2015Q2,4,20000,571,0.682668,0.365336,0.279566,0.02744779,0.02855,0.022841,1.24995
E,2014H1-E,2014-06-30,2015Q3,5,20000,541,0.702437,0.404873,0.333432,0.02601247,0.02705,0.022258,1.215282
E,2014H1-E,2014-06-30,2015Q4,6,20000,551,0.707375,0.41475,0.315815,0.026414,0.02755,0.021671,1.271256
E,2014H1-E,2014-06-30,2016Q1,7,20000,655,0.702125,0.404249,0.323962,0.03140954,0.03275,0.021229,1.542725
E,2014H1-E,2014-06-30,2016Q2,8,20000,686,0.686186,0.372372,0.275001,0.03289625,0.0343,0.021501,1.595294
E,2014H1-E,2014-06-30,2016Q3,9,20000,650,0.647066,0.294132,0.214335,0.03127583,0.0325,0.022818,1.424311
E,2014H1-E,2014-06-30,2016Q4,10,20000,626,0.66176,0.323519,0.257852,0.03013851,0.0313,0.02207,1.4182
E,2014H1-E,2014-06-30,2017Q1,11,20000,629,0.665486,0.330972,0.259373,0.03028276,0.03145,0.021044,1.494473
E,2014H1-E,2014-06-30,2017Q2,12,20000,681,0.678177,0.356354,0.269954,0.03268095,0.03405,0.021184,1.607363
E,2014H1-E,2014-06-30,2017Q3,13,20000,584,0.683371,0.366742,0.272747,0.02804165,0.0292,0.021987,1.328076
E,2014H1-E,2014-06-30,2017Q4,14,20000,623,0.685755,0.37151,0.270036,0.02990092,0.03115,0.021381,1.456891
E,2014H1-E,2014-06-30,2018Q1,15,20000,638,0.684003,0.368007,0.264412,0.03064607,0.0319,0.020415,1.562567
E,2014H2-E,2014-12-31,2015Q1,1,20000,579,0.69322,0.386441,0.301504,0.02781152,0.02895,0.022257,1.30069
E,2014H2-E,2014-12-31,2015Q2,2,20000,571,0.691417,0.382834,0.291033,0.02741462,0.02855,0.022324,1.278901
E,2014H2-E,2014-12-31,2015Q3,3,20000,541,0.714387,0.428773,0.345394,0.02595637,0.02705,0.021909,1.234674
E,2014H2-E,2014-12-31,2015Q4,4,20000,551,0.719634,0.439267,0.340666,0.02636232,0.02755,0.02117,1.301373
E,2014H2-E,2014-12-31,2016Q1,5,20000,655,0.714223,0.428446,0.338285,0.03137535,0.03275,0.020813,1.573554
E,2014H2-E,2014-12-31,2016Q2,6,20000,686,0.704276,0.408553,0.297005,0.03280742,0.0343,0.021034,1.630724
E,2014H2-E,2014-12-31,2016Q3,7,20000,650,0.660657,0.321314,0.233429,0.03124246,0.0325,0.022286,1.458327
E,2014H2-E,2014-12-31,2016Q4,8,20000,626,0.680266,0.360532,0.282759,0.03007889,0.0313,0.021602,1.448943
E,2014H2-E,2014-12-31,2017Q1,9,20000,629,0.680451,0.360902,0.287341,0.0302305,0.03145,0.020733,1.516908
E,2014H2-E,2014-12-31,2017Q2,10,20000,681,0.693996,0.387992,0.294205,0.03261702,0.03405,0.020703,1.644712
E,2014H2-E,2014-12-31,2017Q3,11,20000,584,0.696112,0.392225,0.296257,0.02800926,0.0292,0.021428,1.362704
E,2014H2-E,2014-12-31,2017Q4,12,20000,623,0.708931,0.417862,0.31104,0.0298149,0.03115,0.021044,1.480253
E,2014H2-E,2014-12-31,2018Q1,13,20000,638,0.693398,0.386796,0.280247,0.0306006,0.0319,0.020069,1.5895
E,2015H1-E,2015-06-30,2015Q3,1,20000,541,0.720603,0.441205,0.363471,0.0259165,0.02705,0.021846,1.238224
E,2015H1-E,2015-06-30,2015Q4,2,20000,551,0.720134,0.440268,0.338188,0.02633725,0.02755,0.020901,1.318121
E,2015H1-E,2015-06-30,2016Q1,3,20000,655,0.717975,0.43595,0.343676,0.03133756,0.03275,0.020637,1.586932
E,2015H1-E,2015-06-30,2016Q2,4,20000,686,0.708121,0.416241,0.311412,0.03277484,0.0343,0.020764,1.651862
E,2015H1-E,2015-06-30,2016Q3,5,20000,650,0.664971,0.329942,0.237913,0.03121391,0.0325,0.022148,1.467395
E,2015H1-E,2015-06-30,2016Q4,6,20000,626,0.685018,0.370037,0.287083,0.03003738,0.0313,0.021444,1.459596
E,2015H1-E,2015-06-30,2017Q1,7,20000,629,0.685209,0.370418,0.293613,0.03021333,0.03145,0.020523,1.532449
E,2015H1-E,2015-06-30,2017Q2,8,20000,681,0.695944,0.391888,0.291552,0.03260001,0.03405,0.020424,1.667144
E,2015H1-E,2015-06-30,2017Q3,9,20000,584,0.700066,0.400132,0.304143,0.02796396,0.0292,0.021174,1.37907
E,2015H1-E,2015-06-30,2017Q4,10,20000,623,0.710772,0.421544,0.323363,0.02981155,0.03115,0.0206,1.512103
E,2015H1-E,2015-06-30,2018Q1,11,20000,638,0.693424,0.386849,0.282138,0.03061444,0.0319,0.019551,1.631662
E,2015H2-E,2015-12-31,2016Q1,1,20000,655,0.726006,0.452013,0.356185,0.03125252,0.03275,0.021233,1.542399
E,2015H2-E,2015-12-31,2016Q2,2,20000,686,0.715109,0.430217,0.317145,0.03269149,0.0343,0.021052,1.629335
E,2015H2-E,2015-12-31,2016Q3,3,20000,650,0.671993,0.343986,0.247164,0.03117449,0.0325,0.022278,1.458848
E,2015H2-E,2015-12-31,2016Q4,4,20000,626,0.69099,0.381979,0.289732,0.0300024,0.0313,0.02161,1.448406
E,2015H2-E,2015-12-31,2017Q1,5,20000,629,0.695955,0.391909,0.300902,0.03014776,0.03145,0.020807,1.511538
E,2015H2-E,2015-12-31,2017Q2,6,20000,681,0.705744,0.411488,0.315572,0.03252491,0.03405,0.020592,1.653548
E,2015H2-E,2015-12-31,2017Q3,7,20000,584,0.707509,0.415018,0.297824,0.02792689,0.0292,0.02114,1.381237
E,2015H2-E,2015-12-31,2017Q4,8,20000,623,0.710894,0.421787,0.335877,0.02981704,0.03115,0.020368,1.529397
E,2015H2-E,2015-12-31,2018Q1,9,20000,638,0.684503,0.369006,0.279032,0.03065896,0.0319,0.01926,1.656264
E,2016H1-E,2016-06-30,2016Q3,1,20000,650,0.678227,0.356453,0.250388,0.03109447,0.0325,0.023849,1.362718
E,2016H1-E,2016-06-30,2016Q4,2,20000,626,0.695815,0.39163,0.293045,0.02992233,0.0313,0.023142,1.35253
E,2016H1-E,2016-06-30,2017Q1,3,20000,629,0.700912,0.401824,0.309522,0.0300807,0.03145,0.022212,1.415881
E,2016H1-E,2016-06-30,2017Q2,4,20000,681,0.707479,0.414959,0.317359,0.03245932,0.03405,0.021831,1.559702
E,2016H1-E,2016-06-30,2017Q3,5,20000,584,0.71155,0.4231,0.300697,0.02784837,0.0292,0.022399,1.303607
E,2016H1-E,2016-06-30,2017Q4,6,20000,623,0.715461,0.430921,0.330912,0.02975318,0.03115,0.021355,1.458688
E,2016H1-E,2016-06-30,2018Q1,7,20000,638,0.685603,0.371207,0.2768,0.03061557,0.0319,0.020208,1.578589
E,2016H2-E,2016-12-31,2017Q1,1,20000,629,0.70476,0.40952,0.310813,0.03002831,0.03145,0.023219,1.354467
E,2016H2-E,2016-12-31,2017Q2,2,20000,681,0.708881,0.417763,0.3109,0.03239606,0.03405,0.022723,1.498476
E,2016H2-E,2016-12-31,2017Q3,3,20000,584,0.71545,0.4309,0.305298,0.02780035,0.0292,0.023251,1.255865
E,2016H2-E,2016-12-31,2017Q4,4,20000,623,0.717945,0.435889,0.333182,0.02970006,0.03115,0.022066,1.411682
E,2016H2-E,2016-12-31,2018Q1,5,20000,638,0.686078,0.372157,0.274373,0.03058393,0.0319,0.020844,1.530387
E,2017H1-E,2017-06-30,2017Q3,1,20000,584,0.716517,0.433035,0.306321,0.02774601,0.0292,0.025114,1.16268
E,2017H1-E,2017-06-30,2017Q4,2,20000,623,0.718891,0.437783,0.33861,0.02964151,0.03115,0.023823,1.307552
E,2017H1-E,2017-06-30,2018Q1,3,20000,638,0.68323,0.36646,0.269797,0.03054846,0.0319,0.022462,1.420147
R,2013H1-R,2013-06-30,2013Q3,1,20000,469,0.674882,0.349763,0.264209,0.02276542,0.02345,0.027907,0.840291
R,2013H1-R,2013-06-30,2013Q4,2,20000,398,0.660773,0.321545,0.254124,0.01952579,0.0199,0.025572,0.778182
R,2013H1-R,2013-06-30,2014Q1,3,20000,446,0.668125,0.33625,0.250706,0.02165523,0.0223,0.026537,0.840337
R,2013H1-R,2013-06-30,2014Q2,4,20000,472,0.678664,0.357329,0.281143,0.02289708,0.0236,0.027939,0.844685
R,2013H1-R,2013-06-30,2014Q3,5,20000,453,0.667425,0.334849,0.252578,0.02208041,0.02265,0.02768,0.818281
R,2013H1-R,2013-06-30,2014Q4,6,20000,472,0.680562,0.361125,0.271483,0.02280835,0.0236,0.025954,0.909313
R,2013H1-R,2013-06-30,2015Q1,7,20000,579,0.677174,0.354348,0.279008,0.02781797,0.02895,0.025597,1.130975
R,2013H1-R,2013-06-30,2015Q2,8,20000,571,0.669632,0.339263,0.252405,0.02747731,0.02855,0.025487,1.120185
R,2013H1-R,2013-06-30,2015Q3,9,20000,541,0.695158,0.390316,0.30565,0.02598942,0.02705,0.024889,1.086846
R,2013H1-R,2013-06-30,2015Q4,10,20000,551,0.704531,0.409061,0.315189,0.02637,0.02755,0.0243,1.133732
R,2013H1-R,2013-06-30,2016Q1,11,20000,655,0.698759,0.397517,0.3125,0.03133219,0.03275,0.023691,1.382384
R,2013H1-R,2013-06-30,2016Q2,12,20000,686,0.68868,0.37736,0.282717,0.03278824,0.0343,0.023882,1.436222
R,2013H1-R,2013-06-30,2016Q3,13,20000,650,0.643722,0.287444,0.230531,0.03121398,0.0325,0.025522,1.273433
R,2013H1-R,2013-06-30,2016Q4,14,20000,626,0.653389,0.306778,0.248322,0.03013041,0.0313,0.024662,1.269176
R,2013H1-R,2013-06-30,2017Q1,15,20000,629,0.655436,0.310873,0.227401,0.03024964,0.03145,0.023419,1.342906
R,2013H1-R,2013-06-30,2017Q2,16,20000,681,0.669811,0.339622,0.256683,0.03262764,0.03405,0.023867,1.42664
R,2013H1-R,2013-06-30,2017Q3,17,20000,584,0.674613,0.349225,0.251374,0.02802401,0.0292,0.025253,1.156295
R,2013H1-R,2013-06-30,2017Q4,18,20000,623,0.686965,0.37393,0.264863,0.02979816,0.03115,0.024528,1.269974
R,2013H1-R,2013-06-30,2018Q1,19,20000,638,0.680831,0.361663,0.261109,0.03058309,0.0319,0.023214,1.374147
R,2013H2-R,2013-12-31,2014Q1,1,20000,446,0.6722,0.3444,0.266482,0.02166331,0.0223,0.026018,0.857089
R,2013H2-R,2013-12-31,2014Q2,2,20000,472,0.673562,0.347124,0.270473,0.02291468,0.0236,0.027631,0.854112
R,2013H2-R,2013-12-31,2014Q3,3,20000,453,0.661641,0.323283,0.252322,0.02209912,0.02265,0.02706,0.83703
R,2013H2-R,2013-12-31,2014Q4,4,20000,472,0.676031,0.352062,0.267824,0.0228479,0.0236,0.025359,0.930632
R,2013H2-R,2013-12-31,2015Q1,5,20000,579,0.673178,0.346356,0.265392,0.02786456,0.02895,0.024921,1.161694
R,2013H2-R,2013-12-31,2015Q2,6,20000,571,0.670972,0.341944,0.274234,0.02752382,0.02855,0.025095,1.137668
R,2013H2-R,2013-12-31,2015Q3,7,20000,541,0.688903,0.377805,0.292003,0.02603594,0.02705,0.024383,1.109387
R,2013H2-R,2013-12-31,2015Q4,8,20000,551,0.701219,0.402439,0.322328,0.02643153,0.02755,0.023972,1.149268
R,2013H2-R,2013-12-31,2016Q1,9,20000,655,0.695155,0.39031,0.311777,0.03137961,0.03275,0.023514,1.392783
R,2013H2-R,2013-12-31,2016Q2,10,20000,686,0.683009,0.366018,0.278746,0.03284865,0.0343,0.024582,1.395302
R,2013H2-R,2013-12-31,2016Q3,11,20000,650,0.639751,0.279501,0.212169,0.03128999,0.0325,0.026291,1.236157
R,2013H2-R,2013-12-31,2016Q4,12,20000,626,0.652001,0.304002,0.242294,0.03015739,0.0313,0.025399,1.232326
R,2013H2-R,2013-12-31,2017Q1,13,20000,629,0.654235,0.308471,0.237173,0.03028422,0.03145,0.023941,1.31366
R,2013H2-R,2013-12-31,2017Q2,14,20000,681,0.669139,0.338278,0.258198,0.0326685,0.03405,0.024284,1.402155
R,2013H2-R,2013-12-31,2017Q3,15,20000,584,0.671332,0.342664,0.264871,0.02810158,0.0292,0.025357,1.151574
R,2013H2-R,2013-12-31,2017Q4,16,20000,623,0.682186,0.364373,0.266502,0.02985648,0.03115,0.025145,1.238827
R,2013H2-R,2013-12-31,2018Q1,17,20000,638,0.690472,0.380943,0.282691,0.03053367,0.0319,0.024212,1.317507
R,2014H1-R,2014-06-30,2014Q3,1,20000,453,0.672233,0.344466,0.255145,0.02197845,0.02265,0.024532,0.923276
R,2014H1-R,2014-06-30,2014Q4,2,20000,472,0.689849,0.379698,0.303342,0.02277275,0.0236,0.023064,1.02325
R,2014H1-R,2014-06-30,2015Q1,3,20000,579,0.686303,0.372607,0.282488,0.02784722,0.02895,0.022932,1.262455
R,2014H1-R,2014-06-30,2015Q2,4,20000,571,0.691012,0.382024,0.298554,0.02744461,0.02855,0.022861,1.248852
R,2014H1-R,2014-06-30,2015Q3,5,20000,541,0.702086,0.404172,0.333401,0.02601066,0.02705,0.022352,1.210205
R,2014H1-R,2014-06-30,2015Q4,6,20000,551,0.713896,0.427791,0.336283,0.02640085,0.02755,0.02174,1.267242
R,2014H1-R,2014-06-30,2016Q1,7,20000,655,0.711774,0.423548,0.333148,0.03135197,0.03275,0.021546,1.519979
R,2014H1-R,2014-06-30,2016Q2,8,20000,686,0.694612,0.389224,0.294221,0.03284366,0.0343,0.021758,1.576429
R,2014H1-R,2014-06-30,2016Q3,9,20000,650,0.653982,0.307965,0.229871,0.03126765,0.0325,0.022955,1.415818
R,2014H1-R,2014-06-30,2016Q4,10,20000,626,0.668935,0.33787,0.261237,0.03009755,0.0313,0.022488,1.391857
R,2014H1-R,2014-06-30,2017Q1,11,20000,629,0.676139,0.352279,0.286332,0.03026726,0.03145,0.02137,1.47171
R,2014H1-R,2014-06-30,2017Q2,12,20000,681,0.689069,0.378137,0.284284,0.03263881,0.03405,0.021358,1.594222
R,2014H1-R,2014-06-30,2017Q3,13,20000,584,0.687261,0.374522,0.281705,0.0280468,0.0292,0.021981,1.328402
R,2014H1-R,2014-06-30,2017Q4,14,20000,623,0.687136,0.374271,0.277138,0.02990999,0.03115,0.021397,1.45579
R,2014H1-R,2014-06-30,2018Q1,15,20000,638,0.679476,0.358951,0.268701,0.03066641,0.0319,0.020358,1.566926
R,2014H2-R,2014-12-31,2015Q1,1,20000,579,0.707269,0.414537,0.320829,0.02776141,0.02895,0.021547,1.343575
R,2014H2-R,2014-12-31,2015Q2,2,20000,571,0.707272,0.414544,0.309134,0.02735316,0.02855,0.021514,1.327036
R,2014H2-R,2014-12-31,2015Q3,3,20000,541,0.727654,0.455308,0.377616,0.02589976,0.02705,0.021202,1.275853
R,2014H2-R,2014-12-31,2015Q4,4,20000,551,0.728747,0.457494,0.344652,0.02633327,0.02755,0.02022,1.362527
R,2014H2-R,2014-12-31,2016Q1,5,20000,655,0.727773,0.455546,0.34884,0.03129622,0.03275,0.020025,1.635486
R,2014H2-R,2014-12-31,2016Q2,6,20000,686,0.719319,0.438639,0.319741,0.03272898,0.0343,0.019811,1.731368
R,2014H2-R,2014-12-31,2016Q3,7,20000,650,0.674851,0.349702,0.253047,0.0312134,0.0325,0.02097,1.549832
R,2014H2-R,2014-12-31,2016Q4,8,20000,626,0.696879,0.393757,0.299841,0.03001718,0.0313,0.020409,1.533636
R,2014H2-R,2014-12-31,2017Q1,9,20000,629,0.699131,0.398262,0.302463,0.03018721,0.03145,0.019629,1.602196
R,2014H2-R,2014-12-31,2017Q2,10,20000,681,0.707269,0.414538,0.315447,0.03255775,0.03405,0.019455,1.750197
R,2014H2-R,2014-12-31,2017Q3,11,20000,584,0.705986,0.411972,0.300905,0.02798793,0.0292,0.019932,1.464984
R,2014H2-R,2014-12-31,2017Q4,12,20000,623,0.717282,0.434563,0.337186,0.02983612,0.03115,0.019117,1.62948
R,2014H2-R,2014-12-31,2018Q1,13,20000,638,0.682414,0.364829,0.261365,0.03070227,0.0319,0.018001,1.772095
R,2015H1-R,2015-06-30,2015Q3,1,20000,541,0.726984,0.453968,0.36905,0.02589181,0.02705,0.021553,1.255075
R,2015H1-R,2015-06-30,2015Q4,2,20000,551,0.72553,0.451059,0.341142,0.02631189,0.02755,0.020368,1.352606
R,2015H1-R,2015-06-30,2016Q1,3,20000,655,0.726735,0.45347,0.340424,0.03123272,0.03275,0.020318,1.611865
R,2015H1-R,2015-06-30,2016Q2,4,20000,686,0.715971,0.431942,0.320846,0.03271204,0.0343,0.020039,1.711673
R,2015H1-R,2015-06-30,2016Q3,5,20000,650,0.670216,0.340432,0.246806,0.03119427,0.0325,0.02139,1.519394
R,2015H1-R,2015-06-30,2016Q4,6,20000,626,0.695615,0.391229,0.298033,0.02999305,0.0313,0.020803,1.504594
R,2015H1-R,2015-06-30,2017Q1,7,20000,629,0.696323,0.392646,0.291249,0.03015262,0.03145,0.020065,1.567389
R,2015H1-R,2015-06-30,2017Q2,8,20000,681,0.701739,0.403477,0.302612,0.03254571,0.03405,0.019839,1.716309
R,2015H1-R,2015-06-30,2017Q3,9,20000,584,0.705184,0.410369,0.294759,0.02792409,0.0292,0.020455,1.427556
R,2015H1-R,2015-06-30,2017Q4,10,20000,623,0.713256,0.426511,0.334805,0.0298388,0.03115,0.019504,1.597073
R,2015H1-R,2015-06-30,2018Q1,11,20000,638,0.68156,0.363121,0.261571,0.030684,0.0319,0.018347,1.738725
R,2015H2-R,2015-12-31,2016Q1,1,20000,655,0.727693,0.455386,0.340415,0.03117028,0.03275,0.021151,1.54837
R,2015H2-R,2015-12-31,2016Q2,2,20000,686,0.716875,0.433751,0.32229,0.03266787,0.0343,0.020767,1.65162
R,2015H2-R,2015-12-31,2016Q3,3,20000,650,0.675982,0.351965,0.254101,0.03113613,0.0325,0.022286,1.458316
R,2015H2-R,2015-12-31,2016Q4,4,20000,626,0.69483,0.389659,0.296004,0.02996343,0.0313,0.021473,1.457647
R,2015H2-R,2015-12-31,2017Q1,5,20000,629,0.701537,0.403074,0.302074,0.03010239,0.03145,0.020736,1.516671
R,2015H2-R,2015-12-31,2017Q2,6,20000,681,0.705497,0.410995,0.310423,0.03249616,0.03405,0.020334,1.674509
R,2015H2-R,2015-12-31,2017Q3,7,20000,584,0.709946,0.419892,0.29608,0.0278502,0.0292,0.020784,1.404919
R,2015H2-R,2015-12-31,2017Q4,8,20000,623,0.71143,0.42286,0.324991,0.02983605,0.03115,0.019552,1.593165
R,2015H2-R,2015-12-31,2018Q1,9,20000,638,0.680478,0.360956,0.265608,0.03068025,0.0319,0.018458,1.728231
R,2016H1-R,2016-06-30,2016Q3,1,20000,650,0.679163,0.358326,0.251242,0.03103935,0.0325,0.025148,1.292355
R,2016H1-R,2016-06-30,2016Q4,2,20000,626,0.695892,0.391784,0.300811,0.02987849,0.0313,0.024359,1.284945
R,2016H1-R,2016-06-30,2017Q1,3,20000,629,0.705706,0.411412,0.308915,0.0299981,0.03145,0.02358,1.333746
R,2016H1-R,2016-06-30,2017Q2,4,20000,681,0.706735,0.413469,0.316673,0.03237937,0.03405,0.023176,1.46918
R,2016H1-R,2016-06-30,2017Q3,5,20000,584,0.712492,0.424984,0.301818,0.02777824,0.0292,0.02375,1.22949
R,2016H1-R,2016-06-30,2017Q4,6,20000,623,0.715006,0.430011,0.32612,0.02971308,0.03115,0.021775,1.430519
R,2016H1-R,2016-06-30,2018Q1,7,20000,638,0.676646,0.353292,0.274921,0.03064102,0.0319,0.020442,1.560518
R,2016H2-R,2016-12-31,2017Q1,1,20000,629,0.710764,0.421528,0.320675,0.02993359,0.03145,0.025129,1.251547
R,2016H2-R,2016-12-31,2017Q2,2,20000,681,0.708745,0.41749,0.307135,0.03228769,0.03405,0.024643,1.381746
R,2016H2-R,2016-12-31,2017Q3,3,20000,584,0.719157,0.438313,0.318236,0.027701,0.0292,0.025263,1.155827
R,2016H2-R,2016-12-31,2017Q4,4,20000,623,0.715879,0.431759,0.332358,0.02961623,0.03115,0.023653,1.316932
R,2016H2-R,2016-12-31,2018Q1,5,20000,638,0.687253,0.374507,0.282336,0.03051725,0.0319,0.022245,1.43401
R,2017H1-R,2017-06-30,2017Q3,1,20000,584,0.719734,0.439469,0.31659,0.02766693,0.0292,0.028785,1.014401
R,2017H1-R,2017-06-30,2017Q4,2,20000,623,0.717262,0.434524,0.333567,0.0295414,0.03115,0.027014,1.153124
R,2017H1-R,2017-06-30,2018Q1,3,20000,638,0.688028,0.376056,0.277582,0.03045782,0.0319,0.02541,1.255418
