arm,cohorts,bootstrap_seed,ranking,criterion,high_build,low_build,metric,model,pair,known_answer,is_difference,value,ci_lo,ci_hi,se,alpha,resamples,seed,excludes_zero
E,arm E,20260905,pool,True,2010H2-E,2006H2-E,h5,gbm-50k,gbm-50k,True,True,0.0014108169152991328,-0.11111682527271996,0.1031208227519809,0.05653012467800804,0.05,200,20260905,False
E,arm E,20260905,pool,True,2010H2-E,2006H2-E,h5,tabpfn,tabpfn,False,True,-0.04834850372221792,-0.22091371241353167,0.0966767037599589,0.08372991042634532,0.05,200,20260905,False
E,arm E,20260905,pool,True,2010H2-E,2006H2-E,h5,tabpfn@t1,tabpfn@t1,False,True,0.020372596897308453,-0.09398526668556118,0.12337302502472801,0.056325807196751544,0.05,200,20260905,False
E,arm E,20260905,pool,True,2010H2-E,2006H2-E,h5,tabicl,tabicl,False,True,-0.08488763539921347,-0.2928569667695511,0.09310525657707341,0.10048406315928808,0.05,200,20260905,False
E,arm E,20260905,pool,True,2010H2-E,2006H2-E,h5,tabicl@t1,tabicl@t1,False,True,-0.0016671984266569684,-0.14094541478757958,0.11594490228396548,0.06926683548934713,0.05,200,20260905,False
R,arm R,20260905,pool,True,2010H2-R,2018H2-R,h5,gbm-50k,gbm-50k,True,True,0.0048663664526640655,-0.1368106157661888,0.12176202927720417,0.06539774339512044,0.05,200,20260905,False
R,arm R,20260905,pool,True,2010H2-R,2018H2-R,h5,tabpfn,tabpfn,False,True,-0.35456091698755626,-0.5805882950717445,-0.17526698656204337,0.10398321991877911,0.05,200,20260905,True
R,arm R,20260905,pool,True,2010H2-R,2018H2-R,h5,tabpfn@t1,tabpfn@t1,False,True,0.03374431478998,-0.1065155132622506,0.1477032706750988,0.06499892786416374,0.05,200,20260905,False
R,arm R,20260905,pool,True,2010H2-R,2018H2-R,h5,tabicl,tabicl,False,True,-0.6323434699155205,-0.8971112747199816,-0.40502281693041137,0.13220040626339588,0.05,200,20260905,True
R,arm R,20260905,pool,True,2010H2-R,2018H2-R,h5,tabicl@t1,tabicl@t1,False,True,-0.13857283780581853,-0.3022697430462544,0.008485180018402384,0.08494612412038068,0.05,200,20260905,False
E,arm E,20260906,pool,True,2010H2-E,2006H2-E,h5,gbm-50k,gbm-50k,True,True,0.0014108169152991328,-0.10566384612618462,0.08955070346512646,0.053248086799891445,0.05,200,20260906,False
E,arm E,20260906,pool,True,2010H2-E,2006H2-E,h5,tabpfn,tabpfn,False,True,-0.04834850372221792,-0.19769579097368686,0.07436682916916948,0.07592255528293856,0.05,200,20260906,False
E,arm E,20260906,pool,True,2010H2-E,2006H2-E,h5,tabpfn@t1,tabpfn@t1,False,True,0.020372596897308453,-0.08854938511328976,0.10840385409106743,0.0534667192686384,0.05,200,20260906,False
E,arm E,20260906,pool,True,2010H2-E,2006H2-E,h5,tabicl,tabicl,False,True,-0.08488763539921347,-0.27144318219623126,0.09575376752353564,0.09880132402928558,0.05,200,20260906,False
E,arm E,20260906,pool,True,2010H2-E,2006H2-E,h5,tabicl@t1,tabicl@t1,False,True,-0.0016671984266569684,-0.1360710682345214,0.13009144026096195,0.06942140535390914,0.05,200,20260906,False
E,arm E,20260907,pool,True,2010H2-E,2006H2-E,h5,gbm-50k,gbm-50k,True,True,0.0014108169152991328,-0.09164889455277529,0.11791114107253614,0.053271570855793676,0.05,200,20260907,False
E,arm E,20260907,pool,True,2010H2-E,2006H2-E,h5,tabpfn,tabpfn,False,True,-0.04834850372221792,-0.18757760236213789,0.11797359446879647,0.07743979218480754,0.05,200,20260907,False
E,arm E,20260907,pool,True,2010H2-E,2006H2-E,h5,tabpfn@t1,tabpfn@t1,False,True,0.020372596897308453,-0.07272183501039975,0.12789887575311104,0.05303100380176945,0.05,200,20260907,False
E,arm E,20260907,pool,True,2010H2-E,2006H2-E,h5,tabicl,tabicl,False,True,-0.08488763539921347,-0.27500137203538705,0.09349862889924945,0.09782721953593482,0.05,200,20260907,False
E,arm E,20260907,pool,True,2010H2-E,2006H2-E,h5,tabicl@t1,tabicl@t1,False,True,-0.0016671984266569684,-0.13046513657785264,0.12407195596769467,0.06823434131036545,0.05,200,20260907,False
R,arm R,20260906,pool,True,2010H2-R,2018H2-R,h5,gbm-50k,gbm-50k,True,True,0.0048663664526640655,-0.1581662151117798,0.1279246676107141,0.07004190178425103,0.05,200,20260906,False
R,arm R,20260906,pool,True,2010H2-R,2018H2-R,h5,tabpfn,tabpfn,False,True,-0.35456091698755626,-0.6201953203506616,-0.14771471498420824,0.11201317860889319,0.05,200,20260906,True
R,arm R,20260906,pool,True,2010H2-R,2018H2-R,h5,tabpfn@t1,tabpfn@t1,False,True,0.03374431478998,-0.1246864035457673,0.1477490896780909,0.06891998175766784,0.05,200,20260906,False
R,arm R,20260906,pool,True,2010H2-R,2018H2-R,h5,tabicl,tabicl,False,True,-0.6323434699155205,-0.909943007169789,-0.3878600167866803,0.14273614925880698,0.05,200,20260906,True
R,arm R,20260906,pool,True,2010H2-R,2018H2-R,h5,tabicl@t1,tabicl@t1,False,True,-0.13857283780581853,-0.3149223807278455,0.010962712497840811,0.09092607613601199,0.05,200,20260906,False
R,arm R,20260907,pool,True,2010H2-R,2018H2-R,h5,gbm-50k,gbm-50k,True,True,0.0048663664526640655,-0.10356554401092269,0.14938826485795526,0.06606507173100791,0.05,200,20260907,False
R,arm R,20260907,pool,True,2010H2-R,2018H2-R,h5,tabpfn,tabpfn,False,True,-0.35456091698755626,-0.5374539272005235,-0.14025977529477443,0.10562515455228513,0.05,200,20260907,True
R,arm R,20260907,pool,True,2010H2-R,2018H2-R,h5,tabpfn@t1,tabpfn@t1,False,True,0.03374431478998,-0.07917646127048673,0.17988830343662446,0.06551172880407728,0.05,200,20260907,False
R,arm R,20260907,pool,True,2010H2-R,2018H2-R,h5,tabicl,tabicl,False,True,-0.6323434699155205,-0.8938451965782523,-0.3595037666935713,0.13429621595785554,0.05,200,20260907,True
R,arm R,20260907,pool,True,2010H2-R,2018H2-R,h5,tabicl@t1,tabicl@t1,False,True,-0.13857283780581853,-0.29843475643574024,0.04880684795492008,0.08605197915243928,0.05,200,20260907,False
