build_id,model,context_seed,criterion_cells,auc_range,median_width,width_at_median_auc,wider_by_median_width,wider_by_median_auc_cell
2002H2-E,gbm,,36,0.256103466550061,0.05720161441671934,0.05986196563205359,False,False
2002H2-E,gbm-50k,20260911.0,36,0.2553871131561313,0.05970123613332745,0.035454837267821615,False,False
2002H2-E,gbm-50k,20260912.0,36,0.24397885167827682,0.058856980700962014,0.04912089950975218,False,False
2002H2-E,gbm-50k,20260913.0,36,0.23880986165658458,0.06039724750577158,0.044344876322680804,False,False
2002H2-E,scorecard,,36,0.22559136406516644,0.05935581885540453,0.060172810535155774,False,False
2002H2-E,tabicl,20260911.0,36,0.22289137990160302,0.058603345814870145,0.033156399654906576,False,False
2002H2-E,tabicl,20260912.0,36,0.22893783195060913,0.05670717506668865,0.03325218939992891,False,False
2002H2-E,tabicl,20260913.0,36,0.2366220590611492,0.05867772556760775,0.05607848504257673,False,False
2002H2-E,tabicl@t1,20260911.0,36,0.22289137990160302,0.058603345814870145,0.033156399654906576,False,False
2002H2-E,tabicl@t1,20260912.0,36,0.22893783195060913,0.05670717506668865,0.03325218939992891,False,False
2002H2-E,tabicl@t1,20260913.0,36,0.2366220590611492,0.05867772556760775,0.05607848504257673,False,False
2002H2-E,tabpfn,20260911.0,36,0.21961200526307112,0.05823490573980572,0.039521940526991095,False,False
2002H2-E,tabpfn,20260912.0,36,0.2218219318147716,0.05582297533513447,0.046075197512056465,False,False
2002H2-E,tabpfn,20260913.0,36,0.22508456268839772,0.05638430210527823,0.0630230909904661,False,False
2002H2-E,tabpfn@t1,20260911.0,36,0.21969752425187972,0.058242867493614736,0.03952603037717417,False,False
2002H2-E,tabpfn@t1,20260912.0,36,0.22185794878364173,0.05581874432333456,0.046074153740713,False,False
2002H2-E,tabpfn@t1,20260913.0,36,0.22509449231015277,0.05637598548672207,0.06301636304799185,False,False
2004H2-E,gbm,,33,0.21552442163557917,0.06148772850646056,0.04028410018230111,False,False
2004H2-E,gbm-50k,20260911.0,33,0.1821561723041899,0.06320418556976959,0.04046778429757136,False,False
2004H2-E,gbm-50k,20260912.0,33,0.21739400270970888,0.06135708648760474,0.02871180239131732,False,False
2004H2-E,gbm-50k,20260913.0,33,0.20805566847127832,0.06217075717298104,0.08461028734544573,False,False
2004H2-E,scorecard,,33,0.21637287682594475,0.059304911959279005,0.06799179535405364,False,False
2004H2-E,tabicl,20260911.0,33,0.212459646788267,0.05608267747203133,0.040408010682790874,False,False
2004H2-E,tabicl,20260912.0,33,0.22288242025515392,0.057934813403644814,0.040229226130197304,False,False
2004H2-E,tabicl,20260913.0,33,0.23361301657450384,0.05521048710020726,0.055071272073350164,False,False
2004H2-E,tabicl@t1,20260911.0,33,0.212459646788267,0.05608267747203133,0.040408010682790874,False,False
2004H2-E,tabicl@t1,20260912.0,33,0.22288242025515392,0.057934813403644814,0.040229226130197304,False,False
2004H2-E,tabicl@t1,20260913.0,33,0.23361301657450384,0.05521048710020726,0.055071272073350164,False,False
2004H2-E,tabpfn,20260911.0,33,0.20948906415341184,0.05614742728580313,0.05614742728580313,False,False
2004H2-E,tabpfn,20260912.0,33,0.2177807462012884,0.05902843652944045,0.05862916344247404,False,False
2004H2-E,tabpfn,20260913.0,33,0.23548831051363062,0.05706438267757563,0.07798277679136678,False,False
2004H2-E,tabpfn@t1,20260911.0,33,0.20948684588215827,0.056148521279180574,0.056139308561102164,False,False
2004H2-E,tabpfn@t1,20260912.0,33,0.21777485477420533,0.059025777907157684,0.058627243710740684,False,False
2004H2-E,tabpfn@t1,20260913.0,33,0.23552936005640557,0.05705270551799124,0.07798502736850499,False,False
2006H2-E,gbm,,29,0.23404768082408423,0.06077529606215637,0.02862502683808721,False,False
2006H2-E,gbm-50k,20260911.0,29,0.21622445728731088,0.06674258282519396,0.029300103700940383,False,False
2006H2-E,gbm-50k,20260912.0,29,0.2294740750264267,0.06667774356556344,0.026196794857579864,False,False
2006H2-E,gbm-50k,20260913.0,29,0.24642049009801148,0.06519529025717485,0.04616482336470007,False,False
2006H2-E,scorecard,,29,0.21690084211938299,0.06255361434596662,0.0681858145499743,False,False
2006H2-E,tabicl,20260911.0,29,0.20423599291433692,0.05817823960312407,0.06859068104666788,False,False
2006H2-E,tabicl,20260912.0,29,0.23303388941598313,0.0605768697259812,0.027893360457859506,False,False
2006H2-E,tabicl,20260913.0,29,0.22604671349118555,0.05754353834140247,0.04227948981608942,False,False
2006H2-E,tabicl@t1,20260911.0,29,0.20423599291433692,0.05817823960312407,0.06859068104666788,False,False
2006H2-E,tabicl@t1,20260912.0,29,0.23303388941598313,0.0605768697259812,0.027893360457859506,False,False
2006H2-E,tabicl@t1,20260913.0,29,0.22604671349118555,0.05754353834140247,0.04227948981608942,False,False
2006H2-E,tabpfn,20260911.0,29,0.20169087472018288,0.05925396692026119,0.026386431326746562,False,False
2006H2-E,tabpfn,20260912.0,29,0.23273374404998548,0.06198559224593647,0.07152399122047348,False,False
2006H2-E,tabpfn,20260913.0,29,0.21505457632813785,0.058746172012817066,0.04152771058056426,False,False
2006H2-E,tabpfn@t1,20260911.0,29,0.20161715869634977,0.05925184491321822,0.026387297856447223,False,False
2006H2-E,tabpfn@t1,20260912.0,29,0.23272509602787428,0.062018579648921435,0.07150085304309295,False,False
2006H2-E,tabpfn@t1,20260913.0,29,0.21497093925819,0.05874117791522293,0.04152637332883957,False,False
2008H2-E,gbm,,25,0.21379754931438222,0.06085226624202322,0.06085226624202322,False,False
2008H2-E,gbm-50k,20260911.0,25,0.20645810567720468,0.0644818431819505,0.06423876178083732,False,False
2008H2-E,gbm-50k,20260912.0,25,0.20113457985039107,0.06581992707478124,0.078736046789883,False,False
2008H2-E,gbm-50k,20260913.0,25,0.20799116744694557,0.06409125529203008,0.06575778167262958,False,False
2008H2-E,scorecard,,25,0.2139874907636088,0.06292706022630856,0.06599113690811165,False,False
2008H2-E,tabicl,20260911.0,25,0.21023344773468633,0.058772759118161044,0.06287679294617865,False,False
2008H2-E,tabicl,20260912.0,25,0.2229580228871222,0.06252645196233986,0.05283231543643008,False,False
2008H2-E,tabicl,20260913.0,25,0.22084833295312234,0.06117324756677878,0.040061012736991586,False,False
2008H2-E,tabicl@t1,20260911.0,25,0.21023344773468633,0.058772759118161044,0.06287679294617865,False,False
2008H2-E,tabicl@t1,20260912.0,25,0.2229580228871222,0.06252645196233986,0.05283231543643008,False,False
2008H2-E,tabicl@t1,20260913.0,25,0.22084833295312234,0.06117324756677878,0.040061012736991586,False,False
2008H2-E,tabpfn,20260911.0,25,0.2002202581375554,0.06101345044197015,0.06447300804152123,False,False
2008H2-E,tabpfn,20260912.0,25,0.22446912252556572,0.06241633451046513,0.057176893834814946,False,False
2008H2-E,tabpfn,20260913.0,25,0.22122894800961757,0.061134481353122716,0.04034750369968276,False,False
2008H2-E,tabpfn@t1,20260911.0,25,0.20020437987788076,0.06100792305189584,0.06448283745049777,False,False
2008H2-E,tabpfn@t1,20260912.0,25,0.2244887199408656,0.062411855207043176,0.05717695373122611,False,False
2008H2-E,tabpfn@t1,20260913.0,25,0.22121676021911796,0.06112981409440432,0.04034760904474499,False,False
2010H2-E,gbm,,21,0.24090101517461915,0.0632634988649119,0.06194666237660673,False,False
2010H2-E,gbm-50k,20260911.0,21,0.2420927322860028,0.0712015119151177,0.0712015119151177,False,False
2010H2-E,gbm-50k,20260912.0,21,0.25130871366070484,0.06592883663744598,0.06527318608586818,False,False
2010H2-E,gbm-50k,20260913.0,21,0.22456683375369968,0.06565990348887851,0.08346556856098908,False,False
2010H2-E,scorecard,,21,0.2071629583508895,0.06328416183748731,0.0819641845183221,False,False
2010H2-E,tabicl,20260911.0,21,0.2432658683830049,0.06517474986043381,0.06259008117137199,False,False
2010H2-E,tabicl,20260912.0,21,0.23828528854280784,0.061537935542805844,0.04168247158296201,False,False
2010H2-E,tabicl,20260913.0,21,0.23057260671257174,0.06288265331377296,0.061526287664209534,False,False
2010H2-E,tabicl@t1,20260911.0,21,0.2432658683830049,0.06517474986043381,0.06259008117137199,False,False
2010H2-E,tabicl@t1,20260912.0,21,0.23828528854280784,0.061537935542805844,0.04168247158296201,False,False
2010H2-E,tabicl@t1,20260913.0,21,0.23057260671257174,0.06288265331377296,0.061526287664209534,False,False
2010H2-E,tabpfn,20260911.0,21,0.24223005827255362,0.06593381946173538,0.062035910065905364,False,False
2010H2-E,tabpfn,20260912.0,21,0.23924016382852176,0.06262851486887033,0.04549583069530616,False,False
2010H2-E,tabpfn,20260913.0,21,0.23061959238571061,0.06457424378883281,0.061817093517998245,False,False
2010H2-E,tabpfn@t1,20260911.0,21,0.24218943197303044,0.06591465313592826,0.06203738947674142,False,False
2010H2-E,tabpfn@t1,20260912.0,21,0.23927359485189492,0.0626424716277929,0.04549012128006291,False,False
2010H2-E,tabpfn@t1,20260913.0,21,0.2306186848973366,0.06457603786935606,0.06180216638559988,False,False
2012H2-E,gbm,,17,0.186953838797295,0.06926190377178787,0.07549331251684444,False,False
2012H2-E,gbm-50k,20260911.0,17,0.18369071029375705,0.07176367904507552,0.07176367904507552,False,False
2012H2-E,gbm-50k,20260912.0,17,0.1717815357438789,0.07183770887686469,0.07265698072329552,False,False
2012H2-E,gbm-50k,20260913.0,17,0.2007303671642886,0.073127438225707,0.07890144212204775,False,False
2012H2-E,scorecard,,17,0.1605331686355025,0.06898091058859168,0.041332582705716714,False,False
2012H2-E,tabicl,20260911.0,17,0.1693715083729862,0.06667713080545701,0.07349337991844718,False,False
2012H2-E,tabicl,20260912.0,17,0.1635851621596106,0.07049622741692563,0.07646245472253543,False,False
2012H2-E,tabicl,20260913.0,17,0.1809503174086663,0.07180783831946824,0.045450748057976664,False,False
2012H2-E,tabicl@t1,20260911.0,17,0.1693715083729862,0.06667713080545701,0.07349337991844718,False,False
2012H2-E,tabicl@t1,20260912.0,17,0.1635851621596106,0.07049622741692563,0.07646245472253543,False,False
2012H2-E,tabicl@t1,20260913.0,17,0.1809503174086663,0.07180783831946824,0.045450748057976664,False,False
2012H2-E,tabpfn,20260911.0,17,0.16854321383274895,0.06731104279711664,0.0738376549588522,False,False
2012H2-E,tabpfn,20260912.0,17,0.16323697308057394,0.07089060923088075,0.07562204539110118,False,False
2012H2-E,tabpfn,20260913.0,17,0.1832136475390289,0.07221715469254653,0.04588366227495633,False,False
2012H2-E,tabpfn@t1,20260911.0,17,0.16854507806998653,0.06730483275226784,0.07382950607391381,False,False
2012H2-E,tabpfn@t1,20260912.0,17,0.16323731243311557,0.07088620656901146,0.075622973991879,False,False
2012H2-E,tabpfn@t1,20260913.0,17,0.1832196478287269,0.07222202318555015,0.04588284990229119,False,False
2014H2-E,gbm,,15,0.1682336363468897,0.07173503555169125,0.042800664840417335,False,False
2014H2-E,gbm-50k,20260911.0,15,0.15957146821839685,0.07176426884694509,0.045423894694943234,False,False
2014H2-E,gbm-50k,20260912.0,15,0.15743814209692553,0.06991701547711626,0.07002269444618481,False,False
2014H2-E,gbm-50k,20260913.0,15,0.16471271849068647,0.07283706589685068,0.04623938510316905,False,False
2014H2-E,scorecard,,15,0.15613478440718453,0.07519619261823629,0.07578729751343394,False,False
2014H2-E,tabicl,20260911.0,15,0.15387429021021382,0.07149939093679603,0.07406502178492169,False,False
2014H2-E,tabicl,20260912.0,15,0.16772646331516594,0.06914510428005038,0.07367766007952015,False,False
2014H2-E,tabicl,20260913.0,15,0.16458342742992305,0.06957552559053282,0.07049165008243286,False,False
2014H2-E,tabicl@t1,20260911.0,15,0.15387429021021382,0.07149939093679603,0.07406502178492169,False,False
2014H2-E,tabicl@t1,20260912.0,15,0.16772646331516594,0.06914510428005038,0.07367766007952015,False,False
2014H2-E,tabicl@t1,20260913.0,15,0.16458342742992305,0.06957552559053282,0.07049165008243286,False,False
2014H2-E,tabpfn,20260911.0,15,0.14031811216005652,0.07289208225148669,0.04347025099321278,False,False
2014H2-E,tabpfn,20260912.0,15,0.1568390245296717,0.06969667449003936,0.044740634721194716,False,False
2014H2-E,tabpfn,20260913.0,15,0.16133353286053154,0.07059653155132417,0.07199733320527923,False,False
2014H2-E,tabpfn@t1,20260911.0,15,0.14040706249675206,0.07288331826514338,0.043462762379739894,False,False
2014H2-E,tabpfn@t1,20260912.0,15,0.1568602961955089,0.06969323926892956,0.044738414747445,False,False
2014H2-E,tabpfn@t1,20260913.0,15,0.16134361798101104,0.07060333760675186,0.07198993510760254,False,False
2016H2-E,gbm,,12,0.1532803681233066,0.06558792665595614,0.06196529843600784,False,False
2016H2-E,gbm-50k,20260911.0,12,0.15915768142943143,0.06683875130284944,0.05912669163604689,False,False
2016H2-E,gbm-50k,20260912.0,12,0.13963344794264143,0.06495980373827182,0.06233985353894422,False,False
2016H2-E,gbm-50k,20260913.0,12,0.13446977244954972,0.06933565449722823,0.049653002874565644,False,False
2016H2-E,scorecard,,12,0.1536174536961573,0.06844474134016298,0.048600229872187706,False,False
2016H2-E,tabicl,20260911.0,12,0.1610913631904597,0.06565031905234153,0.05942779163436884,False,False
2016H2-E,tabicl,20260912.0,12,0.15559079194645853,0.06584497564872893,0.07172669295379064,False,False
2016H2-E,tabicl,20260913.0,12,0.16410711859091354,0.06442859563552294,0.07025618428490077,False,False
2016H2-E,tabicl@t1,20260911.0,12,0.1610913631904597,0.06565031905234153,0.05942779163436884,False,False
2016H2-E,tabicl@t1,20260912.0,12,0.15559079194645853,0.06584497564872893,0.07172669295379064,False,False
2016H2-E,tabicl@t1,20260913.0,12,0.16410711859091354,0.06442859563552294,0.07025618428490077,False,False
2016H2-E,tabpfn,20260911.0,12,0.15125977469527885,0.06714583704535149,0.04591450337896086,False,False
2016H2-E,tabpfn,20260912.0,12,0.15712925744403416,0.06567743404225834,0.06003425916964922,False,False
2016H2-E,tabpfn,20260913.0,12,0.15696054462497355,0.0668121438379945,0.07132891855280543,False,False
2016H2-E,tabpfn@t1,20260911.0,12,0.15124329399004388,0.06714851791658061,0.04591480011716642,False,False
2016H2-E,tabpfn@t1,20260912.0,12,0.15711190960531396,0.06567484041414007,0.060030184220352445,False,False
2016H2-E,tabpfn@t1,20260913.0,12,0.15697491174779465,0.06681024492566312,0.07132724109138033,False,False
2018H2-E,gbm,,8,0.16509669038720498,0.06524973045126392,0.06524973045126392,False,False
2018H2-E,gbm-50k,20260911.0,8,0.11772820282649632,0.07110467164946888,0.06776164419455677,False,False
2018H2-E,gbm-50k,20260912.0,8,0.1507673166088228,0.06725206742126988,0.06725206742126988,False,False
2018H2-E,gbm-50k,20260913.0,8,0.1353497862937989,0.06678454106878096,0.06678454106878096,False,False
2018H2-E,scorecard,,8,0.15575939544980233,0.06518806225398788,0.06518806225398788,False,False
2018H2-E,tabicl,20260911.0,8,0.1530620654662167,0.0639748410227533,0.0639748410227533,False,False
2018H2-E,tabicl,20260912.0,8,0.15666654086506526,0.06307845566672099,0.06307845566672099,False,False
2018H2-E,tabicl,20260913.0,8,0.15296150521467156,0.06352531723592458,0.06352531723592458,False,False
2018H2-E,tabicl@t1,20260911.0,8,0.1530620654662167,0.0639748410227533,0.0639748410227533,False,False
2018H2-E,tabicl@t1,20260912.0,8,0.15666654086506526,0.06307845566672099,0.06307845566672099,False,False
2018H2-E,tabicl@t1,20260913.0,8,0.15296150521467156,0.06352531723592458,0.06352531723592458,False,False
2018H2-E,tabpfn,20260911.0,8,0.15067180378614686,0.06483692599988,0.06483692599988,False,False
2018H2-E,tabpfn,20260912.0,8,0.15662838507448973,0.06388223087358713,0.06388223087358713,False,False
2018H2-E,tabpfn,20260913.0,8,0.14790916278732047,0.06391220863719838,0.06391220863719838,False,False
2018H2-E,tabpfn@t1,20260911.0,8,0.15068897186459107,0.06483894309403604,0.06483894309403604,False,False
2018H2-E,tabpfn@t1,20260912.0,8,0.15666533378589376,0.0638851008361605,0.0638851008361605,False,False
2018H2-E,tabpfn@t1,20260913.0,8,0.14792328918474718,0.0639162308783836,0.0639162308783836,False,False
