build_id,arm,model,context_seed,cohort,age_quarters,rows,defaults,metric,value,ci_lo,ci_hi,floor
2018H2-E,E,scorecard,,2019H1,1,24752,110,auc,0.7159834281455905,0.6684192728959861,0.7635475833951948,True
2018H2-E,E,scorecard,,2019H1,1,24752,110,gini,0.4319668562911809,0.33683854579197225,0.5270951667903896,True
2018H2-E,E,scorecard,,2019H1,1,24752,110,ks,0.3191808516132841,,,True
2018H2-E,E,scorecard,,2019H1,1,24752,110,brier,0.00458422192834141,,,True
2018H2-E,E,scorecard,,2019H1,1,24752,110,brier_miscalibration,0.0002265781740043004,,,True
2018H2-E,E,scorecard,,2019H1,1,24752,110,brier_discrimination,6.669167771249356e-05,,,True
2018H2-E,E,scorecard,,2019H1,1,24752,110,brier_uncertainty,0.004424335432049603,,,True
2018H2-E,E,scorecard,,2019H1,1,24752,110,observed_over_expected,0.36632350078639075,0.30118660516706,0.441317340697513,True
2018H2-E,E,scorecard,,2019H1,1,24752,110,log_oe,-1.0042384540443503,-1.2000252556021933,-0.8179910689000998,True
2018H2-E,E,scorecard,,2019H1,1,24752,110,cox_intercept,-2.1289560682335233,-2.8661603764734522,-1.3917517599935947,True
2018H2-E,E,scorecard,,2019H1,1,24752,110,cox_slope,0.7202080038869444,0.5461425370222421,0.8942734707516466,True
2018H2-E,E,scorecard,,2019H1,1,24752,110,psi,0.1244840339792413,,,True
2018H2-E,E,scorecard,,2019H1,1,24752,110,psi_critical,0.0007032851193094405,,,True
2018H2-E,E,scorecard,,2019H2,3,24861,136,auc,0.6931640694700529,0.6509283338386225,0.7353998051014834,True
2018H2-E,E,scorecard,,2019H2,3,24861,136,gini,0.38632813894010587,0.30185666767724495,0.4707996102029668,True
2018H2-E,E,scorecard,,2019H2,3,24861,136,ks,0.29298132397549514,,,True
2018H2-E,E,scorecard,,2019H2,3,24861,136,brier,0.005550156340253521,,,True
2018H2-E,E,scorecard,,2019H2,3,24861,136,brier_miscalibration,0.0001303451694707183,,,True
2018H2-E,E,scorecard,,2019H2,3,24861,136,brier_discrimination,2.06788935994736e-05,,,True
2018H2-E,E,scorecard,,2019H2,3,24861,136,brier_uncertainty,0.0054404900643822765,,,True
2018H2-E,E,scorecard,,2019H2,3,24861,136,observed_over_expected,0.5369527179365704,0.45069480223199,0.6348369073150084,True
2018H2-E,E,scorecard,,2019H2,3,24861,136,log_oe,-0.6218452368850228,-0.7969648820079269,-0.45438715195220014,True
2018H2-E,E,scorecard,,2019H2,3,24861,136,cox_intercept,-2.4268450868699007,-3.1007178422242396,-1.7529723315155619,True
2018H2-E,E,scorecard,,2019H2,3,24861,136,cox_slope,0.5721670083782593,0.42536392813929025,0.7189700886172283,True
2018H2-E,E,scorecard,,2019H2,3,24861,136,psi,0.058917912296015215,,,True
2018H2-E,E,scorecard,,2019H2,3,24861,136,psi_critical,0.0007002882229540308,,,True
2018H2-E,E,scorecard,,2020H1,5,24880,111,auc,0.6781178812952398,0.6286660235196238,0.7275697390708558,True
2018H2-E,E,scorecard,,2020H1,5,24880,111,gini,0.3562357625904795,0.2573320470392475,0.4551394781417115,True
2018H2-E,E,scorecard,,2020H1,5,24880,111,ks,0.2926220257158123,,,True
2018H2-E,E,scorecard,,2020H1,5,24880,111,brier,0.004536228410456543,,,True
2018H2-E,E,scorecard,,2020H1,5,24880,111,brier_miscalibration,0.00010555741664504056,,,True
2018H2-E,E,scorecard,,2020H1,5,24880,111,brier_discrimination,1.083957524795811e-05,,,True
2018H2-E,E,scorecard,,2020H1,5,24880,111,brier_uncertainty,0.00444151056905946,,,True
2018H2-E,E,scorecard,,2020H1,5,24880,111,observed_over_expected,0.5519846896959819,0.4542568807934977,0.6644288358312089,True
2018H2-E,E,scorecard,,2020H1,5,24880,111,log_oe,-0.5942349691476971,-0.7890924242289507,-0.4088275008735352,True
2018H2-E,E,scorecard,,2020H1,5,24880,111,cox_intercept,-2.8889416046073833,-3.6368754050094383,-2.141007804205328,True
2018H2-E,E,scorecard,,2020H1,5,24880,111,cox_slope,0.48575850547944893,0.33465864517661836,0.6368583657822795,True
2018H2-E,E,scorecard,,2020H1,5,24880,111,psi,0.054114793721023374,,,True
2018H2-E,E,scorecard,,2020H1,5,24880,111,psi_critical,0.0006997685157380388,,,True
2018H2-E,E,scorecard,,2020H2,7,24919,71,auc,0.6900198275940251,0.6229364974336821,0.7571031577543682,False
2018H2-E,E,scorecard,,2020H2,7,24919,71,gini,0.3800396551880503,0.24587299486736414,0.5142063155087364,False
2018H2-E,E,scorecard,,2020H2,7,24919,71,ks,0.35192108866981675,,,False
2018H2-E,E,scorecard,,2020H2,7,24919,71,brier,0.0029255282032534594,,,False
2018H2-E,E,scorecard,,2020H2,7,24919,71,brier_miscalibration,9.151040865928604e-05,,,False
2018H2-E,E,scorecard,,2020H2,7,24919,71,brier_discrimination,7.095595300421736e-06,,,False
2018H2-E,E,scorecard,,2020H2,7,24919,71,brier_uncertainty,0.002841113389894595,,,False
2018H2-E,E,scorecard,,2020H2,7,24919,71,observed_over_expected,0.41740793387474023,0.3260943116370181,0.5263071863274041,False
2018H2-E,E,scorecard,,2020H2,7,24919,71,log_oe,-0.8736912766741152,-1.1205686399544053,-0.6418702322839238,False
2018H2-E,E,scorecard,,2020H2,7,24919,71,cox_intercept,-3.088406869063511,-4.029600579140959,-2.1472131589860632,False
2018H2-E,E,scorecard,,2020H2,7,24919,71,cox_slope,0.5179979922279074,0.3324751702795904,0.7035208141762245,False
2018H2-E,E,scorecard,,2020H2,7,24919,71,psi,0.10896808699767399,,,False
2018H2-E,E,scorecard,,2020H2,7,24919,71,psi_critical,0.000698704231239898,,,False
2018H2-E,E,scorecard,,2021H1,9,24909,90,auc,0.7322129998970324,0.6792999817779808,0.785126018016084,False
2018H2-E,E,scorecard,,2021H1,9,24909,90,gini,0.46442599979406474,0.3585999635559616,0.5702520360321679,False
2018H2-E,E,scorecard,,2021H1,9,24909,90,ks,0.37643740682541604,,,False
2018H2-E,E,scorecard,,2021H1,9,24909,90,brier,0.003673612273874376,,,False
2018H2-E,E,scorecard,,2021H1,9,24909,90,brier_miscalibration,9.094458503594582e-05,,,False
2018H2-E,E,scorecard,,2021H1,9,24909,90,brier_discrimination,1.742931752258224e-05,,,False
2018H2-E,E,scorecard,,2021H1,9,24909,90,brier_uncertainty,0.0036000970063610124,,,False
2018H2-E,E,scorecard,,2021H1,9,24909,90,observed_over_expected,0.4537205989311372,0.3649668682157881,0.5574686136575562,False
2018H2-E,E,scorecard,,2021H1,9,24909,90,log_oe,-0.7902736912464616,-1.0079487015312134,-0.5843490756047726,False
2018H2-E,E,scorecard,,2021H1,9,24909,90,cox_intercept,-2.1872484723064285,-3.0073161620203086,-1.3671807825925486,False
2018H2-E,E,scorecard,,2021H1,9,24909,90,cox_slope,0.6794725662285929,0.5039752539748106,0.8549698784823752,False
2018H2-E,E,scorecard,,2021H1,9,24909,90,psi,0.05517801930073882,,,False
2018H2-E,E,scorecard,,2021H1,9,24909,90,psi_critical,0.00069897680698807,,,False
2018H2-E,E,scorecard,,2021H2,11,24929,136,auc,0.7693211556392815,0.7309270689047459,0.8077152423738171,True
2018H2-E,E,scorecard,,2021H2,11,24929,136,gini,0.538642311278563,0.4618541378094918,0.6154304847476342,True
2018H2-E,E,scorecard,,2021H2,11,24929,136,ks,0.41406670763332154,,,True
2018H2-E,E,scorecard,,2021H2,11,24929,136,brier,0.0054539746888838635,,,True
2018H2-E,E,scorecard,,2021H2,11,24929,136,brier_miscalibration,0.00011692187840405769,,,True
2018H2-E,E,scorecard,,2021H2,11,24929,136,brier_discrimination,8.867838090978984e-05,,,True
2018H2-E,E,scorecard,,2021H2,11,24929,136,brier_uncertainty,0.005425731191389596,,,True
2018H2-E,E,scorecard,,2021H2,11,24929,136,observed_over_expected,0.5333775586317647,0.4476934539919535,0.6306108743567663,True
2018H2-E,E,scorecard,,2021H2,11,24929,136,log_oe,-0.6285257404256903,-0.803646535258342,-0.4610662875594002,True
2018H2-E,E,scorecard,,2021H2,11,24929,136,cox_intercept,-1.1678080147124683,-1.8381836983453321,-0.4974323310796044,True
2018H2-E,E,scorecard,,2021H2,11,24929,136,cox_slope,0.8685329084835851,0.7090192661818746,1.0280465507852956,True
2018H2-E,E,scorecard,,2021H2,11,24929,136,psi,0.033354159958877826,,,True
2018H2-E,E,scorecard,,2021H2,11,24929,136,psi_critical,0.0006984318741733804,,,True
2018H2-E,E,scorecard,,2022H1,13,24889,291,auc,0.7683791798232417,0.7430526792489373,0.7937056803975461,True
2018H2-E,E,scorecard,,2022H1,13,24889,291,gini,0.5367583596464833,0.4861053584978745,0.5874113607950922,True
2018H2-E,E,scorecard,,2022H1,13,24889,291,ks,0.42166826068333446,,,True
2018H2-E,E,scorecard,,2022H1,13,24889,291,brier,0.011424114164563858,,,True
2018H2-E,E,scorecard,,2022H1,13,24889,291,brier_miscalibration,4.447139178284827e-05,,,True
2018H2-E,E,scorecard,,2022H1,13,24889,291,brier_discrimination,0.0001755685085843995,,,True
2018H2-E,E,scorecard,,2022H1,13,24889,291,brier_uncertainty,0.01155521128136541,,,True
2018H2-E,E,scorecard,,2022H1,13,24889,291,observed_over_expected,0.9232228755319258,0.8207056326991301,1.0348847855468848,True
2018H2-E,E,scorecard,,2022H1,13,24889,291,log_oe,-0.07988460501283445,-0.19759078108364572,0.034290102208800625,True
2018H2-E,E,scorecard,,2022H1,13,24889,291,cox_intercept,-0.48538893717771026,-0.9534511660922895,-0.017326708263130985,True
2018H2-E,E,scorecard,,2022H1,13,24889,291,cox_slope,0.8953144370937168,0.7789987462660535,1.0116301279213802,True
2018H2-E,E,scorecard,,2022H1,13,24889,291,psi,0.12666467047336194,,,True
2018H2-E,E,scorecard,,2022H1,13,24889,291,psi_critical,0.0006995226155837306,,,True
2018H2-E,E,scorecard,,2022H2,15,24859,373,auc,0.7813904821467167,0.7592073500475602,0.8035736142458731,True
2018H2-E,E,scorecard,,2022H2,15,24859,373,gini,0.5627809642934334,0.5184147000951205,0.6071472284917463,True
2018H2-E,E,scorecard,,2022H2,15,24859,373,ks,0.44520773374028466,,,True
2018H2-E,E,scorecard,,2022H2,15,24859,373,brier,0.01448209799453284,,,True
2018H2-E,E,scorecard,,2022H2,15,24859,373,brier_miscalibration,7.845652303509372e-05,,,True
2018H2-E,E,scorecard,,2022H2,15,24859,373,brier_discrimination,0.0003758458155210184,,,True
2018H2-E,E,scorecard,,2022H2,15,24859,373,brier_uncertainty,0.014779487287018766,,,True
2018H2-E,E,scorecard,,2022H2,15,24859,373,observed_over_expected,1.1166930401987307,1.0069589358039122,1.2349789652878695,True
2018H2-E,E,scorecard,,2022H2,15,24859,373,log_oe,0.11037167497837828,0.006934834160075895,0.2110539377793205,True
2018H2-E,E,scorecard,,2022H2,15,24859,373,cox_intercept,0.22347751831892002,-0.2132476445416052,0.6602026811794452,True
2018H2-E,E,scorecard,,2022H2,15,24859,373,cox_slope,1.0288093700876724,0.9166702830846764,1.1409484570906683,True
2018H2-E,E,scorecard,,2022H2,15,24859,373,psi,0.2378705355170697,,,True
2018H2-E,E,scorecard,,2022H2,15,24859,373,psi_critical,0.0007003429751904711,,,True
2018H2-E,E,scorecard,,2023H1,17,24882,381,auc,0.782146499778626,0.7620378614662584,0.8022551380909937,True
2018H2-E,E,scorecard,,2023H1,17,24882,381,gini,0.5642929995572521,0.5240757229325168,0.6045102761819874,True
2018H2-E,E,scorecard,,2023H1,17,24882,381,ks,0.4379840514303289,,,True
2018H2-E,E,scorecard,,2023H1,17,24882,381,brier,0.014820314863823233,,,True
2018H2-E,E,scorecard,,2023H1,17,24882,381,brier_miscalibration,5.763275933876044e-05,,,True
2018H2-E,E,scorecard,,2023H1,17,24882,381,brier_discrimination,0.00031512609548099875,,,True
2018H2-E,E,scorecard,,2023H1,17,24882,381,brier_uncertainty,0.015077808199965471,,,True
2018H2-E,E,scorecard,,2023H1,17,24882,381,observed_over_expected,1.1190811575328925,1.010258976236738,1.2362866866319178,True
2018H2-E,E,scorecard,,2023H1,17,24882,381,log_oe,0.11250795353889018,0.010206710100782123,0.21211227925312826,True
2018H2-E,E,scorecard,,2023H1,17,24882,381,cox_intercept,-0.030279247903639783,-0.434193000344312,0.37363450453703245,True
2018H2-E,E,scorecard,,2023H1,17,24882,381,cox_slope,0.9608613045156678,0.8573567821515419,1.0643658268797938,True
2018H2-E,E,scorecard,,2023H1,17,24882,381,psi,0.19170218223649999,,,True
2018H2-E,E,scorecard,,2023H1,17,24882,381,psi_critical,0.000699713855886289,,,True
2018H2-E,E,scorecard,,2023H2,19,24866,363,auc,0.8287407658746233,0.8099946815311352,0.8474868502181114,True
2018H2-E,E,scorecard,,2023H2,19,24866,363,gini,0.6574815317492466,0.6199893630622704,0.6949737004362229,True
2018H2-E,E,scorecard,,2023H2,19,24866,363,ks,0.5196670694958474,,,True
2018H2-E,E,scorecard,,2023H2,19,24866,363,brier,0.013966019545442165,,,True
2018H2-E,E,scorecard,,2023H2,19,24866,363,brier_miscalibration,5.78683348827283e-05,,,True
2018H2-E,E,scorecard,,2023H2,19,24866,363,brier_discrimination,0.00047698658737959157,,,True
2018H2-E,E,scorecard,,2023H2,19,24866,363,brier_uncertainty,0.014385137797939028,,,True
2018H2-E,E,scorecard,,2023H2,19,24866,363,observed_over_expected,1.0990824540741655,0.9896193967507362,1.2172035784844388,True
2018H2-E,E,scorecard,,2023H2,19,24866,363,log_oe,0.09447569906225023,-0.010434857499003697,0.19655607896770705,True
2018H2-E,E,scorecard,,2023H2,19,24866,363,cox_intercept,0.6761437386369128,0.27117555674199056,1.0811119205318351,True
2018H2-E,E,scorecard,,2023H2,19,24866,363,cox_slope,1.1577745869740654,1.0490211962260894,1.2665279777220415,True
2018H2-E,E,scorecard,,2023H2,19,24866,363,psi,0.15054349123132887,,,True
2018H2-E,E,scorecard,,2023H2,19,24866,363,psi_critical,0.0007001513808960328,,,True
2018H2-E,E,gbm,,2019H1,1,24752,110,auc,0.7211818698305185,0.6749521390340917,0.7674116006269452,True
2018H2-E,E,gbm,,2019H1,1,24752,110,gini,0.4423637396610369,0.34990427806818336,0.5348232012538905,True
2018H2-E,E,gbm,,2019H1,1,24752,110,ks,0.3627339870583114,,,True
2018H2-E,E,gbm,,2019H1,1,24752,110,brier,0.00455191084135965,,,True
2018H2-E,E,gbm,,2019H1,1,24752,110,brier_miscalibration,0.00015139162945943235,,,True
2018H2-E,E,gbm,,2019H1,1,24752,110,brier_discrimination,2.381622014938599e-05,,,True
2018H2-E,E,gbm,,2019H1,1,24752,110,brier_uncertainty,0.004424335432049603,,,True
2018H2-E,E,gbm,,2019H1,1,24752,110,observed_over_expected,0.453915264962164,0.37320345922108994,0.5468409130320019,True
2018H2-E,E,gbm,,2019H1,1,24752,110,log_oe,-0.7898447394129,-0.9856315409707432,-0.6035973542686497,True
2018H2-E,E,gbm,,2019H1,1,24752,110,cox_intercept,-2.2805854709685764,-2.982703620685601,-1.5784673212515519,True
2018H2-E,E,gbm,,2019H1,1,24752,110,cox_slope,0.6424622907562154,0.4872221076341141,0.7977024738783167,True
2018H2-E,E,gbm,,2019H1,1,24752,110,psi,0.08154992117937691,,,True
2018H2-E,E,gbm,,2019H1,1,24752,110,psi_critical,0.0007032851193094405,,,True
2018H2-E,E,gbm,,2019H2,3,24861,136,auc,0.708063998096711,0.6654569186094361,0.7506710775839858,True
2018H2-E,E,gbm,,2019H2,3,24861,136,gini,0.4161279961934219,0.33091383721887224,0.5013421551679715,True
2018H2-E,E,gbm,,2019H2,3,24861,136,ks,0.31785255457086775,,,True
2018H2-E,E,gbm,,2019H2,3,24861,136,brier,0.005525141923082042,,,True
2018H2-E,E,gbm,,2019H2,3,24861,136,brier_miscalibration,0.00011408711976446627,,,True
2018H2-E,E,gbm,,2019H2,3,24861,136,brier_discrimination,2.9435261064700638e-05,,,True
2018H2-E,E,gbm,,2019H2,3,24861,136,brier_uncertainty,0.0054404900643822765,,,True
2018H2-E,E,gbm,,2019H2,3,24861,136,observed_over_expected,0.6280110728366537,0.5271252324772678,0.7424948117802391,True
2018H2-E,E,gbm,,2019H2,3,24861,136,log_oe,-0.46519748076387907,-0.6403171258867831,-0.2977393958310565,True
2018H2-E,E,gbm,,2019H2,3,24861,136,cox_intercept,-2.3140278030489285,-2.9453768076307476,-1.6826787984671094,True
2018H2-E,E,gbm,,2019H2,3,24861,136,cox_slope,0.5693846189321647,0.4365286852833434,0.702240552580986,True
2018H2-E,E,gbm,,2019H2,3,24861,136,psi,0.05399688319956911,,,True
2018H2-E,E,gbm,,2019H2,3,24861,136,psi_critical,0.0007002882229540308,,,True
2018H2-E,E,gbm,,2020H1,5,24880,111,auc,0.6724832951971713,0.623137871816578,0.7218287185777646,True
2018H2-E,E,gbm,,2020H1,5,24880,111,gini,0.34496659039434263,0.24627574363315596,0.4436574371555293,True
2018H2-E,E,gbm,,2020H1,5,24880,111,ks,0.2793040123170528,,,True
2018H2-E,E,gbm,,2020H1,5,24880,111,brier,0.004523784705315815,,,True
2018H2-E,E,gbm,,2020H1,5,24880,111,brier_miscalibration,9.783896570825061e-05,,,True
2018H2-E,E,gbm,,2020H1,5,24880,111,brier_discrimination,1.5564829451896085e-05,,,True
2018H2-E,E,gbm,,2020H1,5,24880,111,brier_uncertainty,0.00444151056905946,,,True
2018H2-E,E,gbm,,2020H1,5,24880,111,observed_over_expected,0.6450897372581939,0.5308778619207729,0.7765002021508827,True
2018H2-E,E,gbm,,2020H1,5,24880,111,log_oe,-0.43836584433161857,-0.6332232994128719,-0.25295837605745664,True
2018H2-E,E,gbm,,2020H1,5,24880,111,cox_intercept,-3.067502473706921,-3.785806709269438,-2.349198238144404,True
2018H2-E,E,gbm,,2020H1,5,24880,111,cox_slope,0.428210384944829,0.29093541390510036,0.5654853559845576,True
2018H2-E,E,gbm,,2020H1,5,24880,111,psi,0.07751977431503143,,,True
2018H2-E,E,gbm,,2020H1,5,24880,111,psi_critical,0.0006997685157380388,,,True
2018H2-E,E,gbm,,2020H2,7,24919,71,auc,0.6902876531565438,0.6265508235077905,0.7540244828052972,False
2018H2-E,E,gbm,,2020H2,7,24919,71,gini,0.38057530631308767,0.2531016470155809,0.5080489656105944,False
2018H2-E,E,gbm,,2020H2,7,24919,71,ks,0.31574224807959156,,,False
2018H2-E,E,gbm,,2020H2,7,24919,71,brier,0.0029066367521472804,,,False
2018H2-E,E,gbm,,2020H2,7,24919,71,brier_miscalibration,7.46593332723337e-05,,,False
2018H2-E,E,gbm,,2020H2,7,24919,71,brier_discrimination,9.135971019648328e-06,,,False
2018H2-E,E,gbm,,2020H2,7,24919,71,brier_uncertainty,0.002841113389894595,,,False
2018H2-E,E,gbm,,2020H2,7,24919,71,observed_over_expected,0.5045187092146471,0.39414842852200843,0.6361446459136497,False
2018H2-E,E,gbm,,2020H2,7,24919,71,log_oe,-0.684150355208804,-0.9310277184890939,-0.45232931081861266,False
2018H2-E,E,gbm,,2020H2,7,24919,71,cox_intercept,-3.1933450377399137,-4.104646998207998,-2.28204307727183,False
2018H2-E,E,gbm,,2020H2,7,24919,71,cox_slope,0.47205068027021757,0.30195505453826177,0.6421463060021734,False
2018H2-E,E,gbm,,2020H2,7,24919,71,psi,0.1537264001525045,,,False
2018H2-E,E,gbm,,2020H2,7,24919,71,psi_critical,0.000698704231239898,,,False
2018H2-E,E,gbm,,2021H1,9,24909,90,auc,0.7491894650603705,0.6999879308359381,0.798390999284803,False
2018H2-E,E,gbm,,2021H1,9,24909,90,gini,0.4983789301207411,0.39997586167187626,0.5967819985696059,False
2018H2-E,E,gbm,,2021H1,9,24909,90,ks,0.41968921659481306,,,False
2018H2-E,E,gbm,,2021H1,9,24909,90,brier,0.0036585002347983135,,,False
2018H2-E,E,gbm,,2021H1,9,24909,90,brier_miscalibration,7.561507309843899e-05,,,False
2018H2-E,E,gbm,,2021H1,9,24909,90,brier_discrimination,1.7211844661137957e-05,,,False
2018H2-E,E,gbm,,2021H1,9,24909,90,brier_uncertainty,0.0036000970063610124,,,False
2018H2-E,E,gbm,,2021H1,9,24909,90,observed_over_expected,0.5377976589238658,0.43259734685534024,0.6607707828448608,False
2018H2-E,E,gbm,,2021H1,9,24909,90,log_oe,-0.6202728882177143,-0.837947898502466,-0.4143482725760254,False
2018H2-E,E,gbm,,2021H1,9,24909,90,cox_intercept,-2.101589111111444,-2.8893989660100132,-1.313779256212875,False
2018H2-E,E,gbm,,2021H1,9,24909,90,cox_slope,0.667657124400265,0.5048531434368752,0.8304611053636549,False
2018H2-E,E,gbm,,2021H1,9,24909,90,psi,0.08622216949405923,,,False
2018H2-E,E,gbm,,2021H1,9,24909,90,psi_critical,0.00069897680698807,,,False
2018H2-E,E,gbm,,2021H2,11,24929,136,auc,0.7791688711946684,0.7427773820012942,0.8155603603880426,True
2018H2-E,E,gbm,,2021H2,11,24929,136,gini,0.5583377423893368,0.48555476400258835,0.6311207207760852,True
2018H2-E,E,gbm,,2021H2,11,24929,136,ks,0.45049984459560455,,,True
2018H2-E,E,gbm,,2021H2,11,24929,136,brier,0.005440295630242726,,,True
2018H2-E,E,gbm,,2021H2,11,24929,136,brier_miscalibration,7.365121320257895e-05,,,True
2018H2-E,E,gbm,,2021H2,11,24929,136,brier_discrimination,5.9086774349449006e-05,,,True
2018H2-E,E,gbm,,2021H2,11,24929,136,brier_uncertainty,0.005425731191389596,,,True
2018H2-E,E,gbm,,2021H2,11,24929,136,observed_over_expected,0.6457174427981123,0.5419865676589464,0.7634300217558547,True
2018H2-E,E,gbm,,2021H2,11,24929,136,log_oe,-0.4373932659340141,-0.6125140607666655,-0.269933813067724,True
2018H2-E,E,gbm,,2021H2,11,24929,136,cox_intercept,-1.2419996205382973,-1.876933212918461,-0.6070660281581335,True
2018H2-E,E,gbm,,2021H2,11,24929,136,cox_slope,0.8076797129911316,0.6637756274520806,0.9515837985301826,True
2018H2-E,E,gbm,,2021H2,11,24929,136,psi,0.045831170761996776,,,True
2018H2-E,E,gbm,,2021H2,11,24929,136,psi_critical,0.0006984318741733804,,,True
2018H2-E,E,gbm,,2022H1,13,24889,291,auc,0.7738502473729459,0.7490287003505834,0.7986717943953084,True
2018H2-E,E,gbm,,2022H1,13,24889,291,gini,0.5477004947458919,0.4980574007011669,0.5973435887906169,True
2018H2-E,E,gbm,,2022H1,13,24889,291,ks,0.44742092014856627,,,True
2018H2-E,E,gbm,,2022H1,13,24889,291,brier,0.011463165269448612,,,True
2018H2-E,E,gbm,,2022H1,13,24889,291,brier_miscalibration,7.882107509331326e-05,,,True
2018H2-E,E,gbm,,2022H1,13,24889,291,brier_discrimination,0.00017086708701011082,,,True
2018H2-E,E,gbm,,2022H1,13,24889,291,brier_uncertainty,0.01155521128136541,,,True
2018H2-E,E,gbm,,2022H1,13,24889,291,observed_over_expected,1.122188680701799,0.9975777199763758,1.2579150960726633,True
2018H2-E,E,gbm,,2022H1,13,24889,291,log_oe,0.11528095758077922,-0.002425218490032045,0.2294556648024145,True
2018H2-E,E,gbm,,2022H1,13,24889,291,cox_intercept,-0.680313438744339,-1.1196149126355588,-0.24101196485311926,True
2018H2-E,E,gbm,,2022H1,13,24889,291,cox_slope,0.8003102956987358,0.6974592841780862,0.9031613072193854,True
2018H2-E,E,gbm,,2022H1,13,24889,291,psi,0.09589722172220663,,,True
2018H2-E,E,gbm,,2022H1,13,24889,291,psi_critical,0.0006995226155837306,,,True
2018H2-E,E,gbm,,2022H2,15,24859,373,auc,0.7945841569697102,0.7738151310871645,0.8153531828522559,True
2018H2-E,E,gbm,,2022H2,15,24859,373,gini,0.5891683139394204,0.547630262174329,0.6307063657045118,True
2018H2-E,E,gbm,,2022H2,15,24859,373,ks,0.46732213779105375,,,True
2018H2-E,E,gbm,,2022H2,15,24859,373,brier,0.01451082144379852,,,True
2018H2-E,E,gbm,,2022H2,15,24859,373,brier_miscalibration,9.024428929469905e-05,,,True
2018H2-E,E,gbm,,2022H2,15,24859,373,brier_discrimination,0.00035891013251494394,,,True
2018H2-E,E,gbm,,2022H2,15,24859,373,brier_uncertainty,0.014779487287018766,,,True
2018H2-E,E,gbm,,2022H2,15,24859,373,observed_over_expected,1.4543773098544237,1.311459976438771,1.60843250616349,True
2018H2-E,E,gbm,,2022H2,15,24859,373,log_oe,0.3745778432841927,0.2711410024658903,0.4752601060851349,True
2018H2-E,E,gbm,,2022H2,15,24859,373,cox_intercept,0.10522238345991715,-0.2976614501036012,0.5081062170234355,True
2018H2-E,E,gbm,,2022H2,15,24859,373,cox_slope,0.9288231177329335,0.8319903383155723,1.0256558971502945,True
2018H2-E,E,gbm,,2022H2,15,24859,373,psi,0.13601270176708813,,,True
2018H2-E,E,gbm,,2022H2,15,24859,373,psi_critical,0.0007003429751904711,,,True
2018H2-E,E,gbm,,2023H1,17,24882,381,auc,0.7917457651575848,0.7718024926989414,0.8116890376162281,True
2018H2-E,E,gbm,,2023H1,17,24882,381,gini,0.5834915303151695,0.5436049853978828,0.6233780752324563,True
2018H2-E,E,gbm,,2023H1,17,24882,381,ks,0.45096664863751346,,,True
2018H2-E,E,gbm,,2023H1,17,24882,381,brier,0.014818125102032613,,,True
2018H2-E,E,gbm,,2023H1,17,24882,381,brier_miscalibration,9.175636557187325e-05,,,True
2018H2-E,E,gbm,,2023H1,17,24882,381,brier_discrimination,0.0003514394635047314,,,True
2018H2-E,E,gbm,,2023H1,17,24882,381,brier_uncertainty,0.015077808199965471,,,True
2018H2-E,E,gbm,,2023H1,17,24882,381,observed_over_expected,1.430143544246159,1.2910728977574069,1.5799277932817342,True
2018H2-E,E,gbm,,2023H1,17,24882,381,log_oe,0.357774819825741,0.255473576387633,0.4573791455399792,True
2018H2-E,E,gbm,,2023H1,17,24882,381,cox_intercept,-0.12022506600280015,-0.49427621252827414,0.25382608052267386,True
2018H2-E,E,gbm,,2023H1,17,24882,381,cox_slope,0.8743691050973592,0.7844192471064654,0.964318963088253,True
2018H2-E,E,gbm,,2023H1,17,24882,381,psi,0.1017947133258568,,,True
2018H2-E,E,gbm,,2023H1,17,24882,381,psi_critical,0.000699713855886289,,,True
2018H2-E,E,gbm,,2023H2,19,24866,363,auc,0.8198533962614799,0.8013189820397989,0.8383878104831609,True
2018H2-E,E,gbm,,2023H2,19,24866,363,gini,0.6397067925229598,0.6026379640795978,0.6767756209663218,True
2018H2-E,E,gbm,,2023H2,19,24866,363,ks,0.491976189119025,,,True
2018H2-E,E,gbm,,2023H2,19,24866,363,brier,0.014018218348083528,,,True
2018H2-E,E,gbm,,2023H2,19,24866,363,brier_miscalibration,8.871082570698248e-05,,,True
2018H2-E,E,gbm,,2023H2,19,24866,363,brier_discrimination,0.0004556302755624828,,,True
2018H2-E,E,gbm,,2023H2,19,24866,363,brier_uncertainty,0.014385137797939028,,,True
2018H2-E,E,gbm,,2023H2,19,24866,363,observed_over_expected,1.391193900582065,1.252638019607967,1.5407089685374478,True
2018H2-E,E,gbm,,2023H2,19,24866,363,log_oe,0.33016229976286304,0.2252517432016092,0.4322426796683199,True
2018H2-E,E,gbm,,2023H2,19,24866,363,cox_intercept,0.19668814512178537,-0.17318536764866785,0.5665616578922386,True
2018H2-E,E,gbm,,2023H2,19,24866,363,cox_slope,0.9614701496921807,0.8700080839241006,1.052932215460261,True
2018H2-E,E,gbm,,2023H2,19,24866,363,psi,0.07515521630448146,,,True
2018H2-E,E,gbm,,2023H2,19,24866,363,psi_critical,0.0007001513808960328,,,True
2018H2-E,E,gbm-50k,20260911,2019H1,1,24752,110,auc,0.6896916572592248,0.6411849517773519,0.7381983627410976,True
2018H2-E,E,gbm-50k,20260911,2019H1,1,24752,110,gini,0.37938331451844953,0.2823699035547038,0.47639672548219525,True
2018H2-E,E,gbm-50k,20260911,2019H1,1,24752,110,ks,0.2817687466336115,,,True
2018H2-E,E,gbm-50k,20260911,2019H1,1,24752,110,brier,0.004669301649782657,,,True
2018H2-E,E,gbm-50k,20260911,2019H1,1,24752,110,brier_miscalibration,0.0002593551628852055,,,True
2018H2-E,E,gbm-50k,20260911,2019H1,1,24752,110,brier_discrimination,1.4388945152151583e-05,,,True
2018H2-E,E,gbm-50k,20260911,2019H1,1,24752,110,brier_uncertainty,0.004424335432049603,,,True
2018H2-E,E,gbm-50k,20260911,2019H1,1,24752,110,observed_over_expected,0.516581836482661,0.42472713131201373,0.622336600954527,True
2018H2-E,E,gbm-50k,20260911,2019H1,1,24752,110,log_oe,-0.6605215586701041,-0.8563083602279472,-0.47427417352585366,True
2018H2-E,E,gbm-50k,20260911,2019H1,1,24752,110,cox_intercept,-3.093153817669948,-3.7055309440079043,-2.4807766913319913,True
2018H2-E,E,gbm-50k,20260911,2019H1,1,24752,110,cox_slope,0.4304287374225628,0.30996253051652833,0.5508949443285973,True
2018H2-E,E,gbm-50k,20260911,2019H1,1,24752,110,psi,0.08023212949537716,,,True
2018H2-E,E,gbm-50k,20260911,2019H1,1,24752,110,psi_critical,0.0010219193712836033,,,True
2018H2-E,E,gbm-50k,20260911,2019H2,3,24861,136,auc,0.6756447391899125,0.6308443087837259,0.7204451695960992,True
2018H2-E,E,gbm-50k,20260911,2019H2,3,24861,136,gini,0.35128947837982505,0.26168861756745176,0.44089033919219833,True
2018H2-E,E,gbm-50k,20260911,2019H2,3,24861,136,ks,0.25785761018259673,,,True
2018H2-E,E,gbm-50k,20260911,2019H2,3,24861,136,brier,0.0056168658391711505,,,True
2018H2-E,E,gbm-50k,20260911,2019H2,3,24861,136,brier_miscalibration,0.00023545758610805847,,,True
2018H2-E,E,gbm-50k,20260911,2019H2,3,24861,136,brier_discrimination,5.908181131918447e-05,,,True
2018H2-E,E,gbm-50k,20260911,2019H2,3,24861,136,brier_uncertainty,0.0054404900643822765,,,True
2018H2-E,E,gbm-50k,20260911,2019H2,3,24861,136,observed_over_expected,0.719409791154884,0.6038413490005075,0.8505551264624627,True
2018H2-E,E,gbm-50k,20260911,2019H2,3,24861,136,log_oe,-0.32932413764519647,-0.5044437827681006,-0.16186605271237375,True
2018H2-E,E,gbm-50k,20260911,2019H2,3,24861,136,cox_intercept,-3.0330690848257142,-3.586320422465084,-2.4798177471863445,True
2018H2-E,E,gbm-50k,20260911,2019H2,3,24861,136,cox_slope,0.38576643765716145,0.28227510179896054,0.48925777351536237,True
2018H2-E,E,gbm-50k,20260911,2019H2,3,24861,136,psi,0.03725432068844731,,,True
2018H2-E,E,gbm-50k,20260911,2019H2,3,24861,136,psi_critical,0.0010189224749281936,,,True
2018H2-E,E,gbm-50k,20260911,2020H1,5,24880,111,auc,0.6715157969548539,0.6205177662262061,0.7225138276835016,True
2018H2-E,E,gbm-50k,20260911,2020H1,5,24880,111,gini,0.3430315939097077,0.24103553245241227,0.44502765536700317,True
2018H2-E,E,gbm-50k,20260911,2020H1,5,24880,111,ks,0.27911924197603877,,,True
2018H2-E,E,gbm-50k,20260911,2020H1,5,24880,111,brier,0.004589407533516775,,,True
2018H2-E,E,gbm-50k,20260911,2020H1,5,24880,111,brier_miscalibration,0.00016206714740987348,,,True
2018H2-E,E,gbm-50k,20260911,2020H1,5,24880,111,brier_discrimination,1.4170182952558466e-05,,,True
2018H2-E,E,gbm-50k,20260911,2020H1,5,24880,111,brier_uncertainty,0.00444151056905946,,,True
2018H2-E,E,gbm-50k,20260911,2020H1,5,24880,111,observed_over_expected,0.7501599746336931,0.6173456194245442,0.9029741729024304,True
2018H2-E,E,gbm-50k,20260911,2020H1,5,24880,111,log_oe,-0.28746879568529665,-0.4823262507665501,-0.10206132741113465,True
2018H2-E,E,gbm-50k,20260911,2020H1,5,24880,111,cox_intercept,-3.240942972503211,-3.867011503517822,-2.6148744414886,True
2018H2-E,E,gbm-50k,20260911,2020H1,5,24880,111,cox_slope,0.36353041755734056,0.2533438475152089,0.47371698759947223,True
2018H2-E,E,gbm-50k,20260911,2020H1,5,24880,111,psi,0.04668592417627668,,,True
2018H2-E,E,gbm-50k,20260911,2020H1,5,24880,111,psi_critical,0.0010184027677122018,,,True
2018H2-E,E,gbm-50k,20260911,2020H2,7,24919,71,auc,0.673328201663296,0.6075222190218745,0.7391341843047174,False
2018H2-E,E,gbm-50k,20260911,2020H2,7,24919,71,gini,0.346656403326592,0.21504443804374906,0.4782683686094349,False
2018H2-E,E,gbm-50k,20260911,2020H2,7,24919,71,ks,0.34258092016360875,,,False
2018H2-E,E,gbm-50k,20260911,2020H2,7,24919,71,brier,0.0029663726362022472,,,False
2018H2-E,E,gbm-50k,20260911,2020H2,7,24919,71,brier_miscalibration,0.0001309116589205384,,,False
2018H2-E,E,gbm-50k,20260911,2020H2,7,24919,71,brier_discrimination,5.65241261288622e-06,,,False
2018H2-E,E,gbm-50k,20260911,2020H2,7,24919,71,brier_uncertainty,0.002841113389894595,,,False
2018H2-E,E,gbm-50k,20260911,2020H2,7,24919,71,observed_over_expected,0.59670477748664,0.46616754947312034,0.7523815122339201,False
2018H2-E,E,gbm-50k,20260911,2020H2,7,24919,71,log_oe,-0.5163327979725949,-0.763210161252885,-0.2845117535824039,False
2018H2-E,E,gbm-50k,20260911,2020H2,7,24919,71,cox_intercept,-3.838435738773485,-4.650727217851909,-3.0261442596950614,False
2018H2-E,E,gbm-50k,20260911,2020H2,7,24919,71,cox_slope,0.32226437177344075,0.18745798090130994,0.45707076264557156,False
2018H2-E,E,gbm-50k,20260911,2020H2,7,24919,71,psi,0.09926304984146199,,,False
2018H2-E,E,gbm-50k,20260911,2020H2,7,24919,71,psi_critical,0.0010173384832140608,,,False
2018H2-E,E,gbm-50k,20260911,2021H1,9,24909,90,auc,0.7154496331215778,0.662738135297632,0.7681611309455236,False
2018H2-E,E,gbm-50k,20260911,2021H1,9,24909,90,gini,0.43089926624315567,0.32547627059526407,0.5363222618910473,False
2018H2-E,E,gbm-50k,20260911,2021H1,9,24909,90,ks,0.3459943322991794,,,False
2018H2-E,E,gbm-50k,20260911,2021H1,9,24909,90,brier,0.0037280952013526067,,,False
2018H2-E,E,gbm-50k,20260911,2021H1,9,24909,90,brier_miscalibration,0.00013999002178006256,,,False
2018H2-E,E,gbm-50k,20260911,2021H1,9,24909,90,brier_discrimination,1.1991826788468243e-05,,,False
2018H2-E,E,gbm-50k,20260911,2021H1,9,24909,90,brier_uncertainty,0.0036000970063610124,,,False
2018H2-E,E,gbm-50k,20260911,2021H1,9,24909,90,observed_over_expected,0.630327416295141,0.5070270638311977,0.7744584480849918,False
2018H2-E,E,gbm-50k,20260911,2021H1,9,24909,90,log_oe,-0.46151588619321376,-0.6791908964779654,-0.25559127055152486,False
2018H2-E,E,gbm-50k,20260911,2021H1,9,24909,90,cox_intercept,-2.9872524483085288,-3.668675841592173,-2.3058290550248843,False
2018H2-E,E,gbm-50k,20260911,2021H1,9,24909,90,cox_slope,0.44794289026410333,0.3234714280311833,0.5724143524970234,False
2018H2-E,E,gbm-50k,20260911,2021H1,9,24909,90,psi,0.05077179669555342,,,False
2018H2-E,E,gbm-50k,20260911,2021H1,9,24909,90,psi_critical,0.001017611058962233,,,False
2018H2-E,E,gbm-50k,20260911,2021H2,11,24929,136,auc,0.7463319817500671,0.7040130525978829,0.7886509109022513,True
2018H2-E,E,gbm-50k,20260911,2021H2,11,24929,136,gini,0.4926639635001342,0.4080261051957659,0.5773018218045025,True
2018H2-E,E,gbm-50k,20260911,2021H2,11,24929,136,ks,0.3809276100227531,,,True
2018H2-E,E,gbm-50k,20260911,2021H2,11,24929,136,brier,0.005519271309486098,,,True
2018H2-E,E,gbm-50k,20260911,2021H2,11,24929,136,brier_miscalibration,0.00014513246814137556,,,True
2018H2-E,E,gbm-50k,20260911,2021H2,11,24929,136,brier_discrimination,5.1592350044872906e-05,,,True
2018H2-E,E,gbm-50k,20260911,2021H2,11,24929,136,brier_uncertainty,0.005425731191389596,,,True
2018H2-E,E,gbm-50k,20260911,2021H2,11,24929,136,observed_over_expected,0.7195863248132516,0.6039888292777431,0.850765005242634,True
2018H2-E,E,gbm-50k,20260911,2021H2,11,24929,136,log_oe,-0.32907878095897025,-0.5041995757916218,-0.16161932809268018,True
2018H2-E,E,gbm-50k,20260911,2021H2,11,24929,136,cox_intercept,-2.1717546745565643,-2.697562367227257,-1.6459469818858716,True
2018H2-E,E,gbm-50k,20260911,2021H2,11,24929,136,cox_slope,0.561124226499576,0.45381539602470566,0.6684330569744464,True
2018H2-E,E,gbm-50k,20260911,2021H2,11,24929,136,psi,0.020599859577104404,,,True
2018H2-E,E,gbm-50k,20260911,2021H2,11,24929,136,psi_critical,0.0010170661261475434,,,True
2018H2-E,E,gbm-50k,20260911,2022H1,13,24889,291,auc,0.757571998282206,0.731980239089503,0.783163757474909,True
2018H2-E,E,gbm-50k,20260911,2022H1,13,24889,291,gini,0.515143996564412,0.4639604781790061,0.5663275149498179,True
2018H2-E,E,gbm-50k,20260911,2022H1,13,24889,291,ks,0.42094571430247874,,,True
2018H2-E,E,gbm-50k,20260911,2022H1,13,24889,291,brier,0.011627438467124015,,,True
2018H2-E,E,gbm-50k,20260911,2022H1,13,24889,291,brier_miscalibration,0.00022405401442354006,,,True
2018H2-E,E,gbm-50k,20260911,2022H1,13,24889,291,brier_discrimination,0.00015182682866493429,,,True
2018H2-E,E,gbm-50k,20260911,2022H1,13,24889,291,brier_uncertainty,0.01155521128136541,,,True
2018H2-E,E,gbm-50k,20260911,2022H1,13,24889,291,observed_over_expected,1.2025843809980703,1.0690460574998857,1.3480344911451279,True
2018H2-E,E,gbm-50k,20260911,2022H1,13,24889,291,log_oe,0.1844728918440547,0.0667667157732434,0.29864759906568994,True
2018H2-E,E,gbm-50k,20260911,2022H1,13,24889,291,cox_intercept,-1.5042503522306399,-1.8575994948624657,-1.150901209598814,True
2018H2-E,E,gbm-50k,20260911,2022H1,13,24889,291,cox_slope,0.5731241963687387,0.4973558011220786,0.6488925916153988,True
2018H2-E,E,gbm-50k,20260911,2022H1,13,24889,291,psi,0.07122338868420443,,,True
2018H2-E,E,gbm-50k,20260911,2022H1,13,24889,291,psi_critical,0.0010181568675578935,,,True
2018H2-E,E,gbm-50k,20260911,2022H2,15,24859,373,auc,0.7645593400310381,0.7417762498877994,0.7873424301742767,True
2018H2-E,E,gbm-50k,20260911,2022H2,15,24859,373,gini,0.5291186800620762,0.4835524997755989,0.5746848603485535,True
2018H2-E,E,gbm-50k,20260911,2022H2,15,24859,373,ks,0.41441911655377184,,,True
2018H2-E,E,gbm-50k,20260911,2022H2,15,24859,373,brier,0.014640278529768286,,,True
2018H2-E,E,gbm-50k,20260911,2022H2,15,24859,373,brier_miscalibration,0.00014360536691187045,,,True
2018H2-E,E,gbm-50k,20260911,2022H2,15,24859,373,brier_discrimination,0.00028281412416234983,,,True
2018H2-E,E,gbm-50k,20260911,2022H2,15,24859,373,brier_uncertainty,0.014779487287018766,,,True
2018H2-E,E,gbm-50k,20260911,2022H2,15,24859,373,observed_over_expected,1.5614515310231327,1.4080123322955675,1.7268485848061972,True
2018H2-E,E,gbm-50k,20260911,2022H2,15,24859,373,log_oe,0.44561585724844316,0.3421790164301406,0.5462981200493853,True
2018H2-E,E,gbm-50k,20260911,2022H2,15,24859,373,cox_intercept,-1.017939529661167,-1.3411661861140753,-0.6947128732082588,True
2018H2-E,E,gbm-50k,20260911,2022H2,15,24859,373,cox_slope,0.6279709755828823,0.5574266642581428,0.6985152869076218,True
2018H2-E,E,gbm-50k,20260911,2022H2,15,24859,373,psi,0.11765429374665805,,,True
2018H2-E,E,gbm-50k,20260911,2022H2,15,24859,373,psi_critical,0.001018977227164634,,,True
2018H2-E,E,gbm-50k,20260911,2023H1,17,24882,381,auc,0.7592456186640194,0.7367964828148768,0.7816947545131621,True
2018H2-E,E,gbm-50k,20260911,2023H1,17,24882,381,gini,0.5184912373280388,0.4735929656297535,0.5633895090263241,True
2018H2-E,E,gbm-50k,20260911,2023H1,17,24882,381,ks,0.42318118463427656,,,True
2018H2-E,E,gbm-50k,20260911,2023H1,17,24882,381,brier,0.015000397855278551,,,True
2018H2-E,E,gbm-50k,20260911,2023H1,17,24882,381,brier_miscalibration,0.00018823630546092353,,,True
2018H2-E,E,gbm-50k,20260911,2023H1,17,24882,381,brier_discrimination,0.00026564665014784314,,,True
2018H2-E,E,gbm-50k,20260911,2023H1,17,24882,381,brier_uncertainty,0.015077808199965471,,,True
2018H2-E,E,gbm-50k,20260911,2023H1,17,24882,381,observed_over_expected,1.5521637372287242,1.4012275495563336,1.7147276146076231,True
2018H2-E,E,gbm-50k,20260911,2023H1,17,24882,381,log_oe,0.43964991698791367,0.33734867354980563,0.5392542427021519,True
2018H2-E,E,gbm-50k,20260911,2023H1,17,24882,381,cox_intercept,-1.1709768978316708,-1.4823617361245482,-0.8595920595387934,True
2018H2-E,E,gbm-50k,20260911,2023H1,17,24882,381,cox_slope,0.5885156241217093,0.5212935033738392,0.6557377448695795,True
2018H2-E,E,gbm-50k,20260911,2023H1,17,24882,381,psi,0.09221792883637786,,,True
2018H2-E,E,gbm-50k,20260911,2023H1,17,24882,381,psi_critical,0.0010183481078604518,,,True
2018H2-E,E,gbm-50k,20260911,2023H2,19,24866,363,auc,0.792818645133575,0.7712574368980284,0.8143798533691217,True
2018H2-E,E,gbm-50k,20260911,2023H2,19,24866,363,gini,0.5856372902671501,0.5425148737960568,0.6287597067382433,True
2018H2-E,E,gbm-50k,20260911,2023H2,19,24866,363,ks,0.49101785366361506,,,True
2018H2-E,E,gbm-50k,20260911,2023H2,19,24866,363,brier,0.014212840773958704,,,True
2018H2-E,E,gbm-50k,20260911,2023H2,19,24866,363,brier_miscalibration,0.0001675187662719714,,,True
2018H2-E,E,gbm-50k,20260911,2023H2,19,24866,363,brier_discrimination,0.00033981579025229615,,,True
2018H2-E,E,gbm-50k,20260911,2023H2,19,24866,363,brier_uncertainty,0.014385137797939028,,,True
2018H2-E,E,gbm-50k,20260911,2023H2,19,24866,363,observed_over_expected,1.5418149397755676,1.388257964583073,1.7075176253600273,True
2018H2-E,E,gbm-50k,20260911,2023H2,19,24866,363,log_oe,0.4329602548232726,0.3280496982620187,0.5350406347287293,True
2018H2-E,E,gbm-50k,20260911,2023H2,19,24866,363,cox_intercept,-0.8382899057578255,-1.1492939321588074,-0.5272858793568436,True
2018H2-E,E,gbm-50k,20260911,2023H2,19,24866,363,cox_slope,0.6682516652085289,0.5991404279192019,0.7373629024978559,True
2018H2-E,E,gbm-50k,20260911,2023H2,19,24866,363,psi,0.06714562789543435,,,True
2018H2-E,E,gbm-50k,20260911,2023H2,19,24866,363,psi_critical,0.0010187856328701956,,,True
2018H2-E,E,gbm-50k,20260912,2019H1,1,24752,110,auc,0.707734392869528,0.6596078727613542,0.7558609129777017,True
2018H2-E,E,gbm-50k,20260912,2019H1,1,24752,110,gini,0.415468785739056,0.3192157455227085,0.5117218259554035,True
2018H2-E,E,gbm-50k,20260912,2019H1,1,24752,110,ks,0.32482826807151133,,,True
2018H2-E,E,gbm-50k,20260912,2019H1,1,24752,110,brier,0.00456547707666619,,,True
2018H2-E,E,gbm-50k,20260912,2019H1,1,24752,110,brier_miscalibration,0.0001664910722405724,,,True
2018H2-E,E,gbm-50k,20260912,2019H1,1,24752,110,brier_discrimination,2.5349427623985732e-05,,,True
2018H2-E,E,gbm-50k,20260912,2019H1,1,24752,110,brier_uncertainty,0.004424335432049603,,,True
2018H2-E,E,gbm-50k,20260912,2019H1,1,24752,110,observed_over_expected,0.4577338858877628,0.376343081632789,0.551441283001167,True
2018H2-E,E,gbm-50k,20260912,2019H1,1,24752,110,log_oe,-0.7814672989138639,-0.977254100471707,-0.5952199137696136,True
2018H2-E,E,gbm-50k,20260912,2019H1,1,24752,110,cox_intercept,-2.306979461002297,-3.0044109777652013,-1.6095479442393923,True
2018H2-E,E,gbm-50k,20260912,2019H1,1,24752,110,cox_slope,0.6359170810588783,0.4830553366800149,0.7887788254377418,True
2018H2-E,E,gbm-50k,20260912,2019H1,1,24752,110,psi,0.06775079577870927,,,True
2018H2-E,E,gbm-50k,20260912,2019H1,1,24752,110,psi_critical,0.0010219193712836033,,,True
2018H2-E,E,gbm-50k,20260912,2019H2,3,24861,136,auc,0.7037242015107357,0.6598514600393235,0.7475969429821478,True
2018H2-E,E,gbm-50k,20260912,2019H2,3,24861,136,gini,0.40744840302147134,0.319702920078647,0.4951938859642957,True
2018H2-E,E,gbm-50k,20260912,2019H2,3,24861,136,ks,0.31708439897698215,,,True
2018H2-E,E,gbm-50k,20260912,2019H2,3,24861,136,brier,0.005521621939953817,,,True
2018H2-E,E,gbm-50k,20260912,2019H2,3,24861,136,brier_miscalibration,0.00010717526118660288,,,True
2018H2-E,E,gbm-50k,20260912,2019H2,3,24861,136,brier_discrimination,2.604338561506235e-05,,,True
2018H2-E,E,gbm-50k,20260912,2019H2,3,24861,136,brier_uncertainty,0.0054404900643822765,,,True
2018H2-E,E,gbm-50k,20260912,2019H2,3,24861,136,observed_over_expected,0.6406246023220231,0.5377124815719404,0.757407733870643,True
2018H2-E,E,gbm-50k,20260912,2019H2,3,24861,136,log_oe,-0.4453116374211792,-0.6204312825440833,-0.2778535524883564,True
2018H2-E,E,gbm-50k,20260912,2019H2,3,24861,136,cox_intercept,-2.235778797306224,-2.895587493952922,-1.575970100659526,True
2018H2-E,E,gbm-50k,20260912,2019H2,3,24861,136,cox_slope,0.5878327046196662,0.4492590462659506,0.7264063629733818,True
2018H2-E,E,gbm-50k,20260912,2019H2,3,24861,136,psi,0.05243628967447705,,,True
2018H2-E,E,gbm-50k,20260912,2019H2,3,24861,136,psi_critical,0.0010189224749281936,,,True
2018H2-E,E,gbm-50k,20260912,2020H1,5,24880,111,auc,0.637464223479,0.5874770358978444,0.6874514110601556,True
2018H2-E,E,gbm-50k,20260912,2020H1,5,24880,111,gini,0.274928446958,0.17495407179568878,0.37490282212031123,True
2018H2-E,E,gbm-50k,20260912,2020H1,5,24880,111,ks,0.2338326860915581,,,True
2018H2-E,E,gbm-50k,20260912,2020H1,5,24880,111,brier,0.0045617143610077885,,,True
2018H2-E,E,gbm-50k,20260912,2020H1,5,24880,111,brier_miscalibration,0.00012628035086125183,,,True
2018H2-E,E,gbm-50k,20260912,2020H1,5,24880,111,brier_discrimination,6.07655891292358e-06,,,True
2018H2-E,E,gbm-50k,20260912,2020H1,5,24880,111,brier_uncertainty,0.00444151056905946,,,True
2018H2-E,E,gbm-50k,20260912,2020H1,5,24880,111,observed_over_expected,0.6227053989016991,0.512456626857083,0.7495559767897604,True
2018H2-E,E,gbm-50k,20260912,2020H1,5,24880,111,log_oe,-0.47368174699244997,-0.6685392020737033,-0.288274278718288,True
2018H2-E,E,gbm-50k,20260912,2020H1,5,24880,111,cox_intercept,-3.444055468221722,-4.21751632051416,-2.670594615929284,True
2018H2-E,E,gbm-50k,20260912,2020H1,5,24880,111,cox_slope,0.36200700208560943,0.21575846363934334,0.5082555405318755,True
2018H2-E,E,gbm-50k,20260912,2020H1,5,24880,111,psi,0.05587401317441998,,,True
2018H2-E,E,gbm-50k,20260912,2020H1,5,24880,111,psi_critical,0.0010184027677122018,,,True
2018H2-E,E,gbm-50k,20260912,2020H2,7,24919,71,auc,0.6672008062541379,0.5991992790177375,0.7352023334905383,False
2018H2-E,E,gbm-50k,20260912,2020H2,7,24919,71,gini,0.3344016125082758,0.19839855803547501,0.47040466698107664,False
2018H2-E,E,gbm-50k,20260912,2020H2,7,24919,71,ks,0.3293931327825291,,,False
2018H2-E,E,gbm-50k,20260912,2020H2,7,24919,71,brier,0.0029275925724950693,,,False
2018H2-E,E,gbm-50k,20260912,2020H2,7,24919,71,brier_miscalibration,9.244511096277589e-05,,,False
2018H2-E,E,gbm-50k,20260912,2020H2,7,24919,71,brier_discrimination,5.965928362301667e-06,,,False
2018H2-E,E,gbm-50k,20260912,2020H2,7,24919,71,brier_uncertainty,0.002841113389894595,,,False
2018H2-E,E,gbm-50k,20260912,2020H2,7,24919,71,observed_over_expected,0.47020971737482425,0.36734499195790005,0.5928846417414103,False
2018H2-E,E,gbm-50k,20260912,2020H2,7,24919,71,log_oe,-0.7545764766183761,-1.001453839898666,-0.5227554322281849,False
2018H2-E,E,gbm-50k,20260912,2020H2,7,24919,71,cox_intercept,-3.355810171929851,-4.325993178804852,-2.38562716505485,False
2018H2-E,E,gbm-50k,20260912,2020H2,7,24919,71,cox_slope,0.45293786880188075,0.27028076005136414,0.6355949775523974,False
2018H2-E,E,gbm-50k,20260912,2020H2,7,24919,71,psi,0.0998468354605555,,,False
2018H2-E,E,gbm-50k,20260912,2020H2,7,24919,71,psi_critical,0.0010173384832140608,,,False
2018H2-E,E,gbm-50k,20260912,2021H1,9,24909,90,auc,0.741827273907535,0.6949795643779093,0.7886749834371607,False
2018H2-E,E,gbm-50k,20260912,2021H1,9,24909,90,gini,0.48365454781507,0.3899591287558186,0.5773499668743214,False
2018H2-E,E,gbm-50k,20260912,2021H1,9,24909,90,ks,0.4050942154532146,,,False
2018H2-E,E,gbm-50k,20260912,2021H1,9,24909,90,brier,0.003657775391004429,,,False
2018H2-E,E,gbm-50k,20260912,2021H1,9,24909,90,brier_miscalibration,7.682564143143139e-05,,,False
2018H2-E,E,gbm-50k,20260912,2021H1,9,24909,90,brier_discrimination,1.9147256788014638e-05,,,False
2018H2-E,E,gbm-50k,20260912,2021H1,9,24909,90,brier_uncertainty,0.0036000970063610124,,,False
2018H2-E,E,gbm-50k,20260912,2021H1,9,24909,90,observed_over_expected,0.5315013209974285,0.4275326556342373,0.6530347206443805,False
2018H2-E,E,gbm-50k,20260912,2021H1,9,24909,90,log_oe,-0.6320495957894346,-0.8497246060741864,-0.42612498014774575,False
2018H2-E,E,gbm-50k,20260912,2021H1,9,24909,90,cox_intercept,-2.032705342852835,-2.842457544485569,-1.2229531412201011,False
2018H2-E,E,gbm-50k,20260912,2021H1,9,24909,90,cox_slope,0.6875741959737239,0.5199715296752982,0.8551768622721496,False
2018H2-E,E,gbm-50k,20260912,2021H1,9,24909,90,psi,0.06124047986958599,,,False
2018H2-E,E,gbm-50k,20260912,2021H1,9,24909,90,psi_critical,0.001017611058962233,,,False
2018H2-E,E,gbm-50k,20260912,2021H2,11,24929,136,auc,0.761154417399598,0.7215048122544794,0.8008040225447166,True
2018H2-E,E,gbm-50k,20260912,2021H2,11,24929,136,gini,0.522308834799196,0.44300962450895875,0.6016080450894332,True
2018H2-E,E,gbm-50k,20260912,2021H2,11,24929,136,ks,0.4024947150642615,,,True
2018H2-E,E,gbm-50k,20260912,2021H2,11,24929,136,brier,0.005454047374947237,,,True
2018H2-E,E,gbm-50k,20260912,2021H2,11,24929,136,brier_miscalibration,7.63599331083083e-05,,,True
2018H2-E,E,gbm-50k,20260912,2021H2,11,24929,136,brier_discrimination,4.8043749550666544e-05,,,True
2018H2-E,E,gbm-50k,20260912,2021H2,11,24929,136,brier_uncertainty,0.005425731191389596,,,True
2018H2-E,E,gbm-50k,20260912,2021H2,11,24929,136,observed_over_expected,0.6598171775458856,0.5538212593280027,0.7801001007901142,True
2018H2-E,E,gbm-50k,20260912,2021H2,11,24929,136,log_oe,-0.4157924860526373,-0.5909132808852889,-0.24833303318634717,True
2018H2-E,E,gbm-50k,20260912,2021H2,11,24929,136,cox_intercept,-1.353921224463482,-1.992566132332984,-0.7152763165939799,True
2018H2-E,E,gbm-50k,20260912,2021H2,11,24929,136,cox_slope,0.7791625291255647,0.6375660935623757,0.9207589646887537,True
2018H2-E,E,gbm-50k,20260912,2021H2,11,24929,136,psi,0.03362364808754117,,,True
2018H2-E,E,gbm-50k,20260912,2021H2,11,24929,136,psi_critical,0.0010170661261475434,,,True
2018H2-E,E,gbm-50k,20260912,2022H1,13,24889,291,auc,0.7302475350020076,0.7027291318352697,0.7577659381687454,True
2018H2-E,E,gbm-50k,20260912,2022H1,13,24889,291,gini,0.46049507000401513,0.4054582636705395,0.5155318763374908,True
2018H2-E,E,gbm-50k,20260912,2022H1,13,24889,291,ks,0.35265278740567574,,,True
2018H2-E,E,gbm-50k,20260912,2022H1,13,24889,291,brier,0.011531636984762754,,,True
2018H2-E,E,gbm-50k,20260912,2022H1,13,24889,291,brier_miscalibration,9.412960659718576e-05,,,True
2018H2-E,E,gbm-50k,20260912,2022H1,13,24889,291,brier_discrimination,0.00011770390319984156,,,True
2018H2-E,E,gbm-50k,20260912,2022H1,13,24889,291,brier_uncertainty,0.01155521128136541,,,True
2018H2-E,E,gbm-50k,20260912,2022H1,13,24889,291,observed_over_expected,1.2145216943638932,1.0796578182981444,1.361415598037088,True
2018H2-E,E,gbm-50k,20260912,2022H1,13,24889,291,log_oe,0.19435033209503008,0.07664415602421872,0.30852503931666514,True
2018H2-E,E,gbm-50k,20260912,2022H1,13,24889,291,cox_intercept,-1.2202767201491946,-1.660032802361301,-0.7805206379370884,True
2018H2-E,E,gbm-50k,20260912,2022H1,13,24889,291,cox_slope,0.659239873608158,0.562698125352861,0.7557816218634549,True
2018H2-E,E,gbm-50k,20260912,2022H1,13,24889,291,psi,0.06127564989943801,,,True
2018H2-E,E,gbm-50k,20260912,2022H1,13,24889,291,psi_critical,0.0010181568675578935,,,True
2018H2-E,E,gbm-50k,20260912,2022H2,15,24859,373,auc,0.7596825586607568,0.7367405085672728,0.7826246087542409,True
2018H2-E,E,gbm-50k,20260912,2022H2,15,24859,373,gini,0.5193651173215137,0.4734810171345456,0.5652492175084818,True
2018H2-E,E,gbm-50k,20260912,2022H2,15,24859,373,ks,0.4015231990091619,,,True
2018H2-E,E,gbm-50k,20260912,2022H2,15,24859,373,brier,0.014579441404060735,,,True
2018H2-E,E,gbm-50k,20260912,2022H2,15,24859,373,brier_miscalibration,8.489784377977393e-05,,,True
2018H2-E,E,gbm-50k,20260912,2022H2,15,24859,373,brier_discrimination,0.00028494372673780466,,,True
2018H2-E,E,gbm-50k,20260912,2022H2,15,24859,373,brier_uncertainty,0.014779487287018766,,,True
2018H2-E,E,gbm-50k,20260912,2022H2,15,24859,373,observed_over_expected,1.5367437307390477,1.3857324940728004,1.69952360602425,True
2018H2-E,E,gbm-50k,20260912,2022H2,15,24859,373,log_oe,0.4296657172385329,0.32622887642023046,0.5303479800394751,True
2018H2-E,E,gbm-50k,20260912,2022H2,15,24859,373,cox_intercept,-0.372264383442451,-0.7682356965538046,0.023706929668902643,True
2018H2-E,E,gbm-50k,20260912,2022H2,15,24859,373,cox_slope,0.8007302949549446,0.7102343326058989,0.8912262573039904,True
2018H2-E,E,gbm-50k,20260912,2022H2,15,24859,373,psi,0.0840017147555148,,,True
2018H2-E,E,gbm-50k,20260912,2022H2,15,24859,373,psi_critical,0.001018977227164634,,,True
2018H2-E,E,gbm-50k,20260912,2023H1,17,24882,381,auc,0.751371388665801,0.7286513368189647,0.7740914405126373,True
2018H2-E,E,gbm-50k,20260912,2023H1,17,24882,381,gini,0.502742777331602,0.4573026736379293,0.5481828810252747,True
2018H2-E,E,gbm-50k,20260912,2023H1,17,24882,381,ks,0.37349110288604637,,,True
2018H2-E,E,gbm-50k,20260912,2023H1,17,24882,381,brier,0.014931683541181684,,,True
2018H2-E,E,gbm-50k,20260912,2023H1,17,24882,381,brier_miscalibration,0.00010822157085541365,,,True
2018H2-E,E,gbm-50k,20260912,2023H1,17,24882,381,brier_discrimination,0.0002543462296392008,,,True
2018H2-E,E,gbm-50k,20260912,2023H1,17,24882,381,brier_uncertainty,0.015077808199965471,,,True
2018H2-E,E,gbm-50k,20260912,2023H1,17,24882,381,observed_over_expected,1.4750892241215983,1.3316479500952805,1.6295808012674329,True
2018H2-E,E,gbm-50k,20260912,2023H1,17,24882,381,log_oe,0.38871847889217775,0.28641723545406966,0.4883228046064159,True
2018H2-E,E,gbm-50k,20260912,2023H1,17,24882,381,cox_intercept,-0.7376271556759717,-1.1008124567987616,-0.37444185455318174,True
2018H2-E,E,gbm-50k,20260912,2023H1,17,24882,381,cox_slope,0.7164774000974958,0.6340061940416605,0.7989486061533312,True
2018H2-E,E,gbm-50k,20260912,2023H1,17,24882,381,psi,0.046530230342564316,,,True
2018H2-E,E,gbm-50k,20260912,2023H1,17,24882,381,psi_critical,0.0010183481078604518,,,True
2018H2-E,E,gbm-50k,20260912,2023H2,19,24866,363,auc,0.7948870937150665,0.7736433304077494,0.8161308570223836,True
2018H2-E,E,gbm-50k,20260912,2023H2,19,24866,363,gini,0.589774187430133,0.5472866608154987,0.6322617140447673,True
2018H2-E,E,gbm-50k,20260912,2023H2,19,24866,363,ks,0.4606737871755513,,,True
2018H2-E,E,gbm-50k,20260912,2023H2,19,24866,363,brier,0.014126171570650915,,,True
2018H2-E,E,gbm-50k,20260912,2023H2,19,24866,363,brier_miscalibration,0.00012996816680087807,,,True
2018H2-E,E,gbm-50k,20260912,2023H2,19,24866,363,brier_discrimination,0.0003889343940889911,,,True
2018H2-E,E,gbm-50k,20260912,2023H2,19,24866,363,brier_uncertainty,0.014385137797939028,,,True
2018H2-E,E,gbm-50k,20260912,2023H2,19,24866,363,observed_over_expected,1.4406564474068408,1.2971743467679915,1.5954873782672137,True
2018H2-E,E,gbm-50k,20260912,2023H2,19,24866,363,log_oe,0.3650988759672064,0.26018831940595255,0.4671792558726633,True
2018H2-E,E,gbm-50k,20260912,2023H2,19,24866,363,cox_intercept,-0.2959747552328395,-0.6508215947458634,0.05887208428018442,True
2018H2-E,E,gbm-50k,20260912,2023H2,19,24866,363,cox_slope,0.8276567689276708,0.7441635776016914,0.9111499602536502,True
2018H2-E,E,gbm-50k,20260912,2023H2,19,24866,363,psi,0.0216153262313855,,,True
2018H2-E,E,gbm-50k,20260912,2023H2,19,24866,363,psi_critical,0.0010187856328701956,,,True
2018H2-E,E,gbm-50k,20260913,2019H1,1,24752,110,auc,0.6979923412355845,0.649588103201984,0.746396579269185,True
2018H2-E,E,gbm-50k,20260913,2019H1,1,24752,110,gini,0.395984682471169,0.299176206403968,0.49279315853837,True
2018H2-E,E,gbm-50k,20260913,2019H1,1,24752,110,ks,0.296946823973851,,,True
2018H2-E,E,gbm-50k,20260913,2019H1,1,24752,110,brier,0.0045847717766162675,,,True
2018H2-E,E,gbm-50k,20260913,2019H1,1,24752,110,brier_miscalibration,0.00017898466517930062,,,True
2018H2-E,E,gbm-50k,20260913,2019H1,1,24752,110,brier_discrimination,1.854832061263644e-05,,,True
2018H2-E,E,gbm-50k,20260913,2019H1,1,24752,110,brier_uncertainty,0.004424335432049603,,,True
2018H2-E,E,gbm-50k,20260913,2019H1,1,24752,110,observed_over_expected,0.4827404213062063,0.39690314259940074,0.5815671626873868,True
2018H2-E,E,gbm-50k,20260913,2019H1,1,24752,110,log_oe,-0.7282761998046885,-0.9240630013625316,-0.5420288146604382,True
2018H2-E,E,gbm-50k,20260913,2019H1,1,24752,110,cox_intercept,-2.688625156523946,-3.35949550508954,-2.017754807958352,True
2018H2-E,E,gbm-50k,20260913,2019H1,1,24752,110,cox_slope,0.5375435091808155,0.3966289215559071,0.6784580968057239,True
2018H2-E,E,gbm-50k,20260913,2019H1,1,24752,110,psi,0.055620181797539435,,,True
2018H2-E,E,gbm-50k,20260913,2019H1,1,24752,110,psi_critical,0.0010219193712836033,,,True
2018H2-E,E,gbm-50k,20260913,2019H2,3,24861,136,auc,0.6844968179384999,0.6412273659156068,0.727766269961393,True
2018H2-E,E,gbm-50k,20260913,2019H2,3,24861,136,gini,0.36899363587699985,0.2824547318312136,0.4555325399227861,True
2018H2-E,E,gbm-50k,20260913,2019H2,3,24861,136,ks,0.30612531969309464,,,True
2018H2-E,E,gbm-50k,20260913,2019H2,3,24861,136,brier,0.005577765247724166,,,True
2018H2-E,E,gbm-50k,20260913,2019H2,3,24861,136,brier_miscalibration,0.00015454752305451517,,,True
2018H2-E,E,gbm-50k,20260913,2019H2,3,24861,136,brier_discrimination,1.7272339712625685e-05,,,True
2018H2-E,E,gbm-50k,20260913,2019H2,3,24861,136,brier_uncertainty,0.0054404900643822765,,,True
2018H2-E,E,gbm-50k,20260913,2019H2,3,24861,136,observed_over_expected,0.6817726129184193,0.5722503354247881,0.8060568512260133,True
2018H2-E,E,gbm-50k,20260913,2019H2,3,24861,136,log_oe,-0.3830590888759413,-0.5581787339988453,-0.21560100394311865,True
2018H2-E,E,gbm-50k,20260913,2019H2,3,24861,136,cox_intercept,-2.76454918157759,-3.3849865684065366,-2.1441117947486434,True
2018H2-E,E,gbm-50k,20260913,2019H2,3,24861,136,cox_slope,0.4604264159165266,0.33748586927731344,0.5833669625557398,True
2018H2-E,E,gbm-50k,20260913,2019H2,3,24861,136,psi,0.04304686430423733,,,True
2018H2-E,E,gbm-50k,20260913,2019H2,3,24861,136,psi_critical,0.0010189224749281936,,,True
2018H2-E,E,gbm-50k,20260913,2020H1,5,24880,111,auc,0.6835564216968392,0.6345627479162539,0.7325500954774244,True
2018H2-E,E,gbm-50k,20260913,2020H1,5,24880,111,gini,0.36711284339367833,0.2691254958325078,0.4651001909548489,True
2018H2-E,E,gbm-50k,20260913,2020H1,5,24880,111,ks,0.30753095539723985,,,True
2018H2-E,E,gbm-50k,20260913,2020H1,5,24880,111,brier,0.004547907845961608,,,True
2018H2-E,E,gbm-50k,20260913,2020H1,5,24880,111,brier_miscalibration,0.0001185750931818495,,,True
2018H2-E,E,gbm-50k,20260913,2020H1,5,24880,111,brier_discrimination,1.2177816279701319e-05,,,True
2018H2-E,E,gbm-50k,20260913,2020H1,5,24880,111,brier_uncertainty,0.00444151056905946,,,True
2018H2-E,E,gbm-50k,20260913,2020H1,5,24880,111,observed_over_expected,0.6851513195843674,0.5638466195092535,0.8247226818743622,True
2018H2-E,E,gbm-50k,20260913,2020H1,5,24880,111,log_oe,-0.3781155606129926,-0.5729730156942459,-0.1927080923388307,True
2018H2-E,E,gbm-50k,20260913,2020H1,5,24880,111,cox_intercept,-2.93780346464837,-3.640162572638544,-2.2354443566581965,True
2018H2-E,E,gbm-50k,20260913,2020H1,5,24880,111,cox_slope,0.44536309260351326,0.31270905232117474,0.5780171328858518,True
2018H2-E,E,gbm-50k,20260913,2020H1,5,24880,111,psi,0.06404593849928947,,,True
2018H2-E,E,gbm-50k,20260913,2020H1,5,24880,111,psi_critical,0.0010184027677122018,,,True
2018H2-E,E,gbm-50k,20260913,2020H2,7,24919,71,auc,0.6956878100541433,0.6352860864887179,0.7560895336195687,False
2018H2-E,E,gbm-50k,20260913,2020H2,7,24919,71,gini,0.3913756201082865,0.27057217297743574,0.5121790672391373,False
2018H2-E,E,gbm-50k,20260913,2020H2,7,24919,71,ks,0.3054464099471264,,,False
2018H2-E,E,gbm-50k,20260913,2020H2,7,24919,71,brier,0.0029028425956038255,,,False
2018H2-E,E,gbm-50k,20260913,2020H2,7,24919,71,brier_miscalibration,7.427087417791233e-05,,,False
2018H2-E,E,gbm-50k,20260913,2020H2,7,24919,71,brier_discrimination,1.2541668468681912e-05,,,False
2018H2-E,E,gbm-50k,20260913,2020H2,7,24919,71,brier_uncertainty,0.002841113389894595,,,False
2018H2-E,E,gbm-50k,20260913,2020H2,7,24919,71,observed_over_expected,0.5350034012548599,0.4179641825112529,0.6745826131674213,False
2018H2-E,E,gbm-50k,20260913,2020H2,7,24919,71,log_oe,-0.6254821746206198,-0.8723595379009099,-0.3936611302304287,False
2018H2-E,E,gbm-50k,20260913,2020H2,7,24919,71,cox_intercept,-2.9127259869839133,-3.8053342127921574,-2.020117761175669,False
2018H2-E,E,gbm-50k,20260913,2020H2,7,24919,71,cox_slope,0.5187387605398249,0.35206763869648716,0.6854098823831627,False
2018H2-E,E,gbm-50k,20260913,2020H2,7,24919,71,psi,0.12555227603621633,,,False
2018H2-E,E,gbm-50k,20260913,2020H2,7,24919,71,psi_critical,0.0010173384832140608,,,False
2018H2-E,E,gbm-50k,20260913,2021H1,9,24909,90,auc,0.7310810266328217,0.6825107017063854,0.779651351559258,False
2018H2-E,E,gbm-50k,20260913,2021H1,9,24909,90,gini,0.4621620532656434,0.3650214034127708,0.559302703118516,False
2018H2-E,E,gbm-50k,20260913,2021H1,9,24909,90,ks,0.3700659441019649,,,False
2018H2-E,E,gbm-50k,20260913,2021H1,9,24909,90,brier,0.003670115963860158,,,False
2018H2-E,E,gbm-50k,20260913,2021H1,9,24909,90,brier_miscalibration,8.423555028050974e-05,,,False
2018H2-E,E,gbm-50k,20260913,2021H1,9,24909,90,brier_discrimination,1.421659278136398e-05,,,False
2018H2-E,E,gbm-50k,20260913,2021H1,9,24909,90,brier_uncertainty,0.0036000970063610124,,,False
2018H2-E,E,gbm-50k,20260913,2021H1,9,24909,90,observed_over_expected,0.5943494442335803,0.4780868574156281,0.7302537321108497,False
2018H2-E,E,gbm-50k,20260913,2021H1,9,24909,90,log_oe,-0.5202878426386695,-0.7379628529234212,-0.3143632269969806,False
2018H2-E,E,gbm-50k,20260913,2021H1,9,24909,90,cox_intercept,-2.3603527507695174,-3.129919241865223,-1.5907862596738118,False
2018H2-E,E,gbm-50k,20260913,2021H1,9,24909,90,cox_slope,0.5970095816215113,0.44536943943539864,0.748649723807624,False
2018H2-E,E,gbm-50k,20260913,2021H1,9,24909,90,psi,0.07978517431088178,,,False
2018H2-E,E,gbm-50k,20260913,2021H1,9,24909,90,psi_critical,0.001017611058962233,,,False
2018H2-E,E,gbm-50k,20260913,2021H2,11,24929,136,auc,0.7634181611982509,0.7254597446657837,0.8013765777307181,True
2018H2-E,E,gbm-50k,20260913,2021H2,11,24929,136,gini,0.5268363223965018,0.45091948933156734,0.6027531554614363,True
2018H2-E,E,gbm-50k,20260913,2021H2,11,24929,136,ks,0.4031471762665458,,,True
2018H2-E,E,gbm-50k,20260913,2021H2,11,24929,136,brier,0.0054449193600131455,,,True
2018H2-E,E,gbm-50k,20260913,2021H2,11,24929,136,brier_miscalibration,7.791530607786055e-05,,,True
2018H2-E,E,gbm-50k,20260913,2021H2,11,24929,136,brier_discrimination,5.872713745431069e-05,,,True
2018H2-E,E,gbm-50k,20260913,2021H2,11,24929,136,brier_uncertainty,0.005425731191389596,,,True
2018H2-E,E,gbm-50k,20260913,2021H2,11,24929,136,observed_over_expected,0.7450596645807787,0.6253700202946454,0.8808820673567478,True
2018H2-E,E,gbm-50k,20260913,2021H2,11,24929,136,log_oe,-0.294290977123736,-0.4694117719563876,-0.1268315242574459,True
2018H2-E,E,gbm-50k,20260913,2021H2,11,24929,136,cox_intercept,-1.5074566138737635,-2.1217971089713226,-0.8931161187762047,True
2018H2-E,E,gbm-50k,20260913,2021H2,11,24929,136,cox_slope,0.7189306566092127,0.5877675273700824,0.850093785848343,True
2018H2-E,E,gbm-50k,20260913,2021H2,11,24929,136,psi,0.045456838125677405,,,True
2018H2-E,E,gbm-50k,20260913,2021H2,11,24929,136,psi_critical,0.0010170661261475434,,,True
2018H2-E,E,gbm-50k,20260913,2022H1,13,24889,291,auc,0.7608458095523091,0.7345165245129369,0.7871750945916812,True
2018H2-E,E,gbm-50k,20260913,2022H1,13,24889,291,gini,0.5216916191046181,0.46903304902587384,0.5743501891833624,True
2018H2-E,E,gbm-50k,20260913,2022H1,13,24889,291,ks,0.43008818921662395,,,True
2018H2-E,E,gbm-50k,20260913,2022H1,13,24889,291,brier,0.011524179782979607,,,True
2018H2-E,E,gbm-50k,20260913,2022H1,13,24889,291,brier_miscalibration,0.00012838520836135243,,,True
2018H2-E,E,gbm-50k,20260913,2022H1,13,24889,291,brier_discrimination,0.00015941670674715462,,,True
2018H2-E,E,gbm-50k,20260913,2022H1,13,24889,291,brier_uncertainty,0.01155521128136541,,,True
2018H2-E,E,gbm-50k,20260913,2022H1,13,24889,291,observed_over_expected,1.3144257637486907,1.168468261200599,1.4734028593589854,True
2018H2-E,E,gbm-50k,20260913,2022H1,13,24889,291,log_oe,0.2733998886966383,0.15569371262582696,0.38757459591827353,True
2018H2-E,E,gbm-50k,20260913,2022H1,13,24889,291,cox_intercept,-0.971006834069581,-1.3919164773654575,-0.5500971907737043,True
2018H2-E,E,gbm-50k,20260913,2022H1,13,24889,291,cox_slope,0.6990900760466452,0.6067786401037097,0.7914015119895806,True
2018H2-E,E,gbm-50k,20260913,2022H1,13,24889,291,psi,0.07216165276419229,,,True
2018H2-E,E,gbm-50k,20260913,2022H1,13,24889,291,psi_critical,0.0010181568675578935,,,True
2018H2-E,E,gbm-50k,20260913,2022H2,15,24859,373,auc,0.7669890262838819,0.745110581783666,0.7888674707840978,True
2018H2-E,E,gbm-50k,20260913,2022H2,15,24859,373,gini,0.5339780525677638,0.4902211635673319,0.5777349415681956,True
2018H2-E,E,gbm-50k,20260913,2022H2,15,24859,373,ks,0.4119887733626415,,,True
2018H2-E,E,gbm-50k,20260913,2022H2,15,24859,373,brier,0.01459106431705362,,,True
2018H2-E,E,gbm-50k,20260913,2022H2,15,24859,373,brier_miscalibration,0.0001024396173336297,,,True
2018H2-E,E,gbm-50k,20260913,2022H2,15,24859,373,brier_discrimination,0.00029086258729877495,,,True
2018H2-E,E,gbm-50k,20260913,2022H2,15,24859,373,brier_uncertainty,0.014779487287018766,,,True
2018H2-E,E,gbm-50k,20260913,2022H2,15,24859,373,observed_over_expected,1.570304257522246,1.4159951276866123,1.7366390380626318,True
2018H2-E,E,gbm-50k,20260913,2022H2,15,24859,373,log_oe,0.4512693951846255,0.347832554366323,0.5519516579855677,True
2018H2-E,E,gbm-50k,20260913,2022H2,15,24859,373,cox_intercept,-0.4749597213044044,-0.8493984873168583,-0.10052095529195049,True
2018H2-E,E,gbm-50k,20260913,2022H2,15,24859,373,cox_slope,0.7684705004871103,0.6834995570391371,0.8534414439350835,True
2018H2-E,E,gbm-50k,20260913,2022H2,15,24859,373,psi,0.10110859885404809,,,True
2018H2-E,E,gbm-50k,20260913,2022H2,15,24859,373,psi_critical,0.001018977227164634,,,True
2018H2-E,E,gbm-50k,20260913,2023H1,17,24882,381,auc,0.7683516801124728,0.7468009192938106,0.7899024409311349,True
2018H2-E,E,gbm-50k,20260913,2023H1,17,24882,381,gini,0.5367033602249456,0.4936018385876213,0.5798048818622699,True
2018H2-E,E,gbm-50k,20260913,2023H1,17,24882,381,ks,0.4112167043157808,,,True
2018H2-E,E,gbm-50k,20260913,2023H1,17,24882,381,brier,0.014938817559076953,,,True
2018H2-E,E,gbm-50k,20260913,2023H1,17,24882,381,brier_miscalibration,0.0001338740087172812,,,True
2018H2-E,E,gbm-50k,20260913,2023H1,17,24882,381,brier_discrimination,0.0002728646496057991,,,True
2018H2-E,E,gbm-50k,20260913,2023H1,17,24882,381,brier_uncertainty,0.015077808199965471,,,True
2018H2-E,E,gbm-50k,20260913,2023H1,17,24882,381,observed_over_expected,1.4873456115132995,1.3427124964826027,1.6431208456659716,True
2018H2-E,E,gbm-50k,20260913,2023H1,17,24882,381,log_oe,0.3969930624717384,0.2946918190336303,0.4965973881859766,True
2018H2-E,E,gbm-50k,20260913,2023H1,17,24882,381,cox_intercept,-0.7234510981945347,-1.0692070026780331,-0.37769519371103616,True
2018H2-E,E,gbm-50k,20260913,2023H1,17,24882,381,cox_slope,0.7140306787746734,0.6353022313073987,0.7927591262419481,True
2018H2-E,E,gbm-50k,20260913,2023H1,17,24882,381,psi,0.06508594316631033,,,True
2018H2-E,E,gbm-50k,20260913,2023H1,17,24882,381,psi_critical,0.0010183481078604518,,,True
2018H2-E,E,gbm-50k,20260913,2023H2,19,24866,363,auc,0.811390273344839,0.7919946111428321,0.830785935546846,True
2018H2-E,E,gbm-50k,20260913,2023H2,19,24866,363,gini,0.6227805466896781,0.5839892222856642,0.661571871093692,True
2018H2-E,E,gbm-50k,20260913,2023H2,19,24866,363,ks,0.4697737017415869,,,True
2018H2-E,E,gbm-50k,20260913,2023H2,19,24866,363,brier,0.014034826292787782,,,True
2018H2-E,E,gbm-50k,20260913,2023H2,19,24866,363,brier_miscalibration,9.648231572073444e-05,,,True
2018H2-E,E,gbm-50k,20260913,2023H2,19,24866,363,brier_discrimination,0.00044679382087198065,,,True
2018H2-E,E,gbm-50k,20260913,2023H2,19,24866,363,brier_uncertainty,0.014385137797939028,,,True
2018H2-E,E,gbm-50k,20260913,2023H2,19,24866,363,observed_over_expected,1.4234523610956218,1.2816837004986013,1.5764343260189988,True
2018H2-E,E,gbm-50k,20260913,2023H2,19,24866,363,log_oe,0.353085161138457,0.2481746045772031,0.4551655410439137,True
2018H2-E,E,gbm-50k,20260913,2023H2,19,24866,363,cox_intercept,-0.2027308314473414,-0.5394295371940494,0.13396787429936668,True
2018H2-E,E,gbm-50k,20260913,2023H2,19,24866,363,cox_slope,0.8504846822021417,0.7696490297686268,0.9313203346356566,True
2018H2-E,E,gbm-50k,20260913,2023H2,19,24866,363,psi,0.04841436947235801,,,True
2018H2-E,E,gbm-50k,20260913,2023H2,19,24866,363,psi_critical,0.0010187856328701956,,,True
