model,arm,build_id,context_seed,feature,gain,gain_share,splits
gbm,E,2013H1-E,,sub_grade,6193.05893,0.222043,264
gbm,E,2013H1-E,,annual_inc,3813.225177,0.136718,376
gbm,E,2013H1-E,,purpose,3576.036364,0.128213,252
gbm,E,2013H1-E,,inq_last_6mths,1930.889983,0.069229,168
gbm,E,2013H1-E,,revol_bal,1842.648562,0.066065,274
gbm,E,2013H1-E,,credit_history_months,1546.026658,0.05543,242
gbm,E,2013H1-E,,revol_util,1518.582171,0.054447,247
gbm,E,2013H1-E,,dti,1450.673518,0.052012,244
gbm,E,2013H1-E,,loan_amnt,1426.781321,0.051155,218
gbm,E,2013H1-E,,emp_length,959.610862,0.034405,139
gbm,E,2013H1-E,,total_acc,914.538249,0.032789,147
gbm,E,2013H1-E,,mths_since_last_delinq,615.95226,0.022084,89
gbm,E,2013H1-E,,open_acc,508.236068,0.018222,86
gbm,E,2013H1-E,,verification_status,396.28012,0.014208,76
gbm,E,2013H1-E,,home_ownership,386.69656,0.013864,56
gbm,E,2013H1-E,,fico_range_low,383.895639,0.013764,77
gbm,E,2013H1-E,,pub_rec_bankruptcies,301.098583,0.010795,25
gbm,E,2013H1-E,,term,73.958529,0.002652,14
gbm,E,2013H1-E,,pub_rec,53.07567,0.001903,6
gbm,E,2013H1-E,,delinq_2yrs,0.0,0.0,0
gbm-50k,E,2013H1-E,20260911,sub_grade,6189.612337,0.226571,250
gbm-50k,E,2013H1-E,20260911,annual_inc,3767.450509,0.137908,393
gbm-50k,E,2013H1-E,20260911,purpose,3477.565645,0.127296,237
gbm-50k,E,2013H1-E,20260911,inq_last_6mths,1937.943098,0.070938,164
gbm-50k,E,2013H1-E,20260911,revol_bal,1812.056093,0.06633,265
gbm-50k,E,2013H1-E,20260911,revol_util,1520.955601,0.055675,248
gbm-50k,E,2013H1-E,20260911,credit_history_months,1461.898553,0.053513,232
gbm-50k,E,2013H1-E,20260911,dti,1302.210031,0.047667,217
gbm-50k,E,2013H1-E,20260911,loan_amnt,1245.939181,0.045608,195
gbm-50k,E,2013H1-E,20260911,total_acc,971.780971,0.035572,154
gbm-50k,E,2013H1-E,20260911,emp_length,913.126415,0.033425,152
gbm-50k,E,2013H1-E,20260911,mths_since_last_delinq,597.893558,0.021886,92
gbm-50k,E,2013H1-E,20260911,open_acc,520.988362,0.019071,81
gbm-50k,E,2013H1-E,20260911,fico_range_low,395.729701,0.014486,70
gbm-50k,E,2013H1-E,20260911,verification_status,385.353519,0.014106,66
gbm-50k,E,2013H1-E,20260911,home_ownership,372.163799,0.013623,51
gbm-50k,E,2013H1-E,20260911,pub_rec_bankruptcies,305.902919,0.011198,25
gbm-50k,E,2013H1-E,20260911,term,71.60599,0.002621,10
gbm-50k,E,2013H1-E,20260911,pub_rec,68.4815,0.002507,8
gbm-50k,E,2013H1-E,20260911,delinq_2yrs,0.0,0.0,0
gbm-50k,E,2013H1-E,20260912,sub_grade,6183.730612,0.232053,259
gbm-50k,E,2013H1-E,20260912,annual_inc,3676.533572,0.137967,362
gbm-50k,E,2013H1-E,20260912,purpose,3296.820522,0.123718,219
gbm-50k,E,2013H1-E,20260912,inq_last_6mths,1940.813404,0.072832,169
gbm-50k,E,2013H1-E,20260912,revol_bal,1835.313571,0.068873,266
gbm-50k,E,2013H1-E,20260912,revol_util,1404.401097,0.052702,224
gbm-50k,E,2013H1-E,20260912,dti,1321.027473,0.049573,225
gbm-50k,E,2013H1-E,20260912,credit_history_months,1279.219604,0.048004,196
gbm-50k,E,2013H1-E,20260912,loan_amnt,1091.139468,0.040946,171
gbm-50k,E,2013H1-E,20260912,total_acc,1084.195732,0.040686,172
gbm-50k,E,2013H1-E,20260912,emp_length,950.064249,0.035652,145
gbm-50k,E,2013H1-E,20260912,mths_since_last_delinq,547.938864,0.020562,82
gbm-50k,E,2013H1-E,20260912,open_acc,416.636389,0.015635,64
gbm-50k,E,2013H1-E,20260912,home_ownership,395.156089,0.014829,50
gbm-50k,E,2013H1-E,20260912,verification_status,384.90755,0.014444,71
gbm-50k,E,2013H1-E,20260912,fico_range_low,382.575228,0.014357,72
gbm-50k,E,2013H1-E,20260912,pub_rec_bankruptcies,335.300212,0.012583,27
gbm-50k,E,2013H1-E,20260912,term,62.181149,0.002333,9
gbm-50k,E,2013H1-E,20260912,pub_rec,59.988581,0.002251,7
gbm-50k,E,2013H1-E,20260912,delinq_2yrs,0.0,0.0,0
gbm-50k,E,2013H1-E,20260913,sub_grade,6463.42128,0.196622,336
gbm-50k,E,2013H1-E,20260913,annual_inc,4292.181427,0.130572,493
gbm-50k,E,2013H1-E,20260913,purpose,3943.025629,0.11995,328
gbm-50k,E,2013H1-E,20260913,revol_bal,2272.609708,0.069135,353
gbm-50k,E,2013H1-E,20260913,credit_history_months,2165.882477,0.065888,364
gbm-50k,E,2013H1-E,20260913,inq_last_6mths,2104.425067,0.064018,205
gbm-50k,E,2013H1-E,20260913,revol_util,1978.628004,0.060191,364
gbm-50k,E,2013H1-E,20260913,dti,1828.680732,0.05563,329
gbm-50k,E,2013H1-E,20260913,loan_amnt,1577.447199,0.047987,273
gbm-50k,E,2013H1-E,20260913,total_acc,1431.15205,0.043537,249
gbm-50k,E,2013H1-E,20260913,emp_length,1240.165856,0.037727,199
gbm-50k,E,2013H1-E,20260913,mths_since_last_delinq,839.420301,0.025536,142
gbm-50k,E,2013H1-E,20260913,open_acc,764.400311,0.023254,137
gbm-50k,E,2013H1-E,20260913,fico_range_low,553.136242,0.016827,117
gbm-50k,E,2013H1-E,20260913,verification_status,435.24853,0.013241,85
gbm-50k,E,2013H1-E,20260913,home_ownership,424.52458,0.012914,71
gbm-50k,E,2013H1-E,20260913,pub_rec_bankruptcies,327.479982,0.009962,29
gbm-50k,E,2013H1-E,20260913,term,126.312299,0.003843,21
gbm-50k,E,2013H1-E,20260913,pub_rec,85.95344,0.002615,12
gbm-50k,E,2013H1-E,20260913,delinq_2yrs,18.16249,0.000553,3
gbm,E,2013H2-E,,sub_grade,2032.364204,0.241826,59
gbm,E,2013H2-E,,purpose,1273.898966,0.151578,55
gbm,E,2013H2-E,,inq_last_6mths,801.629992,0.095384,33
gbm,E,2013H2-E,,annual_inc,634.797375,0.075533,34
gbm,E,2013H2-E,,revol_bal,533.046783,0.063426,37
gbm,E,2013H2-E,,fico_range_low,454.370645,0.054064,29
gbm,E,2013H2-E,,credit_history_months,435.625649,0.051834,46
gbm,E,2013H2-E,,loan_amnt,356.675928,0.04244,33
gbm,E,2013H2-E,,revol_util,344.01904,0.040934,38
gbm,E,2013H2-E,,mths_since_last_delinq,327.855021,0.039011,30
gbm,E,2013H2-E,,total_acc,311.658289,0.037083,25
gbm,E,2013H2-E,,emp_length,205.896192,0.024499,19
gbm,E,2013H2-E,,dti,191.18724,0.022749,18
gbm,E,2013H2-E,,open_acc,186.79523,0.022226,19
gbm,E,2013H2-E,,verification_status,114.71756,0.01365,12
gbm,E,2013H2-E,,home_ownership,104.53981,0.012439,9
gbm,E,2013H2-E,,pub_rec_bankruptcies,43.253541,0.005147,3
gbm,E,2013H2-E,,pub_rec,27.682,0.003294,2
gbm,E,2013H2-E,,term,24.23185,0.002883,3
gbm,E,2013H2-E,,delinq_2yrs,0.0,0.0,0
gbm-50k,E,2013H2-E,20260911,sub_grade,1240.501319,0.247756,59
gbm-50k,E,2013H2-E,20260911,purpose,751.304039,0.150053,39
gbm-50k,E,2013H2-E,20260911,inq_last_6mths,413.929459,0.082671,20
gbm-50k,E,2013H2-E,20260911,credit_history_months,295.67303,0.059053,39
gbm-50k,E,2013H2-E,20260911,revol_bal,290.855121,0.05809,31
gbm-50k,E,2013H2-E,20260911,fico_range_low,279.466155,0.055816,19
gbm-50k,E,2013H2-E,20260911,annual_inc,266.700866,0.053266,20
gbm-50k,E,2013H2-E,20260911,loan_amnt,244.497292,0.048832,28
gbm-50k,E,2013H2-E,20260911,revol_util,230.724569,0.046081,31
gbm-50k,E,2013H2-E,20260911,mths_since_last_delinq,204.57163,0.040858,26
gbm-50k,E,2013H2-E,20260911,dti,170.27021,0.034007,23
gbm-50k,E,2013H2-E,20260911,open_acc,155.755498,0.031108,17
gbm-50k,E,2013H2-E,20260911,total_acc,130.58446,0.026081,17
gbm-50k,E,2013H2-E,20260911,emp_length,117.436061,0.023455,13
gbm-50k,E,2013H2-E,20260911,home_ownership,82.829629,0.016543,8
gbm-50k,E,2013H2-E,20260911,verification_status,73.97849,0.014775,9
gbm-50k,E,2013H2-E,20260911,pub_rec_bankruptcies,36.73096,0.007336,4
gbm-50k,E,2013H2-E,20260911,pub_rec,10.9435,0.002186,1
gbm-50k,E,2013H2-E,20260911,delinq_2yrs,5.50323,0.001099,1
gbm-50k,E,2013H2-E,20260911,term,4.68327,0.000935,1
gbm-50k,E,2013H2-E,20260912,sub_grade,1081.44236,0.267079,46
gbm-50k,E,2013H2-E,20260912,purpose,589.682862,0.145631,27
gbm-50k,E,2013H2-E,20260912,inq_last_6mths,473.241593,0.116874,18
gbm-50k,E,2013H2-E,20260912,revol_bal,222.357332,0.054915,17
gbm-50k,E,2013H2-E,20260912,dti,196.260381,0.04847,20
gbm-50k,E,2013H2-E,20260912,fico_range_low,193.352817,0.047752,11
gbm-50k,E,2013H2-E,20260912,revol_util,191.66812,0.047335,24
gbm-50k,E,2013H2-E,20260912,credit_history_months,186.773932,0.046127,22
gbm-50k,E,2013H2-E,20260912,mths_since_last_delinq,183.201669,0.045245,17
gbm-50k,E,2013H2-E,20260912,emp_length,179.657052,0.044369,16
gbm-50k,E,2013H2-E,20260912,open_acc,114.16115,0.028194,9
gbm-50k,E,2013H2-E,20260912,total_acc,107.399201,0.026524,7
gbm-50k,E,2013H2-E,20260912,loan_amnt,106.360139,0.026267,11
gbm-50k,E,2013H2-E,20260912,annual_inc,103.901029,0.02566,6
gbm-50k,E,2013H2-E,20260912,verification_status,52.134909,0.012876,8
gbm-50k,E,2013H2-E,20260912,home_ownership,39.99085,0.009876,4
gbm-50k,E,2013H2-E,20260912,pub_rec,17.2428,0.004258,1
gbm-50k,E,2013H2-E,20260912,term,10.31754,0.002548,2
gbm-50k,E,2013H2-E,20260912,delinq_2yrs,0.0,0.0,0
gbm-50k,E,2013H2-E,20260912,pub_rec_bankruptcies,0.0,0.0,0
gbm-50k,E,2013H2-E,20260913,sub_grade,1428.796848,0.212295,85
gbm-50k,E,2013H2-E,20260913,purpose,849.069878,0.126157,61
gbm-50k,E,2013H2-E,20260913,inq_last_6mths,552.510439,0.082094,35
gbm-50k,E,2013H2-E,20260913,credit_history_months,432.745328,0.064299,64
gbm-50k,E,2013H2-E,20260913,annual_inc,426.411938,0.063358,40
gbm-50k,E,2013H2-E,20260913,revol_bal,385.16366,0.057229,41
gbm-50k,E,2013H2-E,20260913,fico_range_low,380.492671,0.056535,48
gbm-50k,E,2013H2-E,20260913,revol_util,337.735342,0.050182,58
gbm-50k,E,2013H2-E,20260913,mths_since_last_delinq,323.37603,0.048048,44
gbm-50k,E,2013H2-E,20260913,loan_amnt,313.873579,0.046636,43
gbm-50k,E,2013H2-E,20260913,dti,294.42543,0.043747,47
gbm-50k,E,2013H2-E,20260913,total_acc,270.773009,0.040232,36
gbm-50k,E,2013H2-E,20260913,open_acc,259.438349,0.038548,32
gbm-50k,E,2013H2-E,20260913,emp_length,167.6532,0.02491,32
gbm-50k,E,2013H2-E,20260913,verification_status,156.272851,0.023219,21
gbm-50k,E,2013H2-E,20260913,home_ownership,73.17388,0.010872,13
gbm-50k,E,2013H2-E,20260913,term,43.41409,0.006451,8
gbm-50k,E,2013H2-E,20260913,pub_rec_bankruptcies,21.05716,0.003129,2
gbm-50k,E,2013H2-E,20260913,pub_rec,11.27458,0.001675,3
gbm-50k,E,2013H2-E,20260913,delinq_2yrs,2.59045,0.000385,1
gbm,E,2014H1-E,,sub_grade,4669.661688,0.286544,107
gbm,E,2014H1-E,,annual_inc,1866.426848,0.114529,125
gbm,E,2014H1-E,,purpose,1750.692229,0.107428,90
gbm,E,2014H1-E,,inq_last_6mths,1347.829071,0.082707,69
gbm,E,2014H1-E,,revol_bal,1205.202145,0.073955,109
gbm,E,2014H1-E,,loan_amnt,797.022693,0.048908,81
gbm,E,2014H1-E,,credit_history_months,748.047339,0.045902,79
gbm,E,2014H1-E,,revol_util,717.217918,0.044011,86
gbm,E,2014H1-E,,dti,614.696175,0.03772,66
gbm,E,2014H1-E,,mths_since_last_delinq,568.111062,0.034861,57
gbm,E,2014H1-E,,emp_length,481.171592,0.029526,46
gbm,E,2014H1-E,,total_acc,458.86494,0.028157,51
gbm,E,2014H1-E,,fico_range_low,416.499961,0.025558,48
gbm,E,2014H1-E,,open_acc,226.72201,0.013912,22
gbm,E,2014H1-E,,verification_status,216.465113,0.013283,23
gbm,E,2014H1-E,,home_ownership,169.758542,0.010417,16
gbm,E,2014H1-E,,pub_rec_bankruptcies,22.58725,0.001386,2
gbm,E,2014H1-E,,term,15.48376,0.00095,2
gbm,E,2014H1-E,,delinq_2yrs,4.01316,0.000246,1
gbm,E,2014H1-E,,pub_rec,0.0,0.0,0
gbm-50k,E,2014H1-E,20260911,sub_grade,1615.62957,0.247447,88
gbm-50k,E,2014H1-E,20260911,annual_inc,694.828534,0.106419,71
gbm-50k,E,2014H1-E,20260911,revol_bal,547.420557,0.083842,72
gbm-50k,E,2014H1-E,20260911,purpose,536.682009,0.082197,54
gbm-50k,E,2014H1-E,20260911,inq_last_6mths,502.023021,0.076889,49
gbm-50k,E,2014H1-E,20260911,mths_since_last_delinq,473.133662,0.072464,55
gbm-50k,E,2014H1-E,20260911,credit_history_months,364.93185,0.055892,64
gbm-50k,E,2014H1-E,20260911,revol_util,362.383471,0.055502,60
gbm-50k,E,2014H1-E,20260911,dti,354.938,0.054362,54
gbm-50k,E,2014H1-E,20260911,emp_length,232.261549,0.035573,41
gbm-50k,E,2014H1-E,20260911,loan_amnt,225.089472,0.034474,37
gbm-50k,E,2014H1-E,20260911,total_acc,178.23704,0.027298,34
gbm-50k,E,2014H1-E,20260911,fico_range_low,162.87243,0.024945,29
gbm-50k,E,2014H1-E,20260911,home_ownership,109.073631,0.016706,13
gbm-50k,E,2014H1-E,20260911,verification_status,68.33909,0.010467,14
gbm-50k,E,2014H1-E,20260911,open_acc,64.412559,0.009865,11
gbm-50k,E,2014H1-E,20260911,term,36.93613,0.005657,4
gbm-50k,E,2014H1-E,20260911,delinq_2yrs,0.0,0.0,0
gbm-50k,E,2014H1-E,20260911,pub_rec,0.0,0.0,0
gbm-50k,E,2014H1-E,20260911,pub_rec_bankruptcies,0.0,0.0,0
gbm-50k,E,2014H1-E,20260912,sub_grade,1793.552868,0.288944,71
gbm-50k,E,2014H1-E,20260912,annual_inc,640.260911,0.103147,70
gbm-50k,E,2014H1-E,20260912,purpose,620.041397,0.099889,46
gbm-50k,E,2014H1-E,20260912,revol_bal,513.355573,0.082702,67
gbm-50k,E,2014H1-E,20260912,inq_last_6mths,413.744972,0.066655,37
gbm-50k,E,2014H1-E,20260912,loan_amnt,304.398452,0.049039,42
gbm-50k,E,2014H1-E,20260912,dti,286.633691,0.046177,49
gbm-50k,E,2014H1-E,20260912,mths_since_last_delinq,270.93493,0.043648,47
gbm-50k,E,2014H1-E,20260912,revol_util,242.548769,0.039075,36
gbm-50k,E,2014H1-E,20260912,emp_length,226.809191,0.036539,36
gbm-50k,E,2014H1-E,20260912,total_acc,226.147653,0.036433,30
gbm-50k,E,2014H1-E,20260912,credit_history_months,223.320279,0.035977,37
gbm-50k,E,2014H1-E,20260912,fico_range_low,161.087039,0.025951,22
gbm-50k,E,2014H1-E,20260912,verification_status,105.95928,0.01707,14
gbm-50k,E,2014H1-E,20260912,open_acc,101.08807,0.016285,17
gbm-50k,E,2014H1-E,20260912,home_ownership,59.9485,0.009658,6
gbm-50k,E,2014H1-E,20260912,term,17.44531,0.00281,3
gbm-50k,E,2014H1-E,20260912,delinq_2yrs,0.0,0.0,0
gbm-50k,E,2014H1-E,20260912,pub_rec,0.0,0.0,0
gbm-50k,E,2014H1-E,20260912,pub_rec_bankruptcies,0.0,0.0,0
gbm-50k,E,2014H1-E,20260913,sub_grade,1678.993214,0.295517,70
gbm-50k,E,2014H1-E,20260913,purpose,638.701404,0.112417,39
gbm-50k,E,2014H1-E,20260913,annual_inc,589.161631,0.103697,64
gbm-50k,E,2014H1-E,20260913,inq_last_6mths,441.58068,0.077722,40
gbm-50k,E,2014H1-E,20260913,revol_bal,419.236201,0.073789,39
gbm-50k,E,2014H1-E,20260913,revol_util,340.971949,0.060014,54
gbm-50k,E,2014H1-E,20260913,dti,256.07693,0.045072,41
gbm-50k,E,2014H1-E,20260913,credit_history_months,220.084249,0.038737,39
gbm-50k,E,2014H1-E,20260913,mths_since_last_delinq,191.442511,0.033696,32
gbm-50k,E,2014H1-E,20260913,loan_amnt,185.411738,0.032634,32
gbm-50k,E,2014H1-E,20260913,emp_length,162.413711,0.028586,31
gbm-50k,E,2014H1-E,20260913,fico_range_low,145.77201,0.025657,25
gbm-50k,E,2014H1-E,20260913,total_acc,145.11173,0.025541,25
gbm-50k,E,2014H1-E,20260913,open_acc,133.942009,0.023575,21
gbm-50k,E,2014H1-E,20260913,home_ownership,76.789021,0.013516,9
gbm-50k,E,2014H1-E,20260913,verification_status,51.8708,0.00913,8
gbm-50k,E,2014H1-E,20260913,term,3.9835,0.000701,1
gbm-50k,E,2014H1-E,20260913,delinq_2yrs,0.0,0.0,0
gbm-50k,E,2014H1-E,20260913,pub_rec,0.0,0.0,0
gbm-50k,E,2014H1-E,20260913,pub_rec_bankruptcies,0.0,0.0,0
gbm,E,2014H2-E,,sub_grade,23179.991516,0.343656,378
gbm,E,2014H2-E,,purpose,7162.126437,0.106182,333
gbm,E,2014H2-E,,annual_inc,6393.769852,0.094791,373
gbm,E,2014H2-E,,inq_last_6mths,5317.561171,0.078836,183
gbm,E,2014H2-E,,revol_bal,3923.981113,0.058175,353
gbm,E,2014H2-E,,dti,2735.917482,0.040561,269
gbm,E,2014H2-E,,mths_since_last_delinq,2507.298386,0.037172,201
gbm,E,2014H2-E,,revol_util,2434.300135,0.03609,261
gbm,E,2014H2-E,,credit_history_months,2333.181857,0.034591,251
gbm,E,2014H2-E,,fico_range_low,2175.246478,0.032249,182
gbm,E,2014H2-E,,loan_amnt,2034.612759,0.030164,194
gbm,E,2014H2-E,,emp_length,2011.860144,0.029827,176
gbm,E,2014H2-E,,total_acc,1596.948675,0.023676,165
gbm,E,2014H2-E,,open_acc,1432.27344,0.021234,128
gbm,E,2014H2-E,,home_ownership,1143.649369,0.016955,71
gbm,E,2014H2-E,,verification_status,507.253592,0.00752,56
gbm,E,2014H2-E,,term,350.60163,0.005198,23
gbm,E,2014H2-E,,delinq_2yrs,89.09818,0.001321,13
gbm,E,2014H2-E,,pub_rec,87.191659,0.001293,13
gbm,E,2014H2-E,,pub_rec_bankruptcies,34.24497,0.000508,3
gbm-50k,E,2014H2-E,20260911,sub_grade,4897.4243,0.283519,221
gbm-50k,E,2014H2-E,20260911,purpose,1549.63953,0.089711,128
gbm-50k,E,2014H2-E,20260911,annual_inc,1526.203262,0.088354,157
gbm-50k,E,2014H2-E,20260911,inq_last_6mths,1507.729109,0.087284,93
gbm-50k,E,2014H2-E,20260911,revol_bal,1157.093351,0.066986,139
gbm-50k,E,2014H2-E,20260911,revol_util,1154.913656,0.06686,148
gbm-50k,E,2014H2-E,20260911,credit_history_months,885.90264,0.051286,114
gbm-50k,E,2014H2-E,20260911,dti,822.794421,0.047633,115
gbm-50k,E,2014H2-E,20260911,loan_amnt,696.852437,0.040342,97
gbm-50k,E,2014H2-E,20260911,mths_since_last_delinq,683.785087,0.039585,85
gbm-50k,E,2014H2-E,20260911,emp_length,590.426369,0.034181,82
gbm-50k,E,2014H2-E,20260911,fico_range_low,546.747069,0.031652,64
gbm-50k,E,2014H2-E,20260911,total_acc,544.656255,0.031531,69
gbm-50k,E,2014H2-E,20260911,open_acc,361.223413,0.020912,57
gbm-50k,E,2014H2-E,20260911,verification_status,119.11185,0.006896,18
gbm-50k,E,2014H2-E,20260911,home_ownership,95.70583,0.005541,15
gbm-50k,E,2014H2-E,20260911,term,87.65379,0.005074,13
gbm-50k,E,2014H2-E,20260911,delinq_2yrs,27.571011,0.001596,6
gbm-50k,E,2014H2-E,20260911,pub_rec,18.30321,0.00106,3
gbm-50k,E,2014H2-E,20260911,pub_rec_bankruptcies,0.0,0.0,0
gbm-50k,E,2014H2-E,20260912,sub_grade,5270.542079,0.234272,234
gbm-50k,E,2014H2-E,20260912,purpose,2337.089733,0.103882,179
gbm-50k,E,2014H2-E,20260912,revol_bal,2035.804628,0.09049,254
gbm-50k,E,2014H2-E,20260912,annual_inc,1680.235698,0.074685,221
gbm-50k,E,2014H2-E,20260912,inq_last_6mths,1440.37341,0.064024,112
gbm-50k,E,2014H2-E,20260912,dti,1334.310891,0.059309,203
gbm-50k,E,2014H2-E,20260912,mths_since_last_delinq,1259.034669,0.055963,185
gbm-50k,E,2014H2-E,20260912,credit_history_months,1203.223907,0.053483,158
gbm-50k,E,2014H2-E,20260912,loan_amnt,1035.476249,0.046026,160
gbm-50k,E,2014H2-E,20260912,emp_length,1023.541181,0.045496,143
gbm-50k,E,2014H2-E,20260912,revol_util,950.800572,0.042262,149
gbm-50k,E,2014H2-E,20260912,total_acc,880.772588,0.03915,131
gbm-50k,E,2014H2-E,20260912,fico_range_low,846.716738,0.037636,109
gbm-50k,E,2014H2-E,20260912,open_acc,683.113288,0.030364,96
gbm-50k,E,2014H2-E,20260912,verification_status,165.25757,0.007346,30
gbm-50k,E,2014H2-E,20260912,home_ownership,142.75535,0.006345,20
gbm-50k,E,2014H2-E,20260912,delinq_2yrs,110.7839,0.004924,25
gbm-50k,E,2014H2-E,20260912,term,97.68205,0.004342,13
gbm-50k,E,2014H2-E,20260912,pub_rec,0.0,0.0,0
gbm-50k,E,2014H2-E,20260912,pub_rec_bankruptcies,0.0,0.0,0
gbm-50k,E,2014H2-E,20260913,sub_grade,5082.818521,0.306788,173
gbm-50k,E,2014H2-E,20260913,annual_inc,1565.438121,0.094487,136
gbm-50k,E,2014H2-E,20260913,purpose,1358.338881,0.081986,111
gbm-50k,E,2014H2-E,20260913,revol_bal,1085.249237,0.065503,127
gbm-50k,E,2014H2-E,20260913,inq_last_6mths,1009.993838,0.060961,81
gbm-50k,E,2014H2-E,20260913,revol_util,1003.473902,0.060568,120
gbm-50k,E,2014H2-E,20260913,dti,841.996798,0.050821,101
gbm-50k,E,2014H2-E,20260913,mths_since_last_delinq,806.937878,0.048705,83
gbm-50k,E,2014H2-E,20260913,credit_history_months,785.75123,0.047426,107
gbm-50k,E,2014H2-E,20260913,fico_range_low,774.081473,0.046722,78
gbm-50k,E,2014H2-E,20260913,loan_amnt,760.12424,0.04588,97
gbm-50k,E,2014H2-E,20260913,emp_length,482.859711,0.029144,73
gbm-50k,E,2014H2-E,20260913,total_acc,350.518661,0.021157,47
gbm-50k,E,2014H2-E,20260913,open_acc,277.64336,0.016758,32
gbm-50k,E,2014H2-E,20260913,term,172.467759,0.01041,18
gbm-50k,E,2014H2-E,20260913,home_ownership,151.638119,0.009153,19
gbm-50k,E,2014H2-E,20260913,verification_status,43.72661,0.002639,8
gbm-50k,E,2014H2-E,20260913,delinq_2yrs,14.77922,0.000892,3
gbm-50k,E,2014H2-E,20260913,pub_rec,0.0,0.0,0
gbm-50k,E,2014H2-E,20260913,pub_rec_bankruptcies,0.0,0.0,0
gbm,E,2015H1-E,,sub_grade,12186.031443,0.414083,133
gbm,E,2015H1-E,,purpose,2655.532336,0.090235,129
gbm,E,2015H1-E,,annual_inc,2434.406347,0.082722,134
gbm,E,2015H1-E,,inq_last_6mths,1913.095212,0.065007,54
gbm,E,2015H1-E,,credit_history_months,1465.382777,0.049794,115
gbm,E,2015H1-E,,revol_bal,1322.024945,0.044923,119
gbm,E,2015H1-E,,revol_util,1111.667441,0.037775,130
gbm,E,2015H1-E,,dti,1019.929151,0.034657,97
gbm,E,2015H1-E,,loan_amnt,935.40119,0.031785,110
gbm,E,2015H1-E,,mths_since_last_delinq,842.182206,0.028617,79
gbm,E,2015H1-E,,emp_length,726.727144,0.024694,60
gbm,E,2015H1-E,,fico_range_low,705.756615,0.023982,65
gbm,E,2015H1-E,,home_ownership,684.815948,0.02327,21
gbm,E,2015H1-E,,total_acc,505.230498,0.017168,70
gbm,E,2015H1-E,,open_acc,375.786269,0.012769,57
gbm,E,2015H1-E,,pub_rec,196.870761,0.00669,23
gbm,E,2015H1-E,,verification_status,193.873811,0.006588,23
gbm,E,2015H1-E,,term,104.96492,0.003567,20
gbm,E,2015H1-E,,delinq_2yrs,40.55873,0.001378,6
gbm,E,2015H1-E,,pub_rec_bankruptcies,8.7022,0.000296,1
gbm-50k,E,2015H1-E,20260911,sub_grade,1704.872845,0.409,46
gbm-50k,E,2015H1-E,20260911,inq_last_6mths,402.62771,0.096591,23
gbm-50k,E,2015H1-E,20260911,purpose,359.2951,0.086195,27
gbm-50k,E,2015H1-E,20260911,annual_inc,261.492121,0.062732,20
gbm-50k,E,2015H1-E,20260911,home_ownership,184.899479,0.044358,10
gbm-50k,E,2015H1-E,20260911,revol_util,176.999089,0.042462,20
gbm-50k,E,2015H1-E,20260911,revol_bal,162.802022,0.039056,14
gbm-50k,E,2015H1-E,20260911,total_acc,158.913018,0.038123,16
gbm-50k,E,2015H1-E,20260911,dti,146.500041,0.035145,19
gbm-50k,E,2015H1-E,20260911,loan_amnt,124.467132,0.02986,12
gbm-50k,E,2015H1-E,20260911,fico_range_low,112.501359,0.026989,10
gbm-50k,E,2015H1-E,20260911,open_acc,106.78447,0.025618,13
gbm-50k,E,2015H1-E,20260911,mths_since_last_delinq,88.434719,0.021216,10
gbm-50k,E,2015H1-E,20260911,credit_history_months,78.727429,0.018887,10
gbm-50k,E,2015H1-E,20260911,emp_length,62.53716,0.015003,9
gbm-50k,E,2015H1-E,20260911,verification_status,16.99644,0.004077,2
gbm-50k,E,2015H1-E,20260911,pub_rec,10.76441,0.002582,2
gbm-50k,E,2015H1-E,20260911,pub_rec_bankruptcies,8.77662,0.002106,1
gbm-50k,E,2015H1-E,20260911,delinq_2yrs,0.0,0.0,0
gbm-50k,E,2015H1-E,20260911,term,0.0,0.0,0
gbm-50k,E,2015H1-E,20260912,sub_grade,2084.441603,0.393916,49
gbm-50k,E,2015H1-E,20260912,purpose,419.516322,0.07928,36
gbm-50k,E,2015H1-E,20260912,inq_last_6mths,366.2075,0.069206,21
gbm-50k,E,2015H1-E,20260912,annual_inc,362.851819,0.068571,32
gbm-50k,E,2015H1-E,20260912,emp_length,288.049296,0.054435,28
gbm-50k,E,2015H1-E,20260912,dti,271.29293,0.051269,29
gbm-50k,E,2015H1-E,20260912,credit_history_months,221.137499,0.04179,17
gbm-50k,E,2015H1-E,20260912,total_acc,194.307218,0.03672,20
gbm-50k,E,2015H1-E,20260912,revol_util,184.218529,0.034813,24
gbm-50k,E,2015H1-E,20260912,revol_bal,183.532531,0.034684,28
gbm-50k,E,2015H1-E,20260912,mths_since_last_delinq,160.642979,0.030358,11
gbm-50k,E,2015H1-E,20260912,loan_amnt,151.845738,0.028696,15
gbm-50k,E,2015H1-E,20260912,open_acc,129.92555,0.024553,16
gbm-50k,E,2015H1-E,20260912,fico_range_low,128.75772,0.024333,12
gbm-50k,E,2015H1-E,20260912,home_ownership,90.82991,0.017165,7
gbm-50k,E,2015H1-E,20260912,verification_status,22.6254,0.004276,3
gbm-50k,E,2015H1-E,20260912,term,13.38935,0.00253,2
gbm-50k,E,2015H1-E,20260912,delinq_2yrs,12.0996,0.002287,3
gbm-50k,E,2015H1-E,20260912,pub_rec,5.92128,0.001119,1
gbm-50k,E,2015H1-E,20260912,pub_rec_bankruptcies,0.0,0.0,0
gbm-50k,E,2015H1-E,20260913,sub_grade,1945.963284,0.426471,55
gbm-50k,E,2015H1-E,20260913,annual_inc,373.008402,0.081747,29
gbm-50k,E,2015H1-E,20260913,inq_last_6mths,267.731605,0.058675,19
gbm-50k,E,2015H1-E,20260913,purpose,241.016739,0.05282,28
gbm-50k,E,2015H1-E,20260913,credit_history_months,235.485626,0.051608,13
gbm-50k,E,2015H1-E,20260913,revol_util,205.580719,0.045054,24
gbm-50k,E,2015H1-E,20260913,revol_bal,205.25523,0.044983,20
gbm-50k,E,2015H1-E,20260913,fico_range_low,175.757129,0.038518,16
gbm-50k,E,2015H1-E,20260913,mths_since_last_delinq,155.614551,0.034104,16
gbm-50k,E,2015H1-E,20260913,emp_length,155.369442,0.03405,18
gbm-50k,E,2015H1-E,20260913,dti,148.89916,0.032632,14
gbm-50k,E,2015H1-E,20260913,loan_amnt,140.08901,0.030701,18
gbm-50k,E,2015H1-E,20260913,home_ownership,102.568541,0.022479,8
gbm-50k,E,2015H1-E,20260913,total_acc,90.569481,0.019849,10
gbm-50k,E,2015H1-E,20260913,open_acc,54.098409,0.011856,8
gbm-50k,E,2015H1-E,20260913,pub_rec_bankruptcies,44.061679,0.009656,7
gbm-50k,E,2015H1-E,20260913,term,21.871571,0.004793,3
gbm-50k,E,2015H1-E,20260913,delinq_2yrs,0.0,0.0,0
gbm-50k,E,2015H1-E,20260913,pub_rec,0.0,0.0,0
gbm-50k,E,2015H1-E,20260913,verification_status,0.0,0.0,0
gbm,E,2015H2-E,,sub_grade,57548.106758,0.383182,614
gbm,E,2015H2-E,,purpose,8791.05621,0.058535,488
gbm,E,2015H2-E,,revol_bal,8737.600254,0.058179,841
gbm,E,2015H2-E,,annual_inc,8416.103254,0.056038,580
gbm,E,2015H2-E,,inq_last_6mths,8143.650179,0.054224,311
gbm,E,2015H2-E,,credit_history_months,7702.851981,0.051289,668
gbm,E,2015H2-E,,dti,7458.826171,0.049664,679
gbm,E,2015H2-E,,revol_util,7075.859637,0.047114,827
gbm,E,2015H2-E,,loan_amnt,6320.601312,0.042085,647
gbm,E,2015H2-E,,fico_range_low,6013.611801,0.040041,430
gbm,E,2015H2-E,,mths_since_last_delinq,4937.041507,0.032873,535
gbm,E,2015H2-E,,emp_length,4363.72246,0.029056,372
gbm,E,2015H2-E,,total_acc,3626.729598,0.024148,451
gbm,E,2015H2-E,,home_ownership,3070.603383,0.020446,122
gbm,E,2015H2-E,,open_acc,3032.1943,0.02019,358
gbm,E,2015H2-E,,term,1982.151222,0.013198,150
gbm,E,2015H2-E,,verification_status,1430.436256,0.009525,136
gbm,E,2015H2-E,,pub_rec,911.994557,0.006072,113
gbm,E,2015H2-E,,pub_rec_bankruptcies,322.925581,0.00215,34
gbm,E,2015H2-E,,delinq_2yrs,298.721562,0.001989,44
gbm-50k,E,2015H2-E,20260911,sub_grade,6807.996659,0.272333,337
gbm-50k,E,2015H2-E,20260911,revol_bal,2123.955962,0.084962,436
gbm-50k,E,2015H2-E,20260911,credit_history_months,1923.335341,0.076937,362
gbm-50k,E,2015H2-E,20260911,annual_inc,1766.894076,0.070679,293
gbm-50k,E,2015H2-E,20260911,revol_util,1710.003924,0.068404,382
gbm-50k,E,2015H2-E,20260911,dti,1557.714311,0.062312,323
gbm-50k,E,2015H2-E,20260911,loan_amnt,1333.993185,0.053362,303
gbm-50k,E,2015H2-E,20260911,mths_since_last_delinq,1247.200991,0.04989,270
gbm-50k,E,2015H2-E,20260911,total_acc,1080.641349,0.043228,245
gbm-50k,E,2015H2-E,20260911,emp_length,1078.515508,0.043143,228
gbm-50k,E,2015H2-E,20260911,fico_range_low,1042.380898,0.041697,202
gbm-50k,E,2015H2-E,20260911,purpose,868.413982,0.034738,134
gbm-50k,E,2015H2-E,20260911,inq_last_6mths,846.332278,0.033855,119
gbm-50k,E,2015H2-E,20260911,open_acc,679.50249,0.027181,153
gbm-50k,E,2015H2-E,20260911,verification_status,438.412648,0.017537,94
gbm-50k,E,2015H2-E,20260911,term,168.872399,0.006755,38
gbm-50k,E,2015H2-E,20260911,home_ownership,161.81038,0.006473,32
gbm-50k,E,2015H2-E,20260911,pub_rec,116.72203,0.004669,26
gbm-50k,E,2015H2-E,20260911,delinq_2yrs,37.71164,0.001509,10
gbm-50k,E,2015H2-E,20260911,pub_rec_bankruptcies,8.35779,0.000334,3
gbm-50k,E,2015H2-E,20260912,sub_grade,6628.569491,0.280938,342
gbm-50k,E,2015H2-E,20260912,revol_bal,2253.36879,0.095504,418
gbm-50k,E,2015H2-E,20260912,revol_util,1600.23832,0.067823,353
gbm-50k,E,2015H2-E,20260912,annual_inc,1501.940244,0.063657,289
gbm-50k,E,2015H2-E,20260912,loan_amnt,1384.371969,0.058674,302
gbm-50k,E,2015H2-E,20260912,mths_since_last_delinq,1310.94934,0.055562,253
gbm-50k,E,2015H2-E,20260912,credit_history_months,1267.500492,0.05372,240
gbm-50k,E,2015H2-E,20260912,dti,1186.52817,0.050289,254
gbm-50k,E,2015H2-E,20260912,purpose,1046.208851,0.044341,115
gbm-50k,E,2015H2-E,20260912,fico_range_low,1037.52399,0.043973,195
gbm-50k,E,2015H2-E,20260912,total_acc,931.06763,0.039461,221
gbm-50k,E,2015H2-E,20260912,open_acc,857.852385,0.036358,212
gbm-50k,E,2015H2-E,20260912,inq_last_6mths,851.021576,0.036069,82
gbm-50k,E,2015H2-E,20260912,emp_length,810.145613,0.034336,187
gbm-50k,E,2015H2-E,20260912,verification_status,317.691211,0.013465,76
gbm-50k,E,2015H2-E,20260912,term,250.604041,0.010621,49
gbm-50k,E,2015H2-E,20260912,home_ownership,169.0985,0.007167,30
gbm-50k,E,2015H2-E,20260912,pub_rec,92.46152,0.003919,20
gbm-50k,E,2015H2-E,20260912,pub_rec_bankruptcies,68.72391,0.002913,14
gbm-50k,E,2015H2-E,20260912,delinq_2yrs,28.55035,0.00121,8
gbm-50k,E,2015H2-E,20260913,sub_grade,7442.668518,0.282838,354
gbm-50k,E,2015H2-E,20260913,revol_util,1872.382475,0.071155,376
gbm-50k,E,2015H2-E,20260913,revol_bal,1840.100671,0.069928,392
gbm-50k,E,2015H2-E,20260913,credit_history_months,1775.410733,0.06747,344
gbm-50k,E,2015H2-E,20260913,dti,1735.203212,0.065942,349
gbm-50k,E,2015H2-E,20260913,annual_inc,1592.673561,0.060525,304
gbm-50k,E,2015H2-E,20260913,fico_range_low,1553.089224,0.059021,251
gbm-50k,E,2015H2-E,20260913,inq_last_6mths,1215.903628,0.046207,108
gbm-50k,E,2015H2-E,20260913,loan_amnt,1173.694002,0.044603,267
gbm-50k,E,2015H2-E,20260913,purpose,1141.244907,0.04337,124
gbm-50k,E,2015H2-E,20260913,mths_since_last_delinq,1139.269368,0.043295,257
gbm-50k,E,2015H2-E,20260913,total_acc,999.925132,0.037999,224
gbm-50k,E,2015H2-E,20260913,emp_length,950.009984,0.036103,199
gbm-50k,E,2015H2-E,20260913,open_acc,778.988895,0.029603,180
gbm-50k,E,2015H2-E,20260913,verification_status,481.00349,0.018279,99
gbm-50k,E,2015H2-E,20260913,term,262.540499,0.009977,56
gbm-50k,E,2015H2-E,20260913,home_ownership,210.85241,0.008013,44
gbm-50k,E,2015H2-E,20260913,pub_rec,63.885401,0.002428,15
gbm-50k,E,2015H2-E,20260913,pub_rec_bankruptcies,48.83813,0.001856,10
gbm-50k,E,2015H2-E,20260913,delinq_2yrs,36.52646,0.001388,7
gbm,E,2016H1-E,,sub_grade,34504.886295,0.57365,199
gbm,E,2016H1-E,,purpose,2985.539461,0.049635,155
gbm,E,2016H1-E,,inq_last_6mths,2470.959462,0.04108,62
gbm,E,2016H1-E,,dti,2391.42393,0.039758,127
gbm,E,2016H1-E,,annual_inc,2363.287049,0.03929,154
gbm,E,2016H1-E,,credit_history_months,2242.396989,0.03728,143
gbm,E,2016H1-E,,revol_bal,1928.010829,0.032054,166
gbm,E,2016H1-E,,revol_util,1854.865902,0.030837,166
gbm,E,2016H1-E,,loan_amnt,1667.319012,0.027719,132
gbm,E,2016H1-E,,home_ownership,1547.936556,0.025735,29
gbm,E,2016H1-E,,emp_length,1321.600453,0.021972,72
gbm,E,2016H1-E,,mths_since_last_delinq,1244.154374,0.020684,110
gbm,E,2016H1-E,,fico_range_low,1086.302663,0.01806,80
gbm,E,2016H1-E,,term,755.485006,0.01256,39
gbm,E,2016H1-E,,total_acc,659.391112,0.010962,97
gbm,E,2016H1-E,,open_acc,475.857587,0.007911,82
gbm,E,2016H1-E,,verification_status,280.352511,0.004661,33
gbm,E,2016H1-E,,pub_rec,172.321571,0.002865,22
gbm,E,2016H1-E,,pub_rec_bankruptcies,159.4987,0.002652,15
gbm,E,2016H1-E,,delinq_2yrs,38.16349,0.000634,7
gbm-50k,E,2016H1-E,20260911,sub_grade,2528.479033,0.53334,64
gbm-50k,E,2016H1-E,20260911,dti,283.695098,0.059841,25
gbm-50k,E,2016H1-E,20260911,annual_inc,247.378162,0.05218,24
gbm-50k,E,2016H1-E,20260911,credit_history_months,201.64922,0.042535,18
gbm-50k,E,2016H1-E,20260911,purpose,180.046441,0.037978,21
gbm-50k,E,2016H1-E,20260911,inq_last_6mths,173.682851,0.036635,14
gbm-50k,E,2016H1-E,20260911,mths_since_last_delinq,151.841161,0.032028,21
gbm-50k,E,2016H1-E,20260911,emp_length,148.82251,0.031392,15
gbm-50k,E,2016H1-E,20260911,revol_util,147.74412,0.031164,18
gbm-50k,E,2016H1-E,20260911,home_ownership,141.274298,0.029799,11
gbm-50k,E,2016H1-E,20260911,revol_bal,136.823031,0.028861,20
gbm-50k,E,2016H1-E,20260911,loan_amnt,125.410899,0.026453,14
gbm-50k,E,2016H1-E,20260911,fico_range_low,70.766379,0.014927,5
gbm-50k,E,2016H1-E,20260911,total_acc,64.24657,0.013552,11
gbm-50k,E,2016H1-E,20260911,term,56.006931,0.011814,6
gbm-50k,E,2016H1-E,20260911,open_acc,46.630779,0.009836,7
gbm-50k,E,2016H1-E,20260911,pub_rec_bankruptcies,18.578351,0.003919,3
gbm-50k,E,2016H1-E,20260911,pub_rec,17.76136,0.003746,3
gbm-50k,E,2016H1-E,20260911,delinq_2yrs,0.0,0.0,0
gbm-50k,E,2016H1-E,20260911,verification_status,0.0,0.0,0
gbm-50k,E,2016H1-E,20260912,sub_grade,3170.031055,0.617264,62
gbm-50k,E,2016H1-E,20260912,inq_last_6mths,235.73021,0.045901,17
gbm-50k,E,2016H1-E,20260912,mths_since_last_delinq,217.910302,0.042431,19
gbm-50k,E,2016H1-E,20260912,credit_history_months,167.12794,0.032543,16
gbm-50k,E,2016H1-E,20260912,home_ownership,159.620657,0.031081,12
gbm-50k,E,2016H1-E,20260912,purpose,140.92724,0.027441,13
gbm-50k,E,2016H1-E,20260912,revol_util,136.913729,0.02666,15
gbm-50k,E,2016H1-E,20260912,dti,129.767491,0.025268,13
gbm-50k,E,2016H1-E,20260912,revol_bal,128.869521,0.025093,17
gbm-50k,E,2016H1-E,20260912,emp_length,128.773851,0.025075,12
gbm-50k,E,2016H1-E,20260912,annual_inc,111.574191,0.021726,15
gbm-50k,E,2016H1-E,20260912,loan_amnt,106.965689,0.020828,10
gbm-50k,E,2016H1-E,20260912,fico_range_low,94.056339,0.018315,5
gbm-50k,E,2016H1-E,20260912,total_acc,73.932458,0.014396,8
gbm-50k,E,2016H1-E,20260912,term,66.87979,0.013023,6
gbm-50k,E,2016H1-E,20260912,pub_rec,31.363989,0.006107,5
gbm-50k,E,2016H1-E,20260912,open_acc,27.89401,0.005431,6
gbm-50k,E,2016H1-E,20260912,verification_status,7.27876,0.001417,1
gbm-50k,E,2016H1-E,20260912,delinq_2yrs,0.0,0.0,0
gbm-50k,E,2016H1-E,20260912,pub_rec_bankruptcies,0.0,0.0,0
gbm-50k,E,2016H1-E,20260913,sub_grade,2602.159951,0.556513,55
gbm-50k,E,2016H1-E,20260913,inq_last_6mths,286.511444,0.061275,19
gbm-50k,E,2016H1-E,20260913,annual_inc,264.863419,0.056645,22
gbm-50k,E,2016H1-E,20260913,credit_history_months,240.008841,0.05133,21
gbm-50k,E,2016H1-E,20260913,emp_length,187.08598,0.040011,19
gbm-50k,E,2016H1-E,20260913,revol_util,182.143046,0.038954,20
gbm-50k,E,2016H1-E,20260913,home_ownership,149.992779,0.032078,11
gbm-50k,E,2016H1-E,20260913,dti,143.873641,0.03077,14
gbm-50k,E,2016H1-E,20260913,purpose,142.209469,0.030414,13
gbm-50k,E,2016H1-E,20260913,loan_amnt,140.690401,0.030089,17
gbm-50k,E,2016H1-E,20260913,mths_since_last_delinq,78.941309,0.016883,10
gbm-50k,E,2016H1-E,20260913,total_acc,77.36493,0.016546,9
gbm-50k,E,2016H1-E,20260913,fico_range_low,49.704401,0.01063,6
gbm-50k,E,2016H1-E,20260913,revol_bal,46.40059,0.009924,5
gbm-50k,E,2016H1-E,20260913,verification_status,37.26292,0.007969,5
gbm-50k,E,2016H1-E,20260913,open_acc,35.230259,0.007535,4
gbm-50k,E,2016H1-E,20260913,term,5.75084,0.00123,1
gbm-50k,E,2016H1-E,20260913,delinq_2yrs,5.63272,0.001205,1
gbm-50k,E,2016H1-E,20260913,pub_rec,0.0,0.0,0
gbm-50k,E,2016H1-E,20260913,pub_rec_bankruptcies,0.0,0.0,0
gbm,E,2016H2-E,,sub_grade,181245.099936,0.601071,823
gbm,E,2016H2-E,,dti,11845.747639,0.039285,656
gbm,E,2016H2-E,,purpose,11638.992717,0.038599,733
gbm,E,2016H2-E,,revol_bal,11400.907119,0.037809,881
gbm,E,2016H2-E,,credit_history_months,9834.134783,0.032613,675
gbm,E,2016H2-E,,loan_amnt,9772.674781,0.03241,777
gbm,E,2016H2-E,,revol_util,9663.544839,0.032048,704
gbm,E,2016H2-E,,inq_last_6mths,8214.233668,0.027241,297
gbm,E,2016H2-E,,emp_length,8089.761708,0.026828,449
gbm,E,2016H2-E,,annual_inc,7958.49258,0.026393,701
gbm,E,2016H2-E,,home_ownership,7816.696357,0.025923,165
gbm,E,2016H2-E,,mths_since_last_delinq,4770.825953,0.015822,417
gbm,E,2016H2-E,,term,4360.937009,0.014462,136
gbm,E,2016H2-E,,fico_range_low,4215.538526,0.01398,431
gbm,E,2016H2-E,,total_acc,3882.588439,0.012876,455
gbm,E,2016H2-E,,open_acc,3314.554621,0.010992,378
gbm,E,2016H2-E,,verification_status,1660.202032,0.005506,154
gbm,E,2016H2-E,,pub_rec,1171.09027,0.003884,127
gbm,E,2016H2-E,,delinq_2yrs,344.02392,0.001141,58
gbm,E,2016H2-E,,pub_rec_bankruptcies,337.03312,0.001118,55
gbm-50k,E,2016H2-E,20260911,sub_grade,10590.280725,0.535085,263
gbm-50k,E,2016H2-E,20260911,credit_history_months,1320.716228,0.066731,136
gbm-50k,E,2016H2-E,20260911,revol_bal,942.640306,0.047628,132
gbm-50k,E,2016H2-E,20260911,revol_util,924.164549,0.046694,125
gbm-50k,E,2016H2-E,20260911,dti,908.559452,0.045906,126
gbm-50k,E,2016H2-E,20260911,loan_amnt,689.91628,0.034859,100
gbm-50k,E,2016H2-E,20260911,purpose,666.265828,0.033664,103
gbm-50k,E,2016H2-E,20260911,emp_length,641.554451,0.032415,92
gbm-50k,E,2016H2-E,20260911,annual_inc,579.075113,0.029258,74
gbm-50k,E,2016H2-E,20260911,fico_range_low,488.546839,0.024684,67
gbm-50k,E,2016H2-E,20260911,home_ownership,481.075381,0.024307,56
gbm-50k,E,2016H2-E,20260911,total_acc,443.113089,0.022389,63
gbm-50k,E,2016H2-E,20260911,inq_last_6mths,423.52731,0.021399,53
gbm-50k,E,2016H2-E,20260911,mths_since_last_delinq,283.955098,0.014347,37
gbm-50k,E,2016H2-E,20260911,term,179.40394,0.009065,23
gbm-50k,E,2016H2-E,20260911,open_acc,123.319248,0.006231,22
gbm-50k,E,2016H2-E,20260911,verification_status,88.261539,0.00446,9
gbm-50k,E,2016H2-E,20260911,delinq_2yrs,10.46839,0.000529,2
gbm-50k,E,2016H2-E,20260911,pub_rec_bankruptcies,6.92744,0.00035,1
gbm-50k,E,2016H2-E,20260911,pub_rec,0.0,0.0,0
gbm-50k,E,2016H2-E,20260912,sub_grade,10364.395889,0.439167,287
gbm-50k,E,2016H2-E,20260912,dti,1484.623807,0.062908,199
gbm-50k,E,2016H2-E,20260912,revol_bal,1331.119331,0.056403,189
gbm-50k,E,2016H2-E,20260912,revol_util,1265.203391,0.05361,193
gbm-50k,E,2016H2-E,20260912,credit_history_months,1228.050486,0.052036,145
gbm-50k,E,2016H2-E,20260912,annual_inc,1178.38409,0.049931,153
gbm-50k,E,2016H2-E,20260912,purpose,909.892412,0.038555,110
gbm-50k,E,2016H2-E,20260912,emp_length,882.635309,0.0374,118
gbm-50k,E,2016H2-E,20260912,fico_range_low,828.352362,0.0351,114
gbm-50k,E,2016H2-E,20260912,loan_amnt,781.240211,0.033103,105
gbm-50k,E,2016H2-E,20260912,inq_last_6mths,659.447719,0.027943,88
gbm-50k,E,2016H2-E,20260912,mths_since_last_delinq,572.454792,0.024256,91
gbm-50k,E,2016H2-E,20260912,home_ownership,504.46774,0.021376,57
gbm-50k,E,2016H2-E,20260912,total_acc,480.611651,0.020365,71
gbm-50k,E,2016H2-E,20260912,open_acc,477.755919,0.020244,78
gbm-50k,E,2016H2-E,20260912,verification_status,354.451271,0.015019,50
gbm-50k,E,2016H2-E,20260912,term,161.61385,0.006848,17
gbm-50k,E,2016H2-E,20260912,pub_rec_bankruptcies,132.487121,0.005614,20
gbm-50k,E,2016H2-E,20260912,delinq_2yrs,2.91867,0.000124,1
gbm-50k,E,2016H2-E,20260912,pub_rec,0.0,0.0,0
gbm-50k,E,2016H2-E,20260913,sub_grade,9534.17437,0.480291,248
gbm-50k,E,2016H2-E,20260913,revol_util,1537.589228,0.077457,145
gbm-50k,E,2016H2-E,20260913,revol_bal,1136.078329,0.057231,119
gbm-50k,E,2016H2-E,20260913,credit_history_months,1062.498476,0.053524,116
gbm-50k,E,2016H2-E,20260913,dti,941.036278,0.047405,123
gbm-50k,E,2016H2-E,20260913,purpose,826.439271,0.041632,92
gbm-50k,E,2016H2-E,20260913,loan_amnt,803.995449,0.040502,94
gbm-50k,E,2016H2-E,20260913,emp_length,801.817943,0.040392,89
gbm-50k,E,2016H2-E,20260913,mths_since_last_delinq,768.045212,0.038691,93
gbm-50k,E,2016H2-E,20260913,inq_last_6mths,492.663624,0.024818,61
gbm-50k,E,2016H2-E,20260913,fico_range_low,482.977166,0.02433,66
gbm-50k,E,2016H2-E,20260913,home_ownership,357.526198,0.018011,34
gbm-50k,E,2016H2-E,20260913,annual_inc,337.663391,0.01701,43
gbm-50k,E,2016H2-E,20260913,open_acc,284.97779,0.014356,44
gbm-50k,E,2016H2-E,20260913,total_acc,282.252632,0.014219,44
gbm-50k,E,2016H2-E,20260913,verification_status,119.97464,0.006044,17
gbm-50k,E,2016H2-E,20260913,term,71.01722,0.003578,12
gbm-50k,E,2016H2-E,20260913,pub_rec,10.11262,0.000509,2
gbm-50k,E,2016H2-E,20260913,delinq_2yrs,0.0,0.0,0
gbm-50k,E,2016H2-E,20260913,pub_rec_bankruptcies,0.0,0.0,0
gbm,E,2017H1-E,,sub_grade,226155.940172,0.498514,1272
gbm,E,2017H1-E,,dti,23191.305702,0.05112,1358
gbm,E,2017H1-E,,revol_bal,21227.790618,0.046792,1778
gbm,E,2017H1-E,,fico_range_low,18279.350498,0.040293,1030
gbm,E,2017H1-E,,purpose,18111.403456,0.039923,1180
gbm,E,2017H1-E,,revol_util,17644.395295,0.038893,1668
gbm,E,2017H1-E,,credit_history_months,17342.871419,0.038229,1489
gbm,E,2017H1-E,,loan_amnt,16003.321658,0.035276,1455
gbm,E,2017H1-E,,inq_last_6mths,15765.830633,0.034752,454
gbm,E,2017H1-E,,annual_inc,14315.690001,0.031556,1564
gbm,E,2017H1-E,,home_ownership,11536.079172,0.025429,284
gbm,E,2017H1-E,,emp_length,11361.434885,0.025044,914
gbm,E,2017H1-E,,total_acc,8972.216035,0.019777,1217
gbm,E,2017H1-E,,mths_since_last_delinq,8794.055306,0.019385,1059
gbm,E,2017H1-E,,term,8305.228148,0.018307,336
gbm,E,2017H1-E,,verification_status,7180.453697,0.015828,417
gbm,E,2017H1-E,,open_acc,5364.074377,0.011824,777
gbm,E,2017H1-E,,pub_rec,2249.604662,0.004959,276
gbm,E,2017H1-E,,pub_rec_bankruptcies,1014.60846,0.002236,141
gbm,E,2017H1-E,,delinq_2yrs,844.717932,0.001862,141
gbm-50k,E,2017H1-E,20260911,sub_grade,10198.290352,0.437201,278
gbm-50k,E,2017H1-E,20260911,revol_util,1453.362382,0.062306,286
gbm-50k,E,2017H1-E,20260911,revol_bal,1206.041161,0.051703,251
gbm-50k,E,2017H1-E,20260911,fico_range_low,1195.222434,0.051239,171
gbm-50k,E,2017H1-E,20260911,dti,1193.000279,0.051144,193
gbm-50k,E,2017H1-E,20260911,loan_amnt,1173.014049,0.050287,229
gbm-50k,E,2017H1-E,20260911,credit_history_months,1035.902521,0.044409,208
gbm-50k,E,2017H1-E,20260911,mths_since_last_delinq,947.729332,0.040629,196
gbm-50k,E,2017H1-E,20260911,emp_length,893.758508,0.038315,154
gbm-50k,E,2017H1-E,20260911,annual_inc,726.449098,0.031143,161
gbm-50k,E,2017H1-E,20260911,total_acc,616.858289,0.026445,145
gbm-50k,E,2017H1-E,20260911,purpose,536.89761,0.023017,79
gbm-50k,E,2017H1-E,20260911,open_acc,489.798271,0.020998,123
gbm-50k,E,2017H1-E,20260911,verification_status,472.185419,0.020243,84
gbm-50k,E,2017H1-E,20260911,inq_last_6mths,459.46428,0.019697,81
gbm-50k,E,2017H1-E,20260911,term,315.482219,0.013525,52
gbm-50k,E,2017H1-E,20260911,home_ownership,269.120488,0.011537,38
gbm-50k,E,2017H1-E,20260911,pub_rec_bankruptcies,78.070851,0.003347,14
gbm-50k,E,2017H1-E,20260911,pub_rec,46.57448,0.001997,12
gbm-50k,E,2017H1-E,20260911,delinq_2yrs,19.07775,0.000818,5
gbm-50k,E,2017H1-E,20260912,sub_grade,9152.077735,0.348852,341
gbm-50k,E,2017H1-E,20260912,revol_bal,1838.585993,0.070082,392
gbm-50k,E,2017H1-E,20260912,loan_amnt,1686.720788,0.064293,330
gbm-50k,E,2017H1-E,20260912,revol_util,1636.737962,0.062388,372
gbm-50k,E,2017H1-E,20260912,dti,1625.035699,0.061942,317
gbm-50k,E,2017H1-E,20260912,credit_history_months,1320.548038,0.050336,292
gbm-50k,E,2017H1-E,20260912,annual_inc,1301.875524,0.049624,279
gbm-50k,E,2017H1-E,20260912,fico_range_low,1174.635436,0.044774,219
gbm-50k,E,2017H1-E,20260912,mths_since_last_delinq,1156.712719,0.044091,275
gbm-50k,E,2017H1-E,20260912,emp_length,1064.223089,0.040565,219
gbm-50k,E,2017H1-E,20260912,total_acc,1023.980523,0.039031,239
gbm-50k,E,2017H1-E,20260912,open_acc,704.581156,0.026857,175
gbm-50k,E,2017H1-E,20260912,inq_last_6mths,687.7744,0.026216,90
gbm-50k,E,2017H1-E,20260912,purpose,614.053362,0.023406,111
gbm-50k,E,2017H1-E,20260912,verification_status,549.12852,0.020931,106
gbm-50k,E,2017H1-E,20260912,term,276.306889,0.010532,55
gbm-50k,E,2017H1-E,20260912,home_ownership,239.39213,0.009125,42
gbm-50k,E,2017H1-E,20260912,pub_rec,89.41122,0.003408,21
gbm-50k,E,2017H1-E,20260912,delinq_2yrs,49.095446,0.001871,16
gbm-50k,E,2017H1-E,20260912,pub_rec_bankruptcies,43.93267,0.001675,9
gbm-50k,E,2017H1-E,20260913,sub_grade,10229.296447,0.32202,387
gbm-50k,E,2017H1-E,20260913,revol_util,2539.583462,0.079946,533
gbm-50k,E,2017H1-E,20260913,revol_bal,2196.05298,0.069132,493
gbm-50k,E,2017H1-E,20260913,credit_history_months,1949.932708,0.061384,376
gbm-50k,E,2017H1-E,20260913,dti,1810.669621,0.057,373
gbm-50k,E,2017H1-E,20260913,annual_inc,1720.84574,0.054172,379
gbm-50k,E,2017H1-E,20260913,loan_amnt,1668.746473,0.052532,371
gbm-50k,E,2017H1-E,20260913,mths_since_last_delinq,1454.539348,0.045789,343
gbm-50k,E,2017H1-E,20260913,fico_range_low,1312.976957,0.041333,268
gbm-50k,E,2017H1-E,20260913,emp_length,1146.323808,0.036086,245
gbm-50k,E,2017H1-E,20260913,total_acc,1135.244683,0.035738,277
gbm-50k,E,2017H1-E,20260913,purpose,1070.273179,0.033692,155
gbm-50k,E,2017H1-E,20260913,inq_last_6mths,856.027781,0.026948,126
gbm-50k,E,2017H1-E,20260913,open_acc,798.925461,0.02515,209
gbm-50k,E,2017H1-E,20260913,home_ownership,759.279567,0.023902,79
gbm-50k,E,2017H1-E,20260913,verification_status,462.873963,0.014571,84
gbm-50k,E,2017H1-E,20260913,term,427.724208,0.013465,73
gbm-50k,E,2017H1-E,20260913,pub_rec_bankruptcies,95.22646,0.002998,18
gbm-50k,E,2017H1-E,20260913,pub_rec,89.58921,0.00282,28
gbm-50k,E,2017H1-E,20260913,delinq_2yrs,41.92639,0.00132,13
gbm,R,2013H1-R,,sub_grade,983.652555,0.215398,48
gbm,R,2013H1-R,,purpose,705.423863,0.154472,50
gbm,R,2013H1-R,,annual_inc,437.335554,0.095767,45
gbm,R,2013H1-R,,inq_last_6mths,370.195179,0.081065,31
gbm,R,2013H1-R,,revol_bal,329.982118,0.072259,40
gbm,R,2013H1-R,,revol_util,285.800479,0.062584,40
gbm,R,2013H1-R,,fico_range_low,233.67225,0.051169,26
gbm,R,2013H1-R,,loan_amnt,213.981481,0.046857,35
gbm,R,2013H1-R,,credit_history_months,211.553662,0.046326,32
gbm,R,2013H1-R,,total_acc,179.279022,0.039258,23
gbm,R,2013H1-R,,dti,159.33881,0.034892,24
gbm,R,2013H1-R,,emp_length,111.55168,0.024427,15
gbm,R,2013H1-R,,home_ownership,85.7373,0.018775,10
gbm,R,2013H1-R,,mths_since_last_delinq,74.791609,0.016378,13
gbm,R,2013H1-R,,term,72.0981,0.015788,6
gbm,R,2013H1-R,,open_acc,66.62509,0.014589,14
gbm,R,2013H1-R,,verification_status,24.70904,0.005411,6
gbm,R,2013H1-R,,pub_rec,20.94368,0.004586,4
gbm,R,2013H1-R,,delinq_2yrs,0.0,0.0,0
gbm,R,2013H1-R,,pub_rec_bankruptcies,0.0,0.0,0
gbm-50k,R,2013H1-R,20260911,sub_grade,978.673825,0.223368,47
gbm-50k,R,2013H1-R,20260911,purpose,672.568434,0.153504,44
gbm-50k,R,2013H1-R,20260911,annual_inc,433.487114,0.098937,44
gbm-50k,R,2013H1-R,20260911,inq_last_6mths,370.195179,0.084492,31
gbm-50k,R,2013H1-R,20260911,revol_bal,304.262618,0.069444,34
gbm-50k,R,2013H1-R,20260911,revol_util,267.45174,0.061042,37
gbm-50k,R,2013H1-R,20260911,fico_range_low,208.73377,0.047641,24
gbm-50k,R,2013H1-R,20260911,credit_history_months,203.282611,0.046396,31
gbm-50k,R,2013H1-R,20260911,loan_amnt,176.797341,0.040351,27
gbm-50k,R,2013H1-R,20260911,total_acc,171.540782,0.039152,22
gbm-50k,R,2013H1-R,20260911,dti,159.33881,0.036367,24
gbm-50k,R,2013H1-R,20260911,emp_length,111.55168,0.02546,15
gbm-50k,R,2013H1-R,20260911,home_ownership,78.68688,0.017959,8
gbm-50k,R,2013H1-R,20260911,term,72.0981,0.016455,6
gbm-50k,R,2013H1-R,20260911,mths_since_last_delinq,68.19627,0.015565,11
gbm-50k,R,2013H1-R,20260911,open_acc,61.19429,0.013967,12
gbm-50k,R,2013H1-R,20260911,verification_status,22.42993,0.005119,5
gbm-50k,R,2013H1-R,20260911,pub_rec,20.94368,0.00478,4
gbm-50k,R,2013H1-R,20260911,delinq_2yrs,0.0,0.0,0
gbm-50k,R,2013H1-R,20260911,pub_rec_bankruptcies,0.0,0.0,0
gbm-50k,R,2013H1-R,20260912,sub_grade,978.673825,0.223368,47
gbm-50k,R,2013H1-R,20260912,purpose,672.568434,0.153504,44
gbm-50k,R,2013H1-R,20260912,annual_inc,433.487114,0.098937,44
gbm-50k,R,2013H1-R,20260912,inq_last_6mths,370.195179,0.084492,31
gbm-50k,R,2013H1-R,20260912,revol_bal,304.262618,0.069444,34
gbm-50k,R,2013H1-R,20260912,revol_util,267.45174,0.061042,37
gbm-50k,R,2013H1-R,20260912,fico_range_low,208.73377,0.047641,24
gbm-50k,R,2013H1-R,20260912,credit_history_months,203.282611,0.046396,31
gbm-50k,R,2013H1-R,20260912,loan_amnt,176.797341,0.040351,27
gbm-50k,R,2013H1-R,20260912,total_acc,171.540782,0.039152,22
gbm-50k,R,2013H1-R,20260912,dti,159.33881,0.036367,24
gbm-50k,R,2013H1-R,20260912,emp_length,111.55168,0.02546,15
gbm-50k,R,2013H1-R,20260912,home_ownership,78.68688,0.017959,8
gbm-50k,R,2013H1-R,20260912,term,72.0981,0.016455,6
gbm-50k,R,2013H1-R,20260912,mths_since_last_delinq,68.19627,0.015565,11
gbm-50k,R,2013H1-R,20260912,open_acc,61.19429,0.013967,12
gbm-50k,R,2013H1-R,20260912,verification_status,22.42993,0.005119,5
gbm-50k,R,2013H1-R,20260912,pub_rec,20.94368,0.00478,4
gbm-50k,R,2013H1-R,20260912,delinq_2yrs,0.0,0.0,0
gbm-50k,R,2013H1-R,20260912,pub_rec_bankruptcies,0.0,0.0,0
gbm-50k,R,2013H1-R,20260913,sub_grade,978.673825,0.223368,47
gbm-50k,R,2013H1-R,20260913,purpose,672.568434,0.153504,44
gbm-50k,R,2013H1-R,20260913,annual_inc,433.487114,0.098937,44
gbm-50k,R,2013H1-R,20260913,inq_last_6mths,370.195179,0.084492,31
gbm-50k,R,2013H1-R,20260913,revol_bal,304.262618,0.069444,34
gbm-50k,R,2013H1-R,20260913,revol_util,267.45174,0.061042,37
gbm-50k,R,2013H1-R,20260913,fico_range_low,208.73377,0.047641,24
gbm-50k,R,2013H1-R,20260913,credit_history_months,203.282611,0.046396,31
gbm-50k,R,2013H1-R,20260913,loan_amnt,176.797341,0.040351,27
gbm-50k,R,2013H1-R,20260913,total_acc,171.540782,0.039152,22
gbm-50k,R,2013H1-R,20260913,dti,159.33881,0.036367,24
gbm-50k,R,2013H1-R,20260913,emp_length,111.55168,0.02546,15
gbm-50k,R,2013H1-R,20260913,home_ownership,78.68688,0.017959,8
gbm-50k,R,2013H1-R,20260913,term,72.0981,0.016455,6
gbm-50k,R,2013H1-R,20260913,mths_since_last_delinq,68.19627,0.015565,11
gbm-50k,R,2013H1-R,20260913,open_acc,61.19429,0.013967,12
gbm-50k,R,2013H1-R,20260913,verification_status,22.42993,0.005119,5
gbm-50k,R,2013H1-R,20260913,pub_rec,20.94368,0.00478,4
gbm-50k,R,2013H1-R,20260913,delinq_2yrs,0.0,0.0,0
gbm-50k,R,2013H1-R,20260913,pub_rec_bankruptcies,0.0,0.0,0
gbm,R,2013H2-R,,sub_grade,3933.818165,0.156156,335
gbm,R,2013H2-R,,revol_bal,2535.005157,0.100629,372
gbm,R,2013H2-R,,purpose,2324.825467,0.092286,151
gbm,R,2013H2-R,,revol_util,2100.9665,0.0834,392
gbm,R,2013H2-R,,annual_inc,1828.828241,0.072597,299
gbm,R,2013H2-R,,credit_history_months,1714.207195,0.068047,309
gbm,R,2013H2-R,,loan_amnt,1658.975109,0.065855,323
gbm,R,2013H2-R,,inq_last_6mths,1658.304932,0.065828,129
gbm,R,2013H2-R,,dti,1419.013876,0.056329,303
gbm,R,2013H2-R,,fico_range_low,1354.10124,0.053752,239
gbm,R,2013H2-R,,total_acc,1204.305592,0.047806,234
gbm,R,2013H2-R,,mths_since_last_delinq,1087.705869,0.043177,198
gbm,R,2013H2-R,,open_acc,801.012778,0.031797,158
gbm,R,2013H2-R,,emp_length,737.285279,0.029267,169
gbm,R,2013H2-R,,verification_status,417.753852,0.016583,84
gbm,R,2013H2-R,,home_ownership,245.95576,0.009763,51
gbm,R,2013H2-R,,term,135.317901,0.005372,24
gbm,R,2013H2-R,,delinq_2yrs,34.13914,0.001355,10
gbm,R,2013H2-R,,pub_rec,0.0,0.0,0
gbm,R,2013H2-R,,pub_rec_bankruptcies,0.0,0.0,0
gbm-50k,R,2013H2-R,20260911,sub_grade,3478.948024,0.153989,276
gbm-50k,R,2013H2-R,20260911,revol_bal,2508.685948,0.111042,392
gbm-50k,R,2013H2-R,20260911,purpose,2156.127274,0.095437,144
gbm-50k,R,2013H2-R,20260911,revol_util,1868.450006,0.082703,362
gbm-50k,R,2013H2-R,20260911,credit_history_months,1749.047722,0.077418,325
gbm-50k,R,2013H2-R,20260911,annual_inc,1710.541216,0.075714,278
gbm-50k,R,2013H2-R,20260911,inq_last_6mths,1530.336672,0.067737,109
gbm-50k,R,2013H2-R,20260911,dti,1251.58282,0.055399,261
gbm-50k,R,2013H2-R,20260911,loan_amnt,1246.054166,0.055154,256
gbm-50k,R,2013H2-R,20260911,fico_range_low,1126.69672,0.049871,184
gbm-50k,R,2013H2-R,20260911,total_acc,974.059083,0.043115,192
gbm-50k,R,2013H2-R,20260911,mths_since_last_delinq,874.484746,0.038707,154
gbm-50k,R,2013H2-R,20260911,emp_length,762.97651,0.033772,172
gbm-50k,R,2013H2-R,20260911,open_acc,660.183149,0.029222,144
gbm-50k,R,2013H2-R,20260911,verification_status,376.870498,0.016681,74
gbm-50k,R,2013H2-R,20260911,home_ownership,178.693511,0.00791,40
gbm-50k,R,2013H2-R,20260911,term,113.161819,0.005009,21
gbm-50k,R,2013H2-R,20260911,delinq_2yrs,25.31574,0.001121,6
gbm-50k,R,2013H2-R,20260911,pub_rec,0.0,0.0,0
gbm-50k,R,2013H2-R,20260911,pub_rec_bankruptcies,0.0,0.0,0
gbm-50k,R,2013H2-R,20260912,sub_grade,3516.903766,0.147564,309
gbm-50k,R,2013H2-R,20260912,revol_bal,2557.909045,0.107326,402
gbm-50k,R,2013H2-R,20260912,purpose,2086.936473,0.087565,145
gbm-50k,R,2013H2-R,20260912,revol_util,2047.955896,0.085929,420
gbm-50k,R,2013H2-R,20260912,credit_history_months,1796.525583,0.07538,338
gbm-50k,R,2013H2-R,20260912,annual_inc,1766.464083,0.074118,305
gbm-50k,R,2013H2-R,20260912,loan_amnt,1581.431786,0.066354,331
gbm-50k,R,2013H2-R,20260912,inq_last_6mths,1507.805931,0.063265,120
gbm-50k,R,2013H2-R,20260912,total_acc,1284.44636,0.053893,243
gbm-50k,R,2013H2-R,20260912,dti,1182.39646,0.049612,268
gbm-50k,R,2013H2-R,20260912,fico_range_low,1160.974531,0.048713,209
gbm-50k,R,2013H2-R,20260912,mths_since_last_delinq,976.538389,0.040974,182
gbm-50k,R,2013H2-R,20260912,open_acc,825.690992,0.034645,163
gbm-50k,R,2013H2-R,20260912,emp_length,760.87173,0.031925,176
gbm-50k,R,2013H2-R,20260912,verification_status,365.698479,0.015344,85
gbm-50k,R,2013H2-R,20260912,home_ownership,276.34152,0.011595,53
gbm-50k,R,2013H2-R,20260912,term,109.44439,0.004592,23
gbm-50k,R,2013H2-R,20260912,delinq_2yrs,28.74053,0.001206,8
gbm-50k,R,2013H2-R,20260912,pub_rec,0.0,0.0,0
gbm-50k,R,2013H2-R,20260912,pub_rec_bankruptcies,0.0,0.0,0
gbm-50k,R,2013H2-R,20260913,sub_grade,3666.729319,0.156202,298
gbm-50k,R,2013H2-R,20260913,revol_bal,2567.973564,0.109395,371
gbm-50k,R,2013H2-R,20260913,purpose,2182.46997,0.092973,148
gbm-50k,R,2013H2-R,20260913,revol_util,1918.702051,0.081736,386
gbm-50k,R,2013H2-R,20260913,annual_inc,1730.7076,0.073728,302
gbm-50k,R,2013H2-R,20260913,credit_history_months,1589.857683,0.067728,289
gbm-50k,R,2013H2-R,20260913,inq_last_6mths,1510.073083,0.064329,122
gbm-50k,R,2013H2-R,20260913,loan_amnt,1436.514702,0.061195,292
gbm-50k,R,2013H2-R,20260913,dti,1332.080576,0.056746,285
gbm-50k,R,2013H2-R,20260913,fico_range_low,1176.255047,0.050108,195
gbm-50k,R,2013H2-R,20260913,total_acc,1045.907759,0.044555,198
gbm-50k,R,2013H2-R,20260913,mths_since_last_delinq,995.385188,0.042403,177
gbm-50k,R,2013H2-R,20260913,emp_length,785.314709,0.033454,152
gbm-50k,R,2013H2-R,20260913,open_acc,719.663755,0.030658,155
gbm-50k,R,2013H2-R,20260913,verification_status,456.60561,0.019451,96
gbm-50k,R,2013H2-R,20260913,home_ownership,195.556349,0.008331,38
gbm-50k,R,2013H2-R,20260913,term,132.34412,0.005638,26
gbm-50k,R,2013H2-R,20260913,delinq_2yrs,32.15017,0.00137,10
gbm-50k,R,2013H2-R,20260913,pub_rec,0.0,0.0,0
gbm-50k,R,2013H2-R,20260913,pub_rec_bankruptcies,0.0,0.0,0
gbm,R,2014H1-R,,sub_grade,2757.940319,0.392834,50
gbm,R,2014H1-R,,inq_last_6mths,690.125154,0.0983,30
gbm,R,2014H1-R,,annual_inc,681.772496,0.09711,33
gbm,R,2014H1-R,,purpose,561.974181,0.080046,36
gbm,R,2014H1-R,,revol_bal,483.083323,0.068809,29
gbm,R,2014H1-R,,dti,297.13012,0.042322,25
gbm,R,2014H1-R,,mths_since_last_delinq,247.374391,0.035235,18
gbm,R,2014H1-R,,credit_history_months,246.13349,0.035059,18
gbm,R,2014H1-R,,revol_util,228.631571,0.032566,22
gbm,R,2014H1-R,,loan_amnt,197.570668,0.028141,15
gbm,R,2014H1-R,,fico_range_low,193.160489,0.027513,21
gbm,R,2014H1-R,,emp_length,108.198579,0.015412,10
gbm,R,2014H1-R,,total_acc,92.030841,0.013109,9
gbm,R,2014H1-R,,open_acc,77.098801,0.010982,9
gbm,R,2014H1-R,,home_ownership,71.764041,0.010222,7
gbm,R,2014H1-R,,verification_status,41.03622,0.005845,5
gbm,R,2014H1-R,,pub_rec,18.60104,0.002649,2
gbm,R,2014H1-R,,term,17.23118,0.002454,2
gbm,R,2014H1-R,,delinq_2yrs,9.77726,0.001393,1
gbm,R,2014H1-R,,pub_rec_bankruptcies,0.0,0.0,0
gbm-50k,R,2014H1-R,20260911,sub_grade,1493.632476,0.398079,42
gbm-50k,R,2014H1-R,20260911,purpose,366.731169,0.09774,27
gbm-50k,R,2014H1-R,20260911,revol_bal,308.880563,0.082322,21
gbm-50k,R,2014H1-R,20260911,annual_inc,265.701969,0.070814,19
gbm-50k,R,2014H1-R,20260911,inq_last_6mths,241.806939,0.064446,16
gbm-50k,R,2014H1-R,20260911,credit_history_months,193.317731,0.051523,11
gbm-50k,R,2014H1-R,20260911,dti,186.434922,0.049688,16
gbm-50k,R,2014H1-R,20260911,mths_since_last_delinq,135.762181,0.036183,12
gbm-50k,R,2014H1-R,20260911,revol_util,131.573719,0.035067,14
gbm-50k,R,2014H1-R,20260911,loan_amnt,125.79892,0.033528,7
gbm-50k,R,2014H1-R,20260911,total_acc,97.998139,0.026118,9
gbm-50k,R,2014H1-R,20260911,fico_range_low,75.607369,0.020151,9
gbm-50k,R,2014H1-R,20260911,emp_length,62.967661,0.016782,6
gbm-50k,R,2014H1-R,20260911,home_ownership,22.6606,0.006039,2
gbm-50k,R,2014H1-R,20260911,verification_status,19.9886,0.005327,2
gbm-50k,R,2014H1-R,20260911,delinq_2yrs,8.49261,0.002263,1
gbm-50k,R,2014H1-R,20260911,pub_rec,7.67382,0.002045,1
gbm-50k,R,2014H1-R,20260911,open_acc,7.07314,0.001885,1
gbm-50k,R,2014H1-R,20260911,pub_rec_bankruptcies,0.0,0.0,0
gbm-50k,R,2014H1-R,20260911,term,0.0,0.0,0
gbm-50k,R,2014H1-R,20260912,sub_grade,1555.551109,0.403837,40
gbm-50k,R,2014H1-R,20260912,annual_inc,493.784408,0.128192,28
gbm-50k,R,2014H1-R,20260912,inq_last_6mths,372.647519,0.096743,23
gbm-50k,R,2014H1-R,20260912,revol_bal,337.906619,0.087724,24
gbm-50k,R,2014H1-R,20260912,purpose,276.474611,0.071776,24
gbm-50k,R,2014H1-R,20260912,loan_amnt,145.25573,0.03771,10
gbm-50k,R,2014H1-R,20260912,mths_since_last_delinq,129.607852,0.033648,10
gbm-50k,R,2014H1-R,20260912,dti,106.811811,0.027729,10
gbm-50k,R,2014H1-R,20260912,credit_history_months,100.57771,0.026111,8
gbm-50k,R,2014H1-R,20260912,emp_length,89.303101,0.023184,8
gbm-50k,R,2014H1-R,20260912,revol_util,86.4421,0.022441,10
gbm-50k,R,2014H1-R,20260912,fico_range_low,75.56366,0.019617,7
gbm-50k,R,2014H1-R,20260912,total_acc,56.462111,0.014658,5
gbm-50k,R,2014H1-R,20260912,open_acc,9.84356,0.002555,1
gbm-50k,R,2014H1-R,20260912,home_ownership,8.93941,0.002321,1
gbm-50k,R,2014H1-R,20260912,verification_status,6.75575,0.001754,1
gbm-50k,R,2014H1-R,20260912,delinq_2yrs,0.0,0.0,0
gbm-50k,R,2014H1-R,20260912,pub_rec,0.0,0.0,0
gbm-50k,R,2014H1-R,20260912,pub_rec_bankruptcies,0.0,0.0,0
gbm-50k,R,2014H1-R,20260912,term,0.0,0.0,0
gbm-50k,R,2014H1-R,20260913,sub_grade,1629.424639,0.394914,43
gbm-50k,R,2014H1-R,20260913,inq_last_6mths,564.381112,0.136786,30
gbm-50k,R,2014H1-R,20260913,purpose,338.588746,0.082062,29
gbm-50k,R,2014H1-R,20260913,annual_inc,314.250512,0.076163,21
gbm-50k,R,2014H1-R,20260913,revol_bal,225.8401,0.054735,20
gbm-50k,R,2014H1-R,20260913,total_acc,164.467231,0.039861,15
gbm-50k,R,2014H1-R,20260913,loan_amnt,158.488521,0.038412,11
gbm-50k,R,2014H1-R,20260913,credit_history_months,131.113879,0.031777,13
gbm-50k,R,2014H1-R,20260913,dti,130.02503,0.031513,13
gbm-50k,R,2014H1-R,20260913,fico_range_low,119.746969,0.029022,12
gbm-50k,R,2014H1-R,20260913,home_ownership,101.357629,0.024565,8
gbm-50k,R,2014H1-R,20260913,mths_since_last_delinq,81.156961,0.01967,7
gbm-50k,R,2014H1-R,20260913,revol_util,76.20272,0.018469,9
gbm-50k,R,2014H1-R,20260913,emp_length,36.551101,0.008859,3
gbm-50k,R,2014H1-R,20260913,verification_status,29.35486,0.007115,3
gbm-50k,R,2014H1-R,20260913,pub_rec,13.25744,0.003213,2
gbm-50k,R,2014H1-R,20260913,open_acc,11.8205,0.002865,1
gbm-50k,R,2014H1-R,20260913,delinq_2yrs,0.0,0.0,0
gbm-50k,R,2014H1-R,20260913,pub_rec_bankruptcies,0.0,0.0,0
gbm-50k,R,2014H1-R,20260913,term,0.0,0.0,0
gbm,R,2014H2-R,,sub_grade,5817.275086,0.521647,89
gbm,R,2014H2-R,,inq_last_6mths,618.735021,0.055483,28
gbm,R,2014H2-R,,annual_inc,597.836831,0.053609,43
gbm,R,2014H2-R,,purpose,533.228847,0.047816,42
gbm,R,2014H2-R,,dti,452.600787,0.040586,39
gbm,R,2014H2-R,,mths_since_last_delinq,435.43656,0.039046,32
gbm,R,2014H2-R,,emp_length,408.174514,0.036602,27
gbm,R,2014H2-R,,revol_bal,366.073501,0.032827,41
gbm,R,2014H2-R,,revol_util,350.959378,0.031471,42
gbm,R,2014H2-R,,credit_history_months,336.042399,0.030134,33
gbm,R,2014H2-R,,loan_amnt,313.525247,0.028114,37
gbm,R,2014H2-R,,fico_range_low,247.5692,0.0222,18
gbm,R,2014H2-R,,open_acc,222.818581,0.019981,26
gbm,R,2014H2-R,,home_ownership,203.732865,0.018269,14
gbm,R,2014H2-R,,total_acc,108.27875,0.00971,8
gbm,R,2014H2-R,,pub_rec,59.62571,0.005347,8
gbm,R,2014H2-R,,term,39.94593,0.003582,6
gbm,R,2014H2-R,,delinq_2yrs,24.38511,0.002187,5
gbm,R,2014H2-R,,pub_rec_bankruptcies,8.40888,0.000754,1
gbm,R,2014H2-R,,verification_status,7.0913,0.000636,1
gbm-50k,R,2014H2-R,20260911,sub_grade,2222.649609,0.432032,70
gbm-50k,R,2014H2-R,20260911,purpose,316.513101,0.061523,38
gbm-50k,R,2014H2-R,20260911,dti,302.768279,0.058851,33
gbm-50k,R,2014H2-R,20260911,revol_util,301.6524,0.058634,43
gbm-50k,R,2014H2-R,20260911,inq_last_6mths,293.382074,0.057027,22
gbm-50k,R,2014H2-R,20260911,mths_since_last_delinq,263.766532,0.05127,32
gbm-50k,R,2014H2-R,20260911,loan_amnt,253.119449,0.049201,37
gbm-50k,R,2014H2-R,20260911,annual_inc,186.779589,0.036306,30
gbm-50k,R,2014H2-R,20260911,credit_history_months,183.08022,0.035587,34
gbm-50k,R,2014H2-R,20260911,revol_bal,179.62087,0.034914,35
gbm-50k,R,2014H2-R,20260911,emp_length,175.314059,0.034077,17
gbm-50k,R,2014H2-R,20260911,fico_range_low,142.897629,0.027776,22
gbm-50k,R,2014H2-R,20260911,total_acc,135.10681,0.026262,22
gbm-50k,R,2014H2-R,20260911,home_ownership,72.24812,0.014043,11
gbm-50k,R,2014H2-R,20260911,open_acc,53.67851,0.010434,10
gbm-50k,R,2014H2-R,20260911,term,38.72539,0.007527,8
gbm-50k,R,2014H2-R,20260911,pub_rec,18.08284,0.003515,3
gbm-50k,R,2014H2-R,20260911,verification_status,5.26102,0.001023,1
gbm-50k,R,2014H2-R,20260911,delinq_2yrs,0.0,0.0,0
gbm-50k,R,2014H2-R,20260911,pub_rec_bankruptcies,0.0,0.0,0
gbm-50k,R,2014H2-R,20260912,sub_grade,2433.399748,0.463055,58
gbm-50k,R,2014H2-R,20260912,annual_inc,408.671535,0.077767,38
gbm-50k,R,2014H2-R,20260912,inq_last_6mths,307.684602,0.05855,23
gbm-50k,R,2014H2-R,20260912,revol_util,267.276942,0.050861,39
gbm-50k,R,2014H2-R,20260912,revol_bal,258.512559,0.049193,33
gbm-50k,R,2014H2-R,20260912,dti,235.592268,0.044831,27
gbm-50k,R,2014H2-R,20260912,emp_length,214.482141,0.040814,21
gbm-50k,R,2014H2-R,20260912,purpose,195.4233,0.037187,21
gbm-50k,R,2014H2-R,20260912,loan_amnt,188.123741,0.035798,22
gbm-50k,R,2014H2-R,20260912,credit_history_months,148.993559,0.028352,16
gbm-50k,R,2014H2-R,20260912,mths_since_last_delinq,115.01064,0.021886,13
gbm-50k,R,2014H2-R,20260912,home_ownership,111.968612,0.021307,9
gbm-50k,R,2014H2-R,20260912,fico_range_low,102.042448,0.019418,9
gbm-50k,R,2014H2-R,20260912,open_acc,80.53898,0.015326,13
gbm-50k,R,2014H2-R,20260912,total_acc,77.904379,0.014825,10
gbm-50k,R,2014H2-R,20260912,verification_status,34.06272,0.006482,4
gbm-50k,R,2014H2-R,20260912,pub_rec_bankruptcies,33.619471,0.006397,5
gbm-50k,R,2014H2-R,20260912,term,26.46585,0.005036,3
gbm-50k,R,2014H2-R,20260912,pub_rec,15.324689,0.002916,2
gbm-50k,R,2014H2-R,20260912,delinq_2yrs,0.0,0.0,0
gbm-50k,R,2014H2-R,20260913,sub_grade,2060.705616,0.568324,45
gbm-50k,R,2014H2-R,20260913,inq_last_6mths,227.229232,0.062668,13
gbm-50k,R,2014H2-R,20260913,annual_inc,205.003948,0.056538,16
gbm-50k,R,2014H2-R,20260913,emp_length,162.4041,0.04479,13
gbm-50k,R,2014H2-R,20260913,revol_util,154.804971,0.042694,14
gbm-50k,R,2014H2-R,20260913,purpose,143.45615,0.039564,11
gbm-50k,R,2014H2-R,20260913,credit_history_months,136.434071,0.037627,10
gbm-50k,R,2014H2-R,20260913,fico_range_low,96.090071,0.026501,6
gbm-50k,R,2014H2-R,20260913,loan_amnt,88.287329,0.024349,8
gbm-50k,R,2014H2-R,20260913,revol_bal,86.711239,0.023914,8
gbm-50k,R,2014H2-R,20260913,dti,85.731479,0.023644,9
gbm-50k,R,2014H2-R,20260913,home_ownership,75.175372,0.020733,6
gbm-50k,R,2014H2-R,20260913,total_acc,46.02107,0.012692,3
gbm-50k,R,2014H2-R,20260913,mths_since_last_delinq,40.84446,0.011265,4
gbm-50k,R,2014H2-R,20260913,open_acc,17.03784,0.004699,2
gbm-50k,R,2014H2-R,20260913,delinq_2yrs,0.0,0.0,0
gbm-50k,R,2014H2-R,20260913,pub_rec,0.0,0.0,0
gbm-50k,R,2014H2-R,20260913,pub_rec_bankruptcies,0.0,0.0,0
gbm-50k,R,2014H2-R,20260913,term,0.0,0.0,0
gbm-50k,R,2014H2-R,20260913,verification_status,0.0,0.0,0
gbm,R,2015H1-R,,sub_grade,26906.278861,0.538441,317
gbm,R,2015H1-R,,annual_inc,2725.233706,0.054537,152
gbm,R,2015H1-R,,credit_history_months,2386.574825,0.047759,133
gbm,R,2015H1-R,,dti,2136.392879,0.042753,170
gbm,R,2015H1-R,,revol_util,1875.320534,0.037528,186
gbm,R,2015H1-R,,inq_last_6mths,1741.876987,0.034858,74
gbm,R,2015H1-R,,emp_length,1664.097853,0.033301,103
gbm,R,2015H1-R,,purpose,1505.479614,0.030127,116
gbm,R,2015H1-R,,revol_bal,1369.478007,0.027406,150
gbm,R,2015H1-R,,loan_amnt,1275.425977,0.025523,148
gbm,R,2015H1-R,,mths_since_last_delinq,1249.084837,0.024996,124
gbm,R,2015H1-R,,home_ownership,1247.914048,0.024973,33
gbm,R,2015H1-R,,fico_range_low,1169.726651,0.023408,81
gbm,R,2015H1-R,,open_acc,745.854331,0.014926,99
gbm,R,2015H1-R,,term,594.2096,0.011891,42
gbm,R,2015H1-R,,total_acc,562.485419,0.011256,80
gbm,R,2015H1-R,,pub_rec,393.446211,0.007874,44
gbm,R,2015H1-R,,pub_rec_bankruptcies,204.28502,0.004088,19
gbm,R,2015H1-R,,verification_status,170.243702,0.003407,23
gbm,R,2015H1-R,,delinq_2yrs,47.30167,0.000947,6
gbm-50k,R,2015H1-R,20260911,sub_grade,7586.959722,0.398834,254
gbm-50k,R,2015H1-R,20260911,annual_inc,1607.126853,0.084484,187
gbm-50k,R,2015H1-R,20260911,revol_util,1560.108546,0.082012,210
gbm-50k,R,2015H1-R,20260911,credit_history_months,1041.979954,0.054775,134
gbm-50k,R,2015H1-R,20260911,revol_bal,969.318215,0.050956,173
gbm-50k,R,2015H1-R,20260911,loan_amnt,917.889027,0.048252,148
gbm-50k,R,2015H1-R,20260911,dti,897.297668,0.04717,131
gbm-50k,R,2015H1-R,20260911,mths_since_last_delinq,630.088349,0.033123,98
gbm-50k,R,2015H1-R,20260911,emp_length,620.450951,0.032616,90
gbm-50k,R,2015H1-R,20260911,inq_last_6mths,589.146373,0.03097,59
gbm-50k,R,2015H1-R,20260911,total_acc,544.984218,0.028649,104
gbm-50k,R,2015H1-R,20260911,fico_range_low,475.710465,0.025007,67
gbm-50k,R,2015H1-R,20260911,purpose,427.299989,0.022462,58
gbm-50k,R,2015H1-R,20260911,open_acc,408.575732,0.021478,90
gbm-50k,R,2015H1-R,20260911,home_ownership,255.571772,0.013435,26
gbm-50k,R,2015H1-R,20260911,pub_rec,185.45809,0.009749,39
gbm-50k,R,2015H1-R,20260911,verification_status,135.94398,0.007146,22
gbm-50k,R,2015H1-R,20260911,term,83.17073,0.004372,17
gbm-50k,R,2015H1-R,20260911,delinq_2yrs,63.345991,0.00333,21
gbm-50k,R,2015H1-R,20260911,pub_rec_bankruptcies,22.40395,0.001178,4
gbm-50k,R,2015H1-R,20260912,sub_grade,8389.570159,0.58466,178
gbm-50k,R,2015H1-R,20260912,annual_inc,1008.369129,0.070272,64
gbm-50k,R,2015H1-R,20260912,inq_last_6mths,659.907453,0.045988,37
gbm-50k,R,2015H1-R,20260912,dti,586.203709,0.040852,52
gbm-50k,R,2015H1-R,20260912,emp_length,517.53327,0.036066,33
gbm-50k,R,2015H1-R,20260912,credit_history_months,511.956263,0.035678,38
gbm-50k,R,2015H1-R,20260912,home_ownership,443.575931,0.030912,22
gbm-50k,R,2015H1-R,20260912,fico_range_low,421.367916,0.029365,25
gbm-50k,R,2015H1-R,20260912,revol_bal,406.430764,0.028324,35
gbm-50k,R,2015H1-R,20260912,revol_util,317.235329,0.022108,34
gbm-50k,R,2015H1-R,20260912,purpose,262.64834,0.018304,29
gbm-50k,R,2015H1-R,20260912,loan_amnt,222.38407,0.015498,23
gbm-50k,R,2015H1-R,20260912,mths_since_last_delinq,195.27097,0.013608,21
gbm-50k,R,2015H1-R,20260912,open_acc,96.606149,0.006732,13
gbm-50k,R,2015H1-R,20260912,term,96.213371,0.006705,8
gbm-50k,R,2015H1-R,20260912,verification_status,67.508519,0.004705,8
gbm-50k,R,2015H1-R,20260912,total_acc,54.24915,0.003781,5
gbm-50k,R,2015H1-R,20260912,delinq_2yrs,39.74708,0.00277,4
gbm-50k,R,2015H1-R,20260912,pub_rec_bankruptcies,32.81015,0.002287,4
gbm-50k,R,2015H1-R,20260912,pub_rec,19.89257,0.001386,3
gbm-50k,R,2015H1-R,20260913,sub_grade,6666.684814,0.501396,202
gbm-50k,R,2015H1-R,20260913,emp_length,1085.797267,0.081662,80
gbm-50k,R,2015H1-R,20260913,revol_util,642.768109,0.048342,88
gbm-50k,R,2015H1-R,20260913,fico_range_low,612.280213,0.046049,50
gbm-50k,R,2015H1-R,20260913,dti,596.54,0.044865,71
gbm-50k,R,2015H1-R,20260913,credit_history_months,522.505992,0.039297,53
gbm-50k,R,2015H1-R,20260913,purpose,499.163169,0.037542,56
gbm-50k,R,2015H1-R,20260913,annual_inc,482.484771,0.036287,54
gbm-50k,R,2015H1-R,20260913,revol_bal,396.48146,0.029819,46
gbm-50k,R,2015H1-R,20260913,mths_since_last_delinq,368.832359,0.02774,49
gbm-50k,R,2015H1-R,20260913,home_ownership,331.907364,0.024962,24
gbm-50k,R,2015H1-R,20260913,loan_amnt,305.26809,0.022959,47
gbm-50k,R,2015H1-R,20260913,inq_last_6mths,222.89276,0.016764,24
gbm-50k,R,2015H1-R,20260913,total_acc,162.103289,0.012192,23
gbm-50k,R,2015H1-R,20260913,open_acc,131.69038,0.009904,26
gbm-50k,R,2015H1-R,20260913,verification_status,114.7447,0.00863,17
gbm-50k,R,2015H1-R,20260913,pub_rec,66.91376,0.005033,13
gbm-50k,R,2015H1-R,20260913,term,57.555929,0.004329,6
gbm-50k,R,2015H1-R,20260913,pub_rec_bankruptcies,21.01725,0.001581,5
gbm-50k,R,2015H1-R,20260913,delinq_2yrs,8.61894,0.000648,2
gbm,R,2015H2-R,,sub_grade,13203.359928,0.653763,107
gbm,R,2015H2-R,,credit_history_months,960.11106,0.04754,49
gbm,R,2015H2-R,,dti,753.202127,0.037295,40
gbm,R,2015H2-R,,inq_last_6mths,682.326736,0.033785,24
gbm,R,2015H2-R,,home_ownership,625.811203,0.030987,17
gbm,R,2015H2-R,,emp_length,462.369499,0.022894,26
gbm,R,2015H2-R,,annual_inc,462.364241,0.022894,24
gbm,R,2015H2-R,,loan_amnt,461.899686,0.022871,45
gbm,R,2015H2-R,,term,453.875012,0.022474,23
gbm,R,2015H2-R,,revol_bal,421.454717,0.020868,37
gbm,R,2015H2-R,,revol_util,411.388783,0.02037,37
gbm,R,2015H2-R,,fico_range_low,268.096938,0.013275,12
gbm,R,2015H2-R,,mths_since_last_delinq,264.564372,0.0131,32
gbm,R,2015H2-R,,purpose,232.826933,0.011528,24
gbm,R,2015H2-R,,total_acc,165.40977,0.00819,19
gbm,R,2015H2-R,,pub_rec,138.430062,0.006854,14
gbm,R,2015H2-R,,open_acc,101.53438,0.005027,15
gbm,R,2015H2-R,,verification_status,71.07156,0.003519,7
gbm,R,2015H2-R,,pub_rec_bankruptcies,44.35376,0.002196,5
gbm,R,2015H2-R,,delinq_2yrs,11.5037,0.00057,1
gbm-50k,R,2015H2-R,20260911,sub_grade,3063.774826,0.602888,59
gbm-50k,R,2015H2-R,20260911,emp_length,271.805368,0.053486,17
gbm-50k,R,2015H2-R,20260911,credit_history_months,260.657051,0.051292,18
gbm-50k,R,2015H2-R,20260911,dti,251.136334,0.049419,16
gbm-50k,R,2015H2-R,20260911,revol_bal,229.06537,0.045075,21
gbm-50k,R,2015H2-R,20260911,inq_last_6mths,181.643591,0.035744,13
gbm-50k,R,2015H2-R,20260911,loan_amnt,149.273059,0.029374,14
gbm-50k,R,2015H2-R,20260911,revol_util,139.08579,0.027369,15
gbm-50k,R,2015H2-R,20260911,home_ownership,117.18139,0.023059,9
gbm-50k,R,2015H2-R,20260911,mths_since_last_delinq,90.94925,0.017897,10
gbm-50k,R,2015H2-R,20260911,purpose,89.089659,0.017531,9
gbm-50k,R,2015H2-R,20260911,term,79.884217,0.01572,5
gbm-50k,R,2015H2-R,20260911,annual_inc,55.883901,0.010997,8
gbm-50k,R,2015H2-R,20260911,fico_range_low,54.912048,0.010806,3
gbm-50k,R,2015H2-R,20260911,open_acc,21.38004,0.004207,2
gbm-50k,R,2015H2-R,20260911,total_acc,18.10141,0.003562,2
gbm-50k,R,2015H2-R,20260911,verification_status,8.00421,0.001575,1
gbm-50k,R,2015H2-R,20260911,delinq_2yrs,0.0,0.0,0
gbm-50k,R,2015H2-R,20260911,pub_rec,0.0,0.0,0
gbm-50k,R,2015H2-R,20260911,pub_rec_bankruptcies,0.0,0.0,0
gbm-50k,R,2015H2-R,20260912,sub_grade,3000.246674,0.653055,62
gbm-50k,R,2015H2-R,20260912,credit_history_months,205.916391,0.044821,15
gbm-50k,R,2015H2-R,20260912,dti,168.43838,0.036664,12
gbm-50k,R,2015H2-R,20260912,home_ownership,163.644872,0.03562,8
gbm-50k,R,2015H2-R,20260912,fico_range_low,154.613289,0.033654,8
gbm-50k,R,2015H2-R,20260912,revol_util,130.816109,0.028474,14
gbm-50k,R,2015H2-R,20260912,inq_last_6mths,104.87997,0.022829,8
gbm-50k,R,2015H2-R,20260912,annual_inc,103.646121,0.02256,8
gbm-50k,R,2015H2-R,20260912,mths_since_last_delinq,84.04165,0.018293,9
gbm-50k,R,2015H2-R,20260912,loan_amnt,78.80051,0.017152,9
gbm-50k,R,2015H2-R,20260912,purpose,73.040198,0.015898,5
gbm-50k,R,2015H2-R,20260912,revol_bal,70.68834,0.015387,6
gbm-50k,R,2015H2-R,20260912,term,69.20978,0.015065,5
gbm-50k,R,2015H2-R,20260912,emp_length,55.266191,0.01203,6
gbm-50k,R,2015H2-R,20260912,pub_rec,51.631431,0.011238,3
gbm-50k,R,2015H2-R,20260912,open_acc,47.3676,0.01031,5
gbm-50k,R,2015H2-R,20260912,total_acc,31.92152,0.006948,3
gbm-50k,R,2015H2-R,20260912,delinq_2yrs,0.0,0.0,0
gbm-50k,R,2015H2-R,20260912,pub_rec_bankruptcies,0.0,0.0,0
gbm-50k,R,2015H2-R,20260912,verification_status,0.0,0.0,0
gbm-50k,R,2015H2-R,20260913,sub_grade,2637.94583,0.583452,55
gbm-50k,R,2015H2-R,20260913,emp_length,287.274359,0.063538,24
gbm-50k,R,2015H2-R,20260913,credit_history_months,258.778809,0.057236,21
gbm-50k,R,2015H2-R,20260913,inq_last_6mths,219.877925,0.048632,15
gbm-50k,R,2015H2-R,20260913,revol_bal,169.278618,0.03744,19
gbm-50k,R,2015H2-R,20260913,dti,145.377241,0.032154,14
gbm-50k,R,2015H2-R,20260913,annual_inc,107.88069,0.023861,15
gbm-50k,R,2015H2-R,20260913,revol_util,103.8194,0.022962,13
gbm-50k,R,2015H2-R,20260913,purpose,98.273661,0.021736,9
gbm-50k,R,2015H2-R,20260913,total_acc,87.51027,0.019355,14
gbm-50k,R,2015H2-R,20260913,term,78.792911,0.017427,5
gbm-50k,R,2015H2-R,20260913,fico_range_low,69.25786,0.015318,5
gbm-50k,R,2015H2-R,20260913,open_acc,57.24244,0.012661,7
gbm-50k,R,2015H2-R,20260913,verification_status,45.950549,0.010163,6
gbm-50k,R,2015H2-R,20260913,mths_since_last_delinq,44.985399,0.00995,6
gbm-50k,R,2015H2-R,20260913,home_ownership,42.79824,0.009466,5
gbm-50k,R,2015H2-R,20260913,loan_amnt,27.649931,0.006116,3
gbm-50k,R,2015H2-R,20260913,pub_rec,19.71689,0.004361,2
gbm-50k,R,2015H2-R,20260913,pub_rec_bankruptcies,18.86568,0.004173,2
gbm-50k,R,2015H2-R,20260913,delinq_2yrs,0.0,0.0,0
gbm,R,2016H1-R,,sub_grade,68427.219578,0.624741,498
gbm,R,2016H1-R,,dti,4652.910961,0.042481,205
gbm,R,2016H1-R,,credit_history_months,3594.705887,0.03282,274
gbm,R,2016H1-R,,inq_last_6mths,3370.96731,0.030777,111
gbm,R,2016H1-R,,fico_range_low,3326.74159,0.030373,138
gbm,R,2016H1-R,,home_ownership,3202.764741,0.029241,91
gbm,R,2016H1-R,,revol_util,3052.891489,0.027873,312
gbm,R,2016H1-R,,loan_amnt,2663.37319,0.024317,284
gbm,R,2016H1-R,,purpose,2544.135631,0.023228,226
gbm,R,2016H1-R,,revol_bal,2527.157492,0.023073,256
gbm,R,2016H1-R,,emp_length,2322.150808,0.021201,165
gbm,R,2016H1-R,,term,2092.442157,0.019104,129
gbm,R,2016H1-R,,mths_since_last_delinq,1715.62311,0.015664,222
gbm,R,2016H1-R,,verification_status,1675.469825,0.015297,70
gbm,R,2016H1-R,,annual_inc,1660.343585,0.015159,199
gbm,R,2016H1-R,,total_acc,1292.176931,0.011798,218
gbm,R,2016H1-R,,open_acc,649.58489,0.005931,142
gbm,R,2016H1-R,,pub_rec_bankruptcies,329.07081,0.003004,58
gbm,R,2016H1-R,,pub_rec,253.559718,0.002315,37
gbm,R,2016H1-R,,delinq_2yrs,175.69166,0.001604,31
gbm-50k,R,2016H1-R,20260911,sub_grade,10579.562432,0.609922,203
gbm-50k,R,2016H1-R,20260911,inq_last_6mths,839.674826,0.048408,57
gbm-50k,R,2016H1-R,20260911,credit_history_months,787.648008,0.045409,65
gbm-50k,R,2016H1-R,20260911,dti,673.896639,0.038851,57
gbm-50k,R,2016H1-R,20260911,revol_util,556.804301,0.0321,68
gbm-50k,R,2016H1-R,20260911,home_ownership,546.28764,0.031494,40
gbm-50k,R,2016H1-R,20260911,revol_bal,437.475812,0.025221,54
gbm-50k,R,2016H1-R,20260911,purpose,405.028778,0.02335,47
gbm-50k,R,2016H1-R,20260911,annual_inc,385.748151,0.022239,47
gbm-50k,R,2016H1-R,20260911,fico_range_low,337.538609,0.019459,36
gbm-50k,R,2016H1-R,20260911,mths_since_last_delinq,315.259453,0.018175,43
gbm-50k,R,2016H1-R,20260911,loan_amnt,308.4324,0.017781,41
gbm-50k,R,2016H1-R,20260911,open_acc,301.903079,0.017405,38
gbm-50k,R,2016H1-R,20260911,verification_status,211.994069,0.012222,21
gbm-50k,R,2016H1-R,20260911,total_acc,209.792439,0.012095,29
gbm-50k,R,2016H1-R,20260911,pub_rec,189.8666,0.010946,29
gbm-50k,R,2016H1-R,20260911,emp_length,133.987971,0.007725,16
gbm-50k,R,2016H1-R,20260911,term,100.815529,0.005812,11
gbm-50k,R,2016H1-R,20260911,pub_rec_bankruptcies,24.04393,0.001386,4
gbm-50k,R,2016H1-R,20260911,delinq_2yrs,0.0,0.0,0
gbm-50k,R,2016H1-R,20260912,sub_grade,11194.320326,0.635356,170
gbm-50k,R,2016H1-R,20260912,dti,736.033797,0.041775,52
gbm-50k,R,2016H1-R,20260912,revol_util,692.153247,0.039285,56
gbm-50k,R,2016H1-R,20260912,emp_length,616.91635,0.035014,46
gbm-50k,R,2016H1-R,20260912,credit_history_months,612.61353,0.03477,44
gbm-50k,R,2016H1-R,20260912,revol_bal,597.02734,0.033885,62
gbm-50k,R,2016H1-R,20260912,fico_range_low,559.016587,0.031728,30
gbm-50k,R,2016H1-R,20260912,annual_inc,448.64273,0.025464,49
gbm-50k,R,2016H1-R,20260912,verification_status,441.254303,0.025044,27
gbm-50k,R,2016H1-R,20260912,home_ownership,348.40995,0.019775,25
gbm-50k,R,2016H1-R,20260912,inq_last_6mths,305.154867,0.01732,20
gbm-50k,R,2016H1-R,20260912,mths_since_last_delinq,303.15037,0.017206,38
gbm-50k,R,2016H1-R,20260912,loan_amnt,237.282921,0.013467,29
gbm-50k,R,2016H1-R,20260912,total_acc,204.409451,0.011602,24
gbm-50k,R,2016H1-R,20260912,term,124.94105,0.007091,14
gbm-50k,R,2016H1-R,20260912,purpose,109.242169,0.0062,14
gbm-50k,R,2016H1-R,20260912,open_acc,76.528431,0.004344,13
gbm-50k,R,2016H1-R,20260912,delinq_2yrs,11.8752,0.000674,1
gbm-50k,R,2016H1-R,20260912,pub_rec,0.0,0.0,0
gbm-50k,R,2016H1-R,20260912,pub_rec_bankruptcies,0.0,0.0,0
gbm-50k,R,2016H1-R,20260913,sub_grade,12106.706684,0.532718,280
gbm-50k,R,2016H1-R,20260913,credit_history_months,1544.743826,0.067972,161
gbm-50k,R,2016H1-R,20260913,revol_util,1372.195747,0.060379,191
gbm-50k,R,2016H1-R,20260913,dti,986.08901,0.04339,112
gbm-50k,R,2016H1-R,20260913,revol_bal,976.757261,0.042979,173
gbm-50k,R,2016H1-R,20260913,loan_amnt,880.620081,0.038749,139
gbm-50k,R,2016H1-R,20260913,emp_length,590.567903,0.025986,107
gbm-50k,R,2016H1-R,20260913,inq_last_6mths,562.739127,0.024762,50
gbm-50k,R,2016H1-R,20260913,mths_since_last_delinq,522.295148,0.022982,95
gbm-50k,R,2016H1-R,20260913,fico_range_low,520.614127,0.022908,59
gbm-50k,R,2016H1-R,20260913,home_ownership,454.466517,0.019997,50
gbm-50k,R,2016H1-R,20260913,purpose,419.190801,0.018445,61
gbm-50k,R,2016H1-R,20260913,annual_inc,407.905248,0.017949,70
gbm-50k,R,2016H1-R,20260913,term,365.415689,0.016079,59
gbm-50k,R,2016H1-R,20260913,open_acc,301.98372,0.013288,78
gbm-50k,R,2016H1-R,20260913,total_acc,274.80642,0.012092,58
gbm-50k,R,2016H1-R,20260913,verification_status,270.649568,0.011909,31
gbm-50k,R,2016H1-R,20260913,delinq_2yrs,142.16207,0.006255,37
gbm-50k,R,2016H1-R,20260913,pub_rec,26.38448,0.001161,7
gbm-50k,R,2016H1-R,20260913,pub_rec_bankruptcies,0.0,0.0,0
gbm,R,2016H2-R,,sub_grade,107130.784664,0.627985,546
gbm,R,2016H2-R,,dti,6608.670795,0.038739,330
gbm,R,2016H2-R,,inq_last_6mths,5463.493805,0.032026,134
gbm,R,2016H2-R,,revol_bal,5440.123901,0.031889,421
gbm,R,2016H2-R,,credit_history_months,5179.484618,0.030361,315
gbm,R,2016H2-R,,home_ownership,5175.772821,0.03034,153
gbm,R,2016H2-R,,loan_amnt,5156.430238,0.030226,406
gbm,R,2016H2-R,,revol_util,5146.013539,0.030165,405
gbm,R,2016H2-R,,emp_length,3832.517685,0.022466,266
gbm,R,2016H2-R,,fico_range_low,3635.774194,0.021312,167
gbm,R,2016H2-R,,purpose,3611.317729,0.021169,257
gbm,R,2016H2-R,,verification_status,3105.684191,0.018205,91
gbm,R,2016H2-R,,term,3013.676005,0.017666,131
gbm,R,2016H2-R,,annual_inc,2575.990115,0.0151,272
gbm,R,2016H2-R,,mths_since_last_delinq,2035.697131,0.011933,191
gbm,R,2016H2-R,,total_acc,1626.370481,0.009534,202
gbm,R,2016H2-R,,open_acc,1101.041519,0.006454,139
gbm,R,2016H2-R,,pub_rec,454.211432,0.002663,55
gbm,R,2016H2-R,,delinq_2yrs,159.597301,0.000936,30
gbm,R,2016H2-R,,pub_rec_bankruptcies,141.708221,0.000831,25
gbm-50k,R,2016H2-R,20260911,sub_grade,12898.206257,0.453336,303
gbm-50k,R,2016H2-R,20260911,credit_history_months,1634.682589,0.057454,194
gbm-50k,R,2016H2-R,20260911,dti,1566.002235,0.055041,178
gbm-50k,R,2016H2-R,20260911,revol_bal,1415.296974,0.049744,224
gbm-50k,R,2016H2-R,20260911,inq_last_6mths,1279.134354,0.044958,105
gbm-50k,R,2016H2-R,20260911,loan_amnt,1203.634074,0.042304,147
gbm-50k,R,2016H2-R,20260911,home_ownership,1149.394776,0.040398,103
gbm-50k,R,2016H2-R,20260911,emp_length,1087.065389,0.038207,151
gbm-50k,R,2016H2-R,20260911,annual_inc,1055.088923,0.037083,160
gbm-50k,R,2016H2-R,20260911,revol_util,951.906192,0.033457,132
gbm-50k,R,2016H2-R,20260911,verification_status,839.607647,0.02951,74
gbm-50k,R,2016H2-R,20260911,purpose,835.021006,0.029349,119
gbm-50k,R,2016H2-R,20260911,mths_since_last_delinq,798.699808,0.028072,127
gbm-50k,R,2016H2-R,20260911,total_acc,663.685418,0.023327,112
gbm-50k,R,2016H2-R,20260911,fico_range_low,442.86898,0.015566,81
gbm-50k,R,2016H2-R,20260911,open_acc,252.964161,0.008891,47
gbm-50k,R,2016H2-R,20260911,term,199.300421,0.007005,17
gbm-50k,R,2016H2-R,20260911,pub_rec,112.02684,0.003937,24
gbm-50k,R,2016H2-R,20260911,delinq_2yrs,61.21015,0.002151,11
gbm-50k,R,2016H2-R,20260911,pub_rec_bankruptcies,5.98342,0.00021,1
gbm-50k,R,2016H2-R,20260912,sub_grade,12316.34938,0.586272,239
gbm-50k,R,2016H2-R,20260912,dti,977.48262,0.046529,107
gbm-50k,R,2016H2-R,20260912,home_ownership,891.742617,0.042448,68
gbm-50k,R,2016H2-R,20260912,credit_history_months,744.804018,0.035454,81
gbm-50k,R,2016H2-R,20260912,revol_util,723.403322,0.034435,90
gbm-50k,R,2016H2-R,20260912,loan_amnt,696.226108,0.033141,87
gbm-50k,R,2016H2-R,20260912,revol_bal,587.66512,0.027974,71
gbm-50k,R,2016H2-R,20260912,purpose,526.459301,0.02506,55
gbm-50k,R,2016H2-R,20260912,annual_inc,491.697462,0.023405,81
gbm-50k,R,2016H2-R,20260912,inq_last_6mths,471.889296,0.022462,42
gbm-50k,R,2016H2-R,20260912,fico_range_low,471.420973,0.02244,48
gbm-50k,R,2016H2-R,20260912,emp_length,405.954481,0.019324,58
gbm-50k,R,2016H2-R,20260912,mths_since_last_delinq,385.78585,0.018364,58
gbm-50k,R,2016H2-R,20260912,term,327.921808,0.015609,38
gbm-50k,R,2016H2-R,20260912,open_acc,321.093761,0.015284,47
gbm-50k,R,2016H2-R,20260912,verification_status,308.61841,0.014691,34
gbm-50k,R,2016H2-R,20260912,total_acc,306.998991,0.014613,47
gbm-50k,R,2016H2-R,20260912,pub_rec,43.49323,0.00207,7
gbm-50k,R,2016H2-R,20260912,pub_rec_bankruptcies,8.89944,0.000424,2
gbm-50k,R,2016H2-R,20260912,delinq_2yrs,0.0,0.0,0
gbm-50k,R,2016H2-R,20260913,sub_grade,13467.568726,0.552266,302
gbm-50k,R,2016H2-R,20260913,credit_history_months,1490.158113,0.061107,139
gbm-50k,R,2016H2-R,20260913,dti,1146.40889,0.047011,142
gbm-50k,R,2016H2-R,20260913,revol_util,940.339926,0.038561,131
gbm-50k,R,2016H2-R,20260913,loan_amnt,872.209681,0.035767,118
gbm-50k,R,2016H2-R,20260913,annual_inc,822.070075,0.033711,119
gbm-50k,R,2016H2-R,20260913,revol_bal,736.006414,0.030181,100
gbm-50k,R,2016H2-R,20260913,purpose,657.0304,0.026943,74
gbm-50k,R,2016H2-R,20260913,fico_range_low,654.630025,0.026844,68
gbm-50k,R,2016H2-R,20260913,inq_last_6mths,619.849929,0.025418,51
gbm-50k,R,2016H2-R,20260913,verification_status,575.99433,0.02362,67
gbm-50k,R,2016H2-R,20260913,emp_length,547.021661,0.022432,79
gbm-50k,R,2016H2-R,20260913,home_ownership,535.311167,0.021952,50
gbm-50k,R,2016H2-R,20260913,mths_since_last_delinq,390.658601,0.01602,58
gbm-50k,R,2016H2-R,20260913,total_acc,326.362559,0.013383,49
gbm-50k,R,2016H2-R,20260913,open_acc,320.672791,0.01315,49
gbm-50k,R,2016H2-R,20260913,term,199.924401,0.008198,28
gbm-50k,R,2016H2-R,20260913,pub_rec_bankruptcies,54.20677,0.002223,9
gbm-50k,R,2016H2-R,20260913,pub_rec,17.17179,0.000704,3
gbm-50k,R,2016H2-R,20260913,delinq_2yrs,12.4209,0.000509,2
gbm,R,2017H1-R,,sub_grade,139500.960559,0.604525,682
gbm,R,2017H1-R,,dti,9512.290443,0.041221,535
gbm,R,2017H1-R,,loan_amnt,8540.437181,0.03701,659
gbm,R,2017H1-R,,revol_bal,8385.338339,0.036338,628
gbm,R,2017H1-R,,inq_last_6mths,6978.29834,0.03024,187
gbm,R,2017H1-R,,credit_history_months,6565.499572,0.028451,543
gbm,R,2017H1-R,,revol_util,6048.121962,0.026209,492
gbm,R,2017H1-R,,home_ownership,6004.367403,0.02602,222
gbm,R,2017H1-R,,fico_range_low,5762.037847,0.02497,334
gbm,R,2017H1-R,,purpose,5277.587937,0.02287,405
gbm,R,2017H1-R,,emp_length,5219.639345,0.022619,398
gbm,R,2017H1-R,,term,4977.134906,0.021568,169
gbm,R,2017H1-R,,verification_status,4864.700058,0.021081,136
gbm,R,2017H1-R,,annual_inc,4279.191296,0.018544,440
gbm,R,2017H1-R,,mths_since_last_delinq,3137.08946,0.013595,341
gbm,R,2017H1-R,,total_acc,2946.65818,0.012769,316
gbm,R,2017H1-R,,open_acc,1746.550964,0.007569,198
gbm,R,2017H1-R,,pub_rec,610.451311,0.002645,77
gbm,R,2017H1-R,,pub_rec_bankruptcies,223.552859,0.000969,25
gbm,R,2017H1-R,,delinq_2yrs,181.518212,0.000787,23
gbm-50k,R,2017H1-R,20260911,sub_grade,17782.950596,0.467282,392
gbm-50k,R,2017H1-R,20260911,loan_amnt,2021.152028,0.05311,334
gbm-50k,R,2017H1-R,20260911,revol_bal,2014.395004,0.052932,358
gbm-50k,R,2017H1-R,20260911,credit_history_months,1899.153499,0.049904,335
gbm-50k,R,2017H1-R,20260911,revol_util,1697.457938,0.044604,285
gbm-50k,R,2017H1-R,20260911,dti,1654.686704,0.04348,234
gbm-50k,R,2017H1-R,20260911,annual_inc,1370.540454,0.036014,268
gbm-50k,R,2017H1-R,20260911,mths_since_last_delinq,1183.563344,0.0311,256
gbm-50k,R,2017H1-R,20260911,emp_length,1162.3653,0.030543,218
gbm-50k,R,2017H1-R,20260911,term,1080.257787,0.028386,89
gbm-50k,R,2017H1-R,20260911,inq_last_6mths,1057.381196,0.027785,74
gbm-50k,R,2017H1-R,20260911,verification_status,889.19155,0.023365,95
gbm-50k,R,2017H1-R,20260911,fico_range_low,888.279011,0.023341,150
gbm-50k,R,2017H1-R,20260911,total_acc,871.295033,0.022895,163
gbm-50k,R,2017H1-R,20260911,home_ownership,846.34112,0.022239,108
gbm-50k,R,2017H1-R,20260911,open_acc,677.00827,0.01779,136
gbm-50k,R,2017H1-R,20260911,purpose,672.264138,0.017665,109
gbm-50k,R,2017H1-R,20260911,pub_rec,174.48208,0.004585,36
gbm-50k,R,2017H1-R,20260911,pub_rec_bankruptcies,91.39204,0.002402,15
gbm-50k,R,2017H1-R,20260911,delinq_2yrs,21.95772,0.000577,5
gbm-50k,R,2017H1-R,20260912,sub_grade,15385.977477,0.436421,394
gbm-50k,R,2017H1-R,20260912,revol_bal,2026.029758,0.057468,351
gbm-50k,R,2017H1-R,20260912,revol_util,1961.77639,0.055645,340
gbm-50k,R,2017H1-R,20260912,credit_history_months,1748.298671,0.04959,316
gbm-50k,R,2017H1-R,20260912,dti,1713.732385,0.04861,265
gbm-50k,R,2017H1-R,20260912,emp_length,1641.723316,0.046567,251
gbm-50k,R,2017H1-R,20260912,loan_amnt,1408.414915,0.039949,264
gbm-50k,R,2017H1-R,20260912,mths_since_last_delinq,1245.922011,0.03534,238
gbm-50k,R,2017H1-R,20260912,annual_inc,1222.500361,0.034676,258
gbm-50k,R,2017H1-R,20260912,fico_range_low,1200.48748,0.034052,208
gbm-50k,R,2017H1-R,20260912,inq_last_6mths,1074.270362,0.030472,100
gbm-50k,R,2017H1-R,20260912,total_acc,954.38312,0.027071,219
gbm-50k,R,2017H1-R,20260912,verification_status,831.769123,0.023593,87
gbm-50k,R,2017H1-R,20260912,home_ownership,787.467401,0.022336,114
gbm-50k,R,2017H1-R,20260912,purpose,758.779619,0.021523,126
gbm-50k,R,2017H1-R,20260912,open_acc,678.49413,0.019245,139
gbm-50k,R,2017H1-R,20260912,term,398.794272,0.011312,67
gbm-50k,R,2017H1-R,20260912,delinq_2yrs,95.97235,0.002722,18
gbm-50k,R,2017H1-R,20260912,pub_rec,85.728109,0.002432,19
gbm-50k,R,2017H1-R,20260912,pub_rec_bankruptcies,34.39831,0.000976,6
gbm-50k,R,2017H1-R,20260913,sub_grade,14998.09453,0.43015,397
gbm-50k,R,2017H1-R,20260913,dti,2086.940355,0.059854,290
gbm-50k,R,2017H1-R,20260913,revol_bal,2031.625804,0.058268,359
gbm-50k,R,2017H1-R,20260913,loan_amnt,1710.590989,0.04906,293
gbm-50k,R,2017H1-R,20260913,revol_util,1640.24167,0.047043,338
gbm-50k,R,2017H1-R,20260913,credit_history_months,1516.989082,0.043508,316
gbm-50k,R,2017H1-R,20260913,fico_range_low,1383.518599,0.03968,197
gbm-50k,R,2017H1-R,20260913,annual_inc,1279.277018,0.03669,252
gbm-50k,R,2017H1-R,20260913,emp_length,1253.681679,0.035956,244
gbm-50k,R,2017H1-R,20260913,total_acc,1228.129171,0.035223,238
gbm-50k,R,2017H1-R,20260913,mths_since_last_delinq,1167.022609,0.033471,236
gbm-50k,R,2017H1-R,20260913,home_ownership,1118.514614,0.032079,134
gbm-50k,R,2017H1-R,20260913,purpose,828.775242,0.02377,124
gbm-50k,R,2017H1-R,20260913,inq_last_6mths,735.075722,0.021082,83
gbm-50k,R,2017H1-R,20260913,verification_status,603.531457,0.017309,82
gbm-50k,R,2017H1-R,20260913,open_acc,600.650001,0.017227,133
gbm-50k,R,2017H1-R,20260913,term,575.436402,0.016504,70
gbm-50k,R,2017H1-R,20260913,pub_rec,66.07554,0.001895,14
gbm-50k,R,2017H1-R,20260913,pub_rec_bankruptcies,21.86011,0.000627,5
gbm-50k,R,2017H1-R,20260913,delinq_2yrs,21.11042,0.000605,5
