model,arm,build_id,context_seed,train_rows,fit_rows,validation_quarters,validation_rows,validation_logloss,rounds,num_leaves,learning_rate,min_child_samples,feature_fraction,fit_seconds,notes
gbm,E,2013H1-E,,52781,34258,2012Q1 2012Q2,18523,0.12456806,176,15,0.03,20,0.6,43.61,
gbm-50k,E,2013H1-E,20260911,50000,32418,2012Q1 2012Q2,17582,0.12482574,104,15,0.03,20,0.6,73.99,
gbm-50k,E,2013H1-E,20260912,50000,32457,2012Q1 2012Q2,17543,0.12484401,121,15,0.03,20,0.6,56.28,
gbm-50k,E,2013H1-E,20260913,50000,32442,2012Q1 2012Q2,17558,0.12412423,110,15,0.03,200,0.6,15.49,
gbm,E,2013H2-E,,87625,68914,2012Q4,18711,0.10726391,66,63,0.03,20,0.6,42.72,
gbm-50k,E,2013H2-E,20260911,50000,39337,2012Q4,10663,0.10593744,13,63,0.1,200,0.6,61.32,
gbm-50k,E,2013H2-E,20260912,50000,39335,2012Q4,10665,0.10081469,108,15,0.03,200,0.6,42.23,
gbm-50k,E,2013H2-E,20260913,50000,39314,2012Q4,10686,0.11349674,22,15,0.1,200,0.6,27.04,
gbm,E,2014H1-E,,140999,110331,2013Q2,30668,0.10595163,63,15,0.1,200,0.6,29.32,
gbm-50k,E,2014H1-E,20260911,50000,39074,2013Q2,10926,0.11001872,132,15,0.03,200,0.6,12.51,
gbm-50k,E,2014H1-E,20260912,50000,39116,2013Q2,10884,0.11316604,111,15,0.03,200,0.6,13.23,
gbm-50k,E,2014H1-E,20260913,50000,39222,2013Q2,10778,0.1041111,125,15,0.03,20,1.0,19.28,
gbm,E,2014H2-E,,222439,140999,2013Q3 2013Q4,81440,0.09678241,207,15,0.03,20,0.6,39.98,
gbm-50k,E,2014H2-E,20260911,50000,31705,2013Q3 2013Q4,18295,0.09636453,107,15,0.03,200,0.6,12.53,
gbm-50k,E,2014H2-E,20260912,50000,31732,2013Q3 2013Q4,18268,0.10210289,33,15,0.1,200,0.6,11.99,
gbm-50k,E,2014H2-E,20260913,50000,31574,2013Q3 2013Q4,18426,0.09699243,73,15,0.03,20,1.0,11.16,
gbm,E,2015H1-E,,325198,222439,2014Q1 2014Q2,102759,0.10482245,281,15,0.03,200,0.6,71.93,
gbm-50k,E,2015H1-E,20260911,50000,34231,2014Q1 2014Q2,15769,0.10757104,153,15,0.03,200,0.6,12.65,
gbm-50k,E,2015H1-E,20260912,50000,34163,2014Q1 2014Q2,15837,0.10581152,35,15,0.1,200,0.6,10.43,
gbm-50k,E,2015H1-E,20260913,50000,34165,2014Q1 2014Q2,15835,0.10197952,124,15,0.03,200,0.6,11.37,
gbm,E,2015H2-E,,458068,325198,2014Q3 2014Q4,132870,0.10564041,374,15,0.03,200,0.6,106.66,
gbm-50k,E,2015H2-E,20260911,50000,35281,2014Q3 2014Q4,14719,0.10832711,78,15,0.03,200,0.6,9.84,
gbm-50k,E,2015H2-E,20260912,50000,35461,2014Q3 2014Q4,14539,0.10621325,71,15,0.03,200,0.6,10.05,
gbm-50k,E,2015H2-E,20260913,50000,35444,2014Q3 2014Q4,14556,0.11250348,113,15,0.03,200,0.6,12.24,
gbm,E,2016H1-E,,638170,458068,2015Q1 2015Q2,180102,0.11856597,419,15,0.03,200,0.6,179.52,
gbm-50k,E,2016H1-E,20260911,50000,35953,2015Q1 2015Q2,14047,0.10805644,131,15,0.03,200,0.6,11.5,
gbm-50k,E,2016H1-E,20260912,50000,35882,2015Q1 2015Q2,14118,0.11903157,117,15,0.03,200,1.0,11.65,
gbm-50k,E,2016H1-E,20260913,50000,35883,2015Q1 2015Q2,14117,0.1175567,39,15,0.1,200,0.6,12.26,
gbm,E,2016H2-E,,879163,638170,2015Q3 2015Q4,240993,0.11565591,581,15,0.03,200,0.6,286.15,
gbm-50k,E,2016H2-E,20260911,50000,36132,2015Q3 2015Q4,13868,0.12184781,130,15,0.03,20,0.6,11.21,
gbm-50k,E,2016H2-E,20260912,50000,36284,2015Q3 2015Q4,13716,0.11728559,89,15,0.03,20,1.0,11.5,
gbm-50k,E,2016H2-E,20260913,50000,36310,2015Q3 2015Q4,13690,0.11600878,28,15,0.1,200,1.0,10.16,
gbm,E,2017H1-E,,1110904,879163,2016Q1 2016Q2,231741,0.13469762,699,15,0.03,200,0.6,466.96,
gbm-50k,E,2017H1-E,20260911,50000,39552,2016Q1 2016Q2,10448,0.13805587,176,15,0.03,200,0.6,15.54,
gbm-50k,E,2017H1-E,20260912,50000,39413,2016Q1 2016Q2,10587,0.13739003,117,15,0.03,200,0.6,12.3,
gbm-50k,E,2017H1-E,20260913,50000,39672,2016Q1 2016Q2,10328,0.12715296,81,63,0.03,200,1.0,15.12,
gbm,R,2013H1-R,,31016,20569,2012Q2,10447,0.12405567,33,15,0.1,200,0.6,9.61,
gbm-50k,R,2013H1-R,20260911,31016,20569,2012Q2,10447,0.12405567,33,15,0.1,200,0.6,9.48,
gbm-50k,R,2013H1-R,20260912,31016,20569,2012Q2,10447,0.12405567,33,15,0.1,200,0.6,10.02,
gbm-50k,R,2013H1-R,20260913,31016,20569,2012Q2,10447,0.12405567,33,15,0.1,200,0.6,9.54,
gbm,R,2013H2-R,,53367,34656,2012Q4,18711,0.10763313,63,63,0.03,200,0.6,13.24,
gbm-50k,R,2013H2-R,20260911,50000,32470,2012Q4,17530,0.10618051,57,63,0.03,200,0.6,12.75,
gbm-50k,R,2013H2-R,20260912,50000,32477,2012Q4,17523,0.10541158,47,63,0.03,200,0.6,10.66,
gbm-50k,R,2013H2-R,20260913,50000,32539,2012Q4,17461,0.11027954,57,63,0.03,200,0.6,10.77,
gbm,R,2014H1-R,,88218,57550,2013Q2,30668,0.10646929,116,15,0.03,200,0.6,18.94,
gbm-50k,R,2014H1-R,20260911,50000,32666,2013Q2,17334,0.10226538,78,15,0.03,200,0.6,11.98,
gbm-50k,R,2014H1-R,20260912,50000,32660,2013Q2,17340,0.11103845,20,15,0.1,200,1.0,12.0,
gbm-50k,R,2014H1-R,20260913,50000,32597,2013Q2,17403,0.10478143,164,15,0.03,200,0.6,12.38,
gbm,R,2014H2-R,,134814,90945,2013Q4,43869,0.09064796,188,15,0.03,200,0.6,29.3,
gbm-50k,R,2014H2-R,20260911,50000,33683,2013Q4,16317,0.09106578,93,15,0.03,200,0.6,13.26,
gbm-50k,R,2014H2-R,20260912,50000,33732,2013Q4,16268,0.08994622,91,15,0.03,200,0.6,12.44,
gbm-50k,R,2014H2-R,20260913,50000,33723,2013Q4,16277,0.08863008,74,15,0.03,200,0.6,10.03,
gbm,R,2015H1-R,,184199,128850,2014Q2,55349,0.10818451,227,15,0.03,200,0.6,37.09,
gbm-50k,R,2015H1-R,20260911,50000,34878,2014Q2,15122,0.10685145,92,15,0.03,200,0.6,10.42,
gbm-50k,R,2015H1-R,20260912,50000,35032,2014Q2,14968,0.10772078,110,15,0.03,20,0.6,10.51,
gbm-50k,R,2015H1-R,20260913,50000,34909,2014Q2,15091,0.11445383,69,15,0.03,200,0.6,8.99,
gbm,R,2015H2-R,,235629,161485,2014Q4,74144,0.10573439,186,15,0.03,20,0.6,52.04,
gbm-50k,R,2015H2-R,20260911,50000,34319,2014Q4,15681,0.10917209,121,15,0.03,20,0.6,14.63,
gbm-50k,R,2015H2-R,20260912,50000,34420,2014Q4,15580,0.10173146,38,15,0.1,20,0.6,13.56,
gbm-50k,R,2015H2-R,20260913,50000,34220,2014Q4,15780,0.10678833,105,15,0.03,200,0.6,13.42,
gbm,R,2016H1-R,,312972,217147,2015Q2,95825,0.11857556,271,15,0.03,200,0.6,73.69,
gbm-50k,R,2016H1-R,20260911,50000,34554,2015Q2,15446,0.12600046,110,15,0.03,200,0.6,11.3,
gbm-50k,R,2016H1-R,20260912,50000,34489,2015Q2,15511,0.11843536,19,15,0.1,200,0.6,9.69,
gbm-50k,R,2016H1-R,20260913,50000,34867,2015Q2,15133,0.11943305,31,15,0.1,200,0.6,11.12,
gbm,R,2016H2-R,,421095,290591,2015Q4,130504,0.11863582,365,15,0.03,200,0.6,101.29,
gbm-50k,R,2016H2-R,20260911,50000,34592,2015Q4,15408,0.1215475,34,15,0.1,200,0.6,12.23,
gbm-50k,R,2016H2-R,20260912,50000,34397,2015Q4,15603,0.12177744,131,15,0.03,20,0.6,12.15,
gbm-50k,R,2016H2-R,20260913,50000,34633,2015Q4,15367,0.12658624,151,15,0.03,200,0.6,13.75,
gbm,R,2017H1-R,,472734,374880,2016Q2,97854,0.13797889,327,15,0.03,200,0.6,134.82,
gbm-50k,R,2017H1-R,20260911,50000,39750,2016Q2,10250,0.13530491,140,15,0.03,200,0.6,14.69,
gbm-50k,R,2017H1-R,20260912,50000,39609,2016Q2,10391,0.13858905,166,15,0.03,200,0.6,14.59,
gbm-50k,R,2017H1-R,20260913,50000,39475,2016Q2,10525,0.13944906,143,15,0.03,200,0.6,13.18,
