build_id,arm,as_of,cohort,age_quarters,labelled,defaults,rate,labelled_reported,defaults_reported,labelled_horizon,defaults_horizon,floor,regime,maturity_share,labelled_share,excluded_first_observed_late,excluded_record_gap,scored_linked_to_training_by_pre_harp_id,pool_rate
2002H2-E,E,2002-12-31,2003H1,1,24274,72,0.002966,24274,72,24274,34,False,pre-flag,1.0,0.97096,613,2,0,0.011887
2002H2-E,E,2002-12-31,2003H2,3,24200,139,0.005744,24200,139,24201,48,True,pre-flag,1.0,0.968,600,5,0,0.011887
2002H2-E,E,2002-12-31,2004H1,5,24213,179,0.007393,24213,179,24215,49,True,pre-flag,1.0,0.96852,555,6,0,0.011887
2002H2-E,E,2002-12-31,2004H2,7,24083,201,0.008346,24083,201,24086,66,True,pre-flag,1.0,0.96332,605,7,0,0.011887
2002H2-E,E,2002-12-31,2005H1,9,24225,247,0.010196,24225,247,24228,102,True,pre-flag,1.0,0.969,510,8,0,0.011887
2002H2-E,E,2002-12-31,2005H2,11,24061,260,0.010806,24061,260,24062,77,True,pre-flag,1.0,0.96244,695,21,0,0.011887
2002H2-E,E,2002-12-31,2006H1,13,23264,404,0.017366,23264,404,23266,113,True,pre-flag,1.0,0.93056,1446,17,0,0.011887
2002H2-E,E,2002-12-31,2006H2,15,23886,524,0.021938,23886,524,23895,121,True,pre-flag,1.0,0.95544,866,13,0,0.011887
2002H2-E,E,2002-12-31,2007H1,17,23156,803,0.034678,23156,803,23160,148,True,pre-flag,1.0,0.92624,1656,16,0,0.011887
2002H2-E,E,2002-12-31,2007H2,19,24356,1555,0.063845,24356,1555,24365,397,True,pre-flag,1.0,0.97424,391,12,0,0.011887
2002H2-E,E,2002-12-31,2008H1,21,24656,1108,0.044938,24656,1108,24661,320,True,pre-flag,1.0,0.98624,183,4,0,0.011887
2002H2-E,E,2002-12-31,2008H2,23,24737,857,0.034644,24737,857,24741,347,True,pre-flag,1.0,0.98952,61,10,0,0.011887
2002H2-E,E,2002-12-31,2009H1,25,24841,118,0.00475,24841,118,24850,34,True,pre-flag,1.0,0.9936,108,3,0,0.011887
2002H2-E,E,2002-12-31,2009H2,27,24708,196,0.007933,24708,196,24762,68,True,pre-flag,1.0,0.98832,165,1,0,0.011887
2002H2-E,E,2002-12-31,2010H1,29,24842,191,0.007689,24842,191,24847,62,True,pre-flag,1.0,0.99368,90,1,0,0.011887
2002H2-E,E,2002-12-31,2010H2,31,24683,152,0.006158,24683,152,24696,42,True,pre-flag,1.0,0.98732,269,0,0,0.011887
2002H2-E,E,2002-12-31,2011H1,33,24612,195,0.007923,24612,195,24632,70,True,pre-flag,1.0,0.98448,305,3,2,0.011887
2002H2-E,E,2002-12-31,2011H2,35,24646,119,0.004828,24646,119,24649,39,True,straddling,1.0,0.98584,287,1,1,0.011887
2002H2-E,E,2002-12-31,2012H1,37,24306,148,0.006089,24306,149,24311,56,True,straddling,1.0,0.97224,615,0,0,0.011887
2002H2-E,E,2002-12-31,2012H2,39,24538,131,0.005339,24538,133,24541,53,True,straddling,1.0,0.98152,398,0,1,0.011887
2002H2-E,E,2002-12-31,2013H1,41,24341,85,0.003492,24341,86,24346,30,False,straddling,1.0,0.97364,600,0,0,0.011887
2002H2-E,E,2002-12-31,2013H2,43,23974,142,0.005923,23974,148,23975,49,True,straddling,1.0,0.95896,938,0,2,0.011887
2002H2-E,E,2002-12-31,2014H1,45,24341,137,0.005628,24341,143,24349,42,True,flagged,1.0,0.97364,549,0,0,0.011887
2002H2-E,E,2002-12-31,2014H2,47,24213,99,0.004089,24213,104,24216,34,False,flagged,1.0,0.96852,695,0,0,0.011887
2002H2-E,E,2002-12-31,2015H1,49,24159,83,0.003436,24159,88,24161,21,False,flagged,1.0,0.96636,779,0,0,0.011887
2002H2-E,E,2002-12-31,2015H2,51,24159,130,0.005381,24159,164,24160,37,True,flagged,1.0,0.96636,758,2,0,0.011887
2002H2-E,E,2002-12-31,2016H1,53,24632,115,0.004669,24632,157,24635,23,True,flagged,1.0,0.98528,292,0,0,0.011887
2002H2-E,E,2002-12-31,2016H2,55,24760,121,0.004887,24760,170,24767,29,True,flagged,1.0,0.9904,161,0,0,0.011887
2002H2-E,E,2002-12-31,2017H1,57,24541,162,0.006601,24541,224,24544,61,True,flagged,1.0,0.98164,342,0,0,0.011887
2002H2-E,E,2002-12-31,2017H2,59,24679,142,0.005754,24679,171,24685,43,True,flagged,1.0,0.98716,237,1,0,0.011887
2002H2-E,E,2002-12-31,2018H1,61,24416,148,0.006062,24416,337,24421,48,True,flagged,1.0,0.97664,501,0,0,0.011887
2002H2-E,E,2002-12-31,2018H2,63,24543,146,0.005949,24543,929,24548,50,True,flagged,1.0,0.98172,340,0,0,0.011887
2002H2-E,E,2002-12-31,2019H1,65,24752,110,0.004444,24753,1135,24758,42,True,flagged,1.0,0.99008,131,0,0,0.011887
2002H2-E,E,2002-12-31,2019H2,67,24861,136,0.00547,24864,1148,24868,59,True,flagged,1.0,0.99444,64,0,0,0.011887
2002H2-E,E,2002-12-31,2020H1,69,24880,111,0.004461,24894,609,24892,56,True,flagged,1.0,0.9952,11,0,0,0.011887
2002H2-E,E,2002-12-31,2020H2,71,24919,71,0.002849,24919,197,24924,29,False,flagged,1.0,0.99676,12,0,0,0.011887
2002H2-E,E,2002-12-31,2021H1,73,24909,90,0.003613,24912,193,24920,33,False,flagged,1.0,0.99636,23,0,0,0.011887
2002H2-E,E,2002-12-31,2021H2,75,24929,136,0.005455,24932,263,24939,38,True,flagged,1.0,0.99716,24,0,0,0.011887
2002H2-E,E,2002-12-31,2022H1,77,24889,291,0.011692,24891,423,24904,79,True,flagged,1.0,0.99556,14,0,0,0.011887
2002H2-E,E,2002-12-31,2022H2,79,24859,373,0.015005,24860,485,24879,107,True,flagged,1.0,0.99436,11,0,0,0.011887
2002H2-E,E,2002-12-31,2023H1,81,24882,381,0.015312,24884,464,24895,120,True,flagged,1.0,0.99528,5,0,0,0.011887
2002H2-E,E,2002-12-31,2023H2,83,24866,363,0.014598,24867,420,24877,120,True,flagged,1.0,0.99464,21,0,0,0.011887
2004H2-E,E,2004-12-31,2005H1,1,24225,247,0.010196,24225,247,24228,102,True,pre-flag,1.0,0.969,510,8,0,0.011751
2004H2-E,E,2004-12-31,2005H2,3,24061,260,0.010806,24061,260,24062,77,True,pre-flag,1.0,0.96244,695,21,0,0.011751
2004H2-E,E,2004-12-31,2006H1,5,23264,404,0.017366,23264,404,23266,113,True,pre-flag,1.0,0.93056,1446,17,0,0.011751
2004H2-E,E,2004-12-31,2006H2,7,23886,524,0.021938,23886,524,23895,121,True,pre-flag,1.0,0.95544,866,13,0,0.011751
2004H2-E,E,2004-12-31,2007H1,9,23156,803,0.034678,23156,803,23160,148,True,pre-flag,1.0,0.92624,1656,16,0,0.011751
2004H2-E,E,2004-12-31,2007H2,11,24356,1555,0.063845,24356,1555,24365,397,True,pre-flag,1.0,0.97424,391,12,0,0.011751
2004H2-E,E,2004-12-31,2008H1,13,24656,1108,0.044938,24656,1108,24661,320,True,pre-flag,1.0,0.98624,183,4,0,0.011751
2004H2-E,E,2004-12-31,2008H2,15,24737,857,0.034644,24737,857,24741,347,True,pre-flag,1.0,0.98952,61,10,0,0.011751
2004H2-E,E,2004-12-31,2009H1,17,24841,118,0.00475,24841,118,24850,34,True,pre-flag,1.0,0.9936,108,3,0,0.011751
2004H2-E,E,2004-12-31,2009H2,19,24708,196,0.007933,24708,196,24762,68,True,pre-flag,1.0,0.98832,165,1,1,0.011751
2004H2-E,E,2004-12-31,2010H1,21,24842,191,0.007689,24842,191,24847,62,True,pre-flag,1.0,0.99368,90,1,8,0.011751
2004H2-E,E,2004-12-31,2010H2,23,24683,152,0.006158,24683,152,24696,42,True,pre-flag,1.0,0.98732,269,0,7,0.011751
2004H2-E,E,2004-12-31,2011H1,25,24612,195,0.007923,24612,195,24632,70,True,pre-flag,1.0,0.98448,305,3,8,0.011751
2004H2-E,E,2004-12-31,2011H2,27,24646,119,0.004828,24646,119,24649,39,True,straddling,1.0,0.98584,287,1,2,0.011751
2004H2-E,E,2004-12-31,2012H1,29,24306,148,0.006089,24306,149,24311,56,True,straddling,1.0,0.97224,615,0,4,0.011751
2004H2-E,E,2004-12-31,2012H2,31,24538,131,0.005339,24538,133,24541,53,True,straddling,1.0,0.98152,398,0,6,0.011751
2004H2-E,E,2004-12-31,2013H1,33,24341,85,0.003492,24341,86,24346,30,False,straddling,1.0,0.97364,600,0,2,0.011751
2004H2-E,E,2004-12-31,2013H2,35,23974,142,0.005923,23974,148,23975,49,True,straddling,1.0,0.95896,938,0,6,0.011751
2004H2-E,E,2004-12-31,2014H1,37,24341,137,0.005628,24341,143,24349,42,True,flagged,1.0,0.97364,549,0,2,0.011751
2004H2-E,E,2004-12-31,2014H2,39,24213,99,0.004089,24213,104,24216,34,False,flagged,1.0,0.96852,695,0,1,0.011751
2004H2-E,E,2004-12-31,2015H1,41,24159,83,0.003436,24159,88,24161,21,False,flagged,1.0,0.96636,779,0,0,0.011751
2004H2-E,E,2004-12-31,2015H2,43,24159,130,0.005381,24159,164,24160,37,True,flagged,1.0,0.96636,758,2,0,0.011751
2004H2-E,E,2004-12-31,2016H1,45,24632,115,0.004669,24632,157,24635,23,True,flagged,1.0,0.98528,292,0,2,0.011751
2004H2-E,E,2004-12-31,2016H2,47,24760,121,0.004887,24760,170,24767,29,True,flagged,1.0,0.9904,161,0,1,0.011751
2004H2-E,E,2004-12-31,2017H1,49,24541,162,0.006601,24541,224,24544,61,True,flagged,1.0,0.98164,342,0,0,0.011751
2004H2-E,E,2004-12-31,2017H2,51,24679,142,0.005754,24679,171,24685,43,True,flagged,1.0,0.98716,237,1,0,0.011751
2004H2-E,E,2004-12-31,2018H1,53,24416,148,0.006062,24416,337,24421,48,True,flagged,1.0,0.97664,501,0,0,0.011751
2004H2-E,E,2004-12-31,2018H2,55,24543,146,0.005949,24543,929,24548,50,True,flagged,1.0,0.98172,340,0,0,0.011751
2004H2-E,E,2004-12-31,2019H1,57,24752,110,0.004444,24753,1135,24758,42,True,flagged,1.0,0.99008,131,0,0,0.011751
2004H2-E,E,2004-12-31,2019H2,59,24861,136,0.00547,24864,1148,24868,59,True,flagged,1.0,0.99444,64,0,0,0.011751
2004H2-E,E,2004-12-31,2020H1,61,24880,111,0.004461,24894,609,24892,56,True,flagged,1.0,0.9952,11,0,0,0.011751
2004H2-E,E,2004-12-31,2020H2,63,24919,71,0.002849,24919,197,24924,29,False,flagged,1.0,0.99676,12,0,0,0.011751
2004H2-E,E,2004-12-31,2021H1,65,24909,90,0.003613,24912,193,24920,33,False,flagged,1.0,0.99636,23,0,0,0.011751
2004H2-E,E,2004-12-31,2021H2,67,24929,136,0.005455,24932,263,24939,38,True,flagged,1.0,0.99716,24,0,0,0.011751
2004H2-E,E,2004-12-31,2022H1,69,24889,291,0.011692,24891,423,24904,79,True,flagged,1.0,0.99556,14,0,0,0.011751
2004H2-E,E,2004-12-31,2022H2,71,24859,373,0.015005,24860,485,24879,107,True,flagged,1.0,0.99436,11,0,0,0.011751
2004H2-E,E,2004-12-31,2023H1,73,24882,381,0.015312,24884,464,24895,120,True,flagged,1.0,0.99528,5,0,0,0.011751
2004H2-E,E,2004-12-31,2023H2,75,24866,363,0.014598,24867,420,24877,120,True,flagged,1.0,0.99464,21,0,0,0.011751
2006H2-E,E,2006-12-31,2007H1,1,23156,803,0.034678,23156,803,23160,148,True,pre-flag,1.0,0.92624,1656,16,0,0.009538
2006H2-E,E,2006-12-31,2007H2,3,24356,1555,0.063845,24356,1555,24365,397,True,pre-flag,1.0,0.97424,391,12,0,0.009538
2006H2-E,E,2006-12-31,2008H1,5,24656,1108,0.044938,24656,1108,24661,320,True,pre-flag,1.0,0.98624,183,4,0,0.009538
2006H2-E,E,2006-12-31,2008H2,7,24737,857,0.034644,24737,857,24741,347,True,pre-flag,1.0,0.98952,61,10,0,0.009538
2006H2-E,E,2006-12-31,2009H1,9,24841,118,0.00475,24841,118,24850,34,True,pre-flag,1.0,0.9936,108,3,1,0.009538
2006H2-E,E,2006-12-31,2009H2,11,24708,196,0.007933,24708,196,24762,68,True,pre-flag,1.0,0.98832,165,1,11,0.009538
2006H2-E,E,2006-12-31,2010H1,13,24842,191,0.007689,24842,191,24847,62,True,pre-flag,1.0,0.99368,90,1,28,0.009538
2006H2-E,E,2006-12-31,2010H2,15,24683,152,0.006158,24683,152,24696,42,True,pre-flag,1.0,0.98732,269,0,30,0.009538
2006H2-E,E,2006-12-31,2011H1,17,24612,195,0.007923,24612,195,24632,70,True,pre-flag,1.0,0.98448,305,3,45,0.009538
2006H2-E,E,2006-12-31,2011H2,19,24646,119,0.004828,24646,119,24649,39,True,straddling,1.0,0.98584,287,1,31,0.009538
2006H2-E,E,2006-12-31,2012H1,21,24306,148,0.006089,24306,149,24311,56,True,straddling,1.0,0.97224,615,0,27,0.009538
2006H2-E,E,2006-12-31,2012H2,23,24538,131,0.005339,24538,133,24541,53,True,straddling,1.0,0.98152,398,0,33,0.009538
2006H2-E,E,2006-12-31,2013H1,25,24341,85,0.003492,24341,86,24346,30,False,straddling,1.0,0.97364,600,0,28,0.009538
2006H2-E,E,2006-12-31,2013H2,27,23974,142,0.005923,23974,148,23975,49,True,straddling,1.0,0.95896,938,0,25,0.009538
2006H2-E,E,2006-12-31,2014H1,29,24341,137,0.005628,24341,143,24349,42,True,flagged,1.0,0.97364,549,0,20,0.009538
2006H2-E,E,2006-12-31,2014H2,31,24213,99,0.004089,24213,104,24216,34,False,flagged,1.0,0.96852,695,0,10,0.009538
2006H2-E,E,2006-12-31,2015H1,33,24159,83,0.003436,24159,88,24161,21,False,flagged,1.0,0.96636,779,0,4,0.009538
2006H2-E,E,2006-12-31,2015H2,35,24159,130,0.005381,24159,164,24160,37,True,flagged,1.0,0.96636,758,2,3,0.009538
2006H2-E,E,2006-12-31,2016H1,37,24632,115,0.004669,24632,157,24635,23,True,flagged,1.0,0.98528,292,0,7,0.009538
2006H2-E,E,2006-12-31,2016H2,39,24760,121,0.004887,24760,170,24767,29,True,flagged,1.0,0.9904,161,0,5,0.009538
2006H2-E,E,2006-12-31,2017H1,41,24541,162,0.006601,24541,224,24544,61,True,flagged,1.0,0.98164,342,0,0,0.009538
2006H2-E,E,2006-12-31,2017H2,43,24679,142,0.005754,24679,171,24685,43,True,flagged,1.0,0.98716,237,1,1,0.009538
2006H2-E,E,2006-12-31,2018H1,45,24416,148,0.006062,24416,337,24421,48,True,flagged,1.0,0.97664,501,0,0,0.009538
2006H2-E,E,2006-12-31,2018H2,47,24543,146,0.005949,24543,929,24548,50,True,flagged,1.0,0.98172,340,0,0,0.009538
2006H2-E,E,2006-12-31,2019H1,49,24752,110,0.004444,24753,1135,24758,42,True,flagged,1.0,0.99008,131,0,0,0.009538
2006H2-E,E,2006-12-31,2019H2,51,24861,136,0.00547,24864,1148,24868,59,True,flagged,1.0,0.99444,64,0,0,0.009538
2006H2-E,E,2006-12-31,2020H1,53,24880,111,0.004461,24894,609,24892,56,True,flagged,1.0,0.9952,11,0,0,0.009538
2006H2-E,E,2006-12-31,2020H2,55,24919,71,0.002849,24919,197,24924,29,False,flagged,1.0,0.99676,12,0,0,0.009538
2006H2-E,E,2006-12-31,2021H1,57,24909,90,0.003613,24912,193,24920,33,False,flagged,1.0,0.99636,23,0,0,0.009538
2006H2-E,E,2006-12-31,2021H2,59,24929,136,0.005455,24932,263,24939,38,True,flagged,1.0,0.99716,24,0,0,0.009538
2006H2-E,E,2006-12-31,2022H1,61,24889,291,0.011692,24891,423,24904,79,True,flagged,1.0,0.99556,14,0,0,0.009538
2006H2-E,E,2006-12-31,2022H2,63,24859,373,0.015005,24860,485,24879,107,True,flagged,1.0,0.99436,11,0,0,0.009538
2006H2-E,E,2006-12-31,2023H1,65,24882,381,0.015312,24884,464,24895,120,True,flagged,1.0,0.99528,5,0,0,0.009538
2006H2-E,E,2006-12-31,2023H2,67,24866,363,0.014598,24867,420,24877,120,True,flagged,1.0,0.99464,21,0,0,0.009538
2008H2-E,E,2008-12-31,2009H1,1,24841,118,0.00475,24841,118,24850,34,True,pre-flag,1.0,0.9936,108,3,7,0.010384
2008H2-E,E,2008-12-31,2009H2,3,24708,196,0.007933,24708,196,24762,68,True,pre-flag,1.0,0.98832,165,1,44,0.010384
2008H2-E,E,2008-12-31,2010H1,5,24842,191,0.007689,24842,191,24847,62,True,pre-flag,1.0,0.99368,90,1,78,0.010384
2008H2-E,E,2008-12-31,2010H2,7,24683,152,0.006158,24683,152,24696,42,True,pre-flag,1.0,0.98732,269,0,78,0.010384
2008H2-E,E,2008-12-31,2011H1,9,24612,195,0.007923,24612,195,24632,70,True,pre-flag,1.0,0.98448,305,3,108,0.010384
2008H2-E,E,2008-12-31,2011H2,11,24646,119,0.004828,24646,119,24649,39,True,straddling,1.0,0.98584,287,1,81,0.010384
2008H2-E,E,2008-12-31,2012H1,13,24306,148,0.006089,24306,149,24311,56,True,straddling,1.0,0.97224,615,0,102,0.010384
2008H2-E,E,2008-12-31,2012H2,15,24538,131,0.005339,24538,133,24541,53,True,straddling,1.0,0.98152,398,0,89,0.010384
2008H2-E,E,2008-12-31,2013H1,17,24341,85,0.003492,24341,86,24346,30,False,straddling,1.0,0.97364,600,0,91,0.010384
2008H2-E,E,2008-12-31,2013H2,19,23974,142,0.005923,23974,148,23975,49,True,straddling,1.0,0.95896,938,0,70,0.010384
2008H2-E,E,2008-12-31,2014H1,21,24341,137,0.005628,24341,143,24349,42,True,flagged,1.0,0.97364,549,0,48,0.010384
2008H2-E,E,2008-12-31,2014H2,23,24213,99,0.004089,24213,104,24216,34,False,flagged,1.0,0.96852,695,0,38,0.010384
2008H2-E,E,2008-12-31,2015H1,25,24159,83,0.003436,24159,88,24161,21,False,flagged,1.0,0.96636,779,0,18,0.010384
2008H2-E,E,2008-12-31,2015H2,27,24159,130,0.005381,24159,164,24160,37,True,flagged,1.0,0.96636,758,2,19,0.010384
2008H2-E,E,2008-12-31,2016H1,29,24632,115,0.004669,24632,157,24635,23,True,flagged,1.0,0.98528,292,0,20,0.010384
2008H2-E,E,2008-12-31,2016H2,31,24760,121,0.004887,24760,170,24767,29,True,flagged,1.0,0.9904,161,0,16,0.010384
2008H2-E,E,2008-12-31,2017H1,33,24541,162,0.006601,24541,224,24544,61,True,flagged,1.0,0.98164,342,0,5,0.010384
2008H2-E,E,2008-12-31,2017H2,35,24679,142,0.005754,24679,171,24685,43,True,flagged,1.0,0.98716,237,1,3,0.010384
2008H2-E,E,2008-12-31,2018H1,37,24416,148,0.006062,24416,337,24421,48,True,flagged,1.0,0.97664,501,0,3,0.010384
2008H2-E,E,2008-12-31,2018H2,39,24543,146,0.005949,24543,929,24548,50,True,flagged,1.0,0.98172,340,0,0,0.010384
2008H2-E,E,2008-12-31,2019H1,41,24752,110,0.004444,24753,1135,24758,42,True,flagged,1.0,0.99008,131,0,0,0.010384
2008H2-E,E,2008-12-31,2019H2,43,24861,136,0.00547,24864,1148,24868,59,True,flagged,1.0,0.99444,64,0,0,0.010384
2008H2-E,E,2008-12-31,2020H1,45,24880,111,0.004461,24894,609,24892,56,True,flagged,1.0,0.9952,11,0,0,0.010384
2008H2-E,E,2008-12-31,2020H2,47,24919,71,0.002849,24919,197,24924,29,False,flagged,1.0,0.99676,12,0,0,0.010384
2008H2-E,E,2008-12-31,2021H1,49,24909,90,0.003613,24912,193,24920,33,False,flagged,1.0,0.99636,23,0,0,0.010384
2008H2-E,E,2008-12-31,2021H2,51,24929,136,0.005455,24932,263,24939,38,True,flagged,1.0,0.99716,24,0,0,0.010384
2008H2-E,E,2008-12-31,2022H1,53,24889,291,0.011692,24891,423,24904,79,True,flagged,1.0,0.99556,14,0,0,0.010384
2008H2-E,E,2008-12-31,2022H2,55,24859,373,0.015005,24860,485,24879,107,True,flagged,1.0,0.99436,11,0,0,0.010384
2008H2-E,E,2008-12-31,2023H1,57,24882,381,0.015312,24884,464,24895,120,True,flagged,1.0,0.99528,5,0,0,0.010384
2008H2-E,E,2008-12-31,2023H2,59,24866,363,0.014598,24867,420,24877,120,True,flagged,1.0,0.99464,21,0,0,0.010384
2010H2-E,E,2010-12-31,2011H1,1,24612,195,0.007923,24612,195,24632,70,True,pre-flag,1.0,0.98448,305,3,188,0.017503
2010H2-E,E,2010-12-31,2011H2,3,24646,119,0.004828,24646,119,24649,39,True,straddling,1.0,0.98584,287,1,152,0.017503
2010H2-E,E,2010-12-31,2012H1,5,24306,148,0.006089,24306,149,24311,56,True,straddling,1.0,0.97224,615,0,192,0.017503
2010H2-E,E,2010-12-31,2012H2,7,24538,131,0.005339,24538,133,24541,53,True,straddling,1.0,0.98152,398,0,164,0.017503
2010H2-E,E,2010-12-31,2013H1,9,24341,85,0.003492,24341,86,24346,30,False,straddling,1.0,0.97364,600,0,159,0.017503
2010H2-E,E,2010-12-31,2013H2,11,23974,142,0.005923,23974,148,23975,49,True,straddling,1.0,0.95896,938,0,145,0.017503
2010H2-E,E,2010-12-31,2014H1,13,24341,137,0.005628,24341,143,24349,42,True,flagged,1.0,0.97364,549,0,84,0.017503
2010H2-E,E,2010-12-31,2014H2,15,24213,99,0.004089,24213,104,24216,34,False,flagged,1.0,0.96852,695,0,63,0.017503
2010H2-E,E,2010-12-31,2015H1,17,24159,83,0.003436,24159,88,24161,21,False,flagged,1.0,0.96636,779,0,40,0.017503
2010H2-E,E,2010-12-31,2015H2,19,24159,130,0.005381,24159,164,24160,37,True,flagged,1.0,0.96636,758,2,30,0.017503
2010H2-E,E,2010-12-31,2016H1,21,24632,115,0.004669,24632,157,24635,23,True,flagged,1.0,0.98528,292,0,37,0.017503
2010H2-E,E,2010-12-31,2016H2,23,24760,121,0.004887,24760,170,24767,29,True,flagged,1.0,0.9904,161,0,24,0.017503
2010H2-E,E,2010-12-31,2017H1,25,24541,162,0.006601,24541,224,24544,61,True,flagged,1.0,0.98164,342,0,20,0.017503
2010H2-E,E,2010-12-31,2017H2,27,24679,142,0.005754,24679,171,24685,43,True,flagged,1.0,0.98716,237,1,6,0.017503
2010H2-E,E,2010-12-31,2018H1,29,24416,148,0.006062,24416,337,24421,48,True,flagged,1.0,0.97664,501,0,8,0.017503
2010H2-E,E,2010-12-31,2018H2,31,24543,146,0.005949,24543,929,24548,50,True,flagged,1.0,0.98172,340,0,1,0.017503
2010H2-E,E,2010-12-31,2019H1,33,24752,110,0.004444,24753,1135,24758,42,True,flagged,1.0,0.99008,131,0,0,0.017503
2010H2-E,E,2010-12-31,2019H2,35,24861,136,0.00547,24864,1148,24868,59,True,flagged,1.0,0.99444,64,0,0,0.017503
2010H2-E,E,2010-12-31,2020H1,37,24880,111,0.004461,24894,609,24892,56,True,flagged,1.0,0.9952,11,0,0,0.017503
2010H2-E,E,2010-12-31,2020H2,39,24919,71,0.002849,24919,197,24924,29,False,flagged,1.0,0.99676,12,0,0,0.017503
2010H2-E,E,2010-12-31,2021H1,41,24909,90,0.003613,24912,193,24920,33,False,flagged,1.0,0.99636,23,0,0,0.017503
2010H2-E,E,2010-12-31,2021H2,43,24929,136,0.005455,24932,263,24939,38,True,flagged,1.0,0.99716,24,0,0,0.017503
2010H2-E,E,2010-12-31,2022H1,45,24889,291,0.011692,24891,423,24904,79,True,flagged,1.0,0.99556,14,0,0,0.017503
2010H2-E,E,2010-12-31,2022H2,47,24859,373,0.015005,24860,485,24879,107,True,flagged,1.0,0.99436,11,0,0,0.017503
2010H2-E,E,2010-12-31,2023H1,49,24882,381,0.015312,24884,464,24895,120,True,flagged,1.0,0.99528,5,0,0,0.017503
2010H2-E,E,2010-12-31,2023H2,51,24866,363,0.014598,24867,420,24877,120,True,flagged,1.0,0.99464,21,0,0,0.017503
2012H2-E,E,2012-12-31,2013H1,1,24341,85,0.003492,24341,86,24346,30,False,straddling,1.0,0.97364,600,0,176,0.016029
2012H2-E,E,2012-12-31,2013H2,3,23974,142,0.005923,23974,148,23975,49,True,straddling,1.0,0.95896,938,0,160,0.016029
2012H2-E,E,2012-12-31,2014H1,5,24341,137,0.005628,24341,143,24349,42,True,flagged,1.0,0.97364,549,0,93,0.016029
2012H2-E,E,2012-12-31,2014H2,7,24213,99,0.004089,24213,104,24216,34,False,flagged,1.0,0.96852,695,0,73,0.016029
2012H2-E,E,2012-12-31,2015H1,9,24159,83,0.003436,24159,88,24161,21,False,flagged,1.0,0.96636,779,0,49,0.016029
2012H2-E,E,2012-12-31,2015H2,11,24159,130,0.005381,24159,164,24160,37,True,flagged,1.0,0.96636,758,2,38,0.016029
2012H2-E,E,2012-12-31,2016H1,13,24632,115,0.004669,24632,157,24635,23,True,flagged,1.0,0.98528,292,0,39,0.016029
2012H2-E,E,2012-12-31,2016H2,15,24760,121,0.004887,24760,170,24767,29,True,flagged,1.0,0.9904,161,0,27,0.016029
2012H2-E,E,2012-12-31,2017H1,17,24541,162,0.006601,24541,224,24544,61,True,flagged,1.0,0.98164,342,0,20,0.016029
2012H2-E,E,2012-12-31,2017H2,19,24679,142,0.005754,24679,171,24685,43,True,flagged,1.0,0.98716,237,1,6,0.016029
2012H2-E,E,2012-12-31,2018H1,21,24416,148,0.006062,24416,337,24421,48,True,flagged,1.0,0.97664,501,0,9,0.016029
2012H2-E,E,2012-12-31,2018H2,23,24543,146,0.005949,24543,929,24548,50,True,flagged,1.0,0.98172,340,0,1,0.016029
2012H2-E,E,2012-12-31,2019H1,25,24752,110,0.004444,24753,1135,24758,42,True,flagged,1.0,0.99008,131,0,0,0.016029
2012H2-E,E,2012-12-31,2019H2,27,24861,136,0.00547,24864,1148,24868,59,True,flagged,1.0,0.99444,64,0,0,0.016029
2012H2-E,E,2012-12-31,2020H1,29,24880,111,0.004461,24894,609,24892,56,True,flagged,1.0,0.9952,11,0,0,0.016029
2012H2-E,E,2012-12-31,2020H2,31,24919,71,0.002849,24919,197,24924,29,False,flagged,1.0,0.99676,12,0,0,0.016029
2012H2-E,E,2012-12-31,2021H1,33,24909,90,0.003613,24912,193,24920,33,False,flagged,1.0,0.99636,23,0,0,0.016029
2012H2-E,E,2012-12-31,2021H2,35,24929,136,0.005455,24932,263,24939,38,True,flagged,1.0,0.99716,24,0,0,0.016029
2012H2-E,E,2012-12-31,2022H1,37,24889,291,0.011692,24891,423,24904,79,True,flagged,1.0,0.99556,14,0,0,0.016029
2012H2-E,E,2012-12-31,2022H2,39,24859,373,0.015005,24860,485,24879,107,True,flagged,1.0,0.99436,11,0,0,0.016029
2012H2-E,E,2012-12-31,2023H1,41,24882,381,0.015312,24884,464,24895,120,True,flagged,1.0,0.99528,5,0,0,0.016029
2012H2-E,E,2012-12-31,2023H2,43,24866,363,0.014598,24867,420,24877,120,True,flagged,1.0,0.99464,21,0,0,0.016029
2014H2-E,E,2014-12-31,2015H1,1,24159,83,0.003436,24159,88,24161,21,False,flagged,1.0,0.96636,779,0,49,0.014583
2014H2-E,E,2014-12-31,2015H2,3,24159,130,0.005381,24159,164,24160,37,True,flagged,1.0,0.96636,758,2,38,0.014583
2014H2-E,E,2014-12-31,2016H1,5,24632,115,0.004669,24632,157,24635,23,True,flagged,1.0,0.98528,292,0,39,0.014583
2014H2-E,E,2014-12-31,2016H2,7,24760,121,0.004887,24760,170,24767,29,True,flagged,1.0,0.9904,161,0,27,0.014583
2014H2-E,E,2014-12-31,2017H1,9,24541,162,0.006601,24541,224,24544,61,True,flagged,1.0,0.98164,342,0,20,0.014583
2014H2-E,E,2014-12-31,2017H2,11,24679,142,0.005754,24679,171,24685,43,True,flagged,1.0,0.98716,237,1,6,0.014583
2014H2-E,E,2014-12-31,2018H1,13,24416,148,0.006062,24416,337,24421,48,True,flagged,1.0,0.97664,501,0,9,0.014583
2014H2-E,E,2014-12-31,2018H2,15,24543,146,0.005949,24543,929,24548,50,True,flagged,1.0,0.98172,340,0,1,0.014583
2014H2-E,E,2014-12-31,2019H1,17,24752,110,0.004444,24753,1135,24758,42,True,flagged,1.0,0.99008,131,0,0,0.014583
2014H2-E,E,2014-12-31,2019H2,19,24861,136,0.00547,24864,1148,24868,59,True,flagged,1.0,0.99444,64,0,0,0.014583
2014H2-E,E,2014-12-31,2020H1,21,24880,111,0.004461,24894,609,24892,56,True,flagged,1.0,0.9952,11,0,0,0.014583
2014H2-E,E,2014-12-31,2020H2,23,24919,71,0.002849,24919,197,24924,29,False,flagged,1.0,0.99676,12,0,0,0.014583
2014H2-E,E,2014-12-31,2021H1,25,24909,90,0.003613,24912,193,24920,33,False,flagged,1.0,0.99636,23,0,0,0.014583
2014H2-E,E,2014-12-31,2021H2,27,24929,136,0.005455,24932,263,24939,38,True,flagged,1.0,0.99716,24,0,0,0.014583
2014H2-E,E,2014-12-31,2022H1,29,24889,291,0.011692,24891,423,24904,79,True,flagged,1.0,0.99556,14,0,0,0.014583
2014H2-E,E,2014-12-31,2022H2,31,24859,373,0.015005,24860,485,24879,107,True,flagged,1.0,0.99436,11,0,0,0.014583
2014H2-E,E,2014-12-31,2023H1,33,24882,381,0.015312,24884,464,24895,120,True,flagged,1.0,0.99528,5,0,0,0.014583
2014H2-E,E,2014-12-31,2023H2,35,24866,363,0.014598,24867,420,24877,120,True,flagged,1.0,0.99464,21,0,0,0.014583
2016H2-E,E,2016-12-31,2017H1,1,24541,162,0.006601,24541,224,24544,61,True,flagged,1.0,0.98164,342,0,20,0.013328
2016H2-E,E,2016-12-31,2017H2,3,24679,142,0.005754,24679,171,24685,43,True,flagged,1.0,0.98716,237,1,6,0.013328
2016H2-E,E,2016-12-31,2018H1,5,24416,148,0.006062,24416,337,24421,48,True,flagged,1.0,0.97664,501,0,9,0.013328
2016H2-E,E,2016-12-31,2018H2,7,24543,146,0.005949,24543,929,24548,50,True,flagged,1.0,0.98172,340,0,1,0.013328
2016H2-E,E,2016-12-31,2019H1,9,24752,110,0.004444,24753,1135,24758,42,True,flagged,1.0,0.99008,131,0,0,0.013328
2016H2-E,E,2016-12-31,2019H2,11,24861,136,0.00547,24864,1148,24868,59,True,flagged,1.0,0.99444,64,0,0,0.013328
2016H2-E,E,2016-12-31,2020H1,13,24880,111,0.004461,24894,609,24892,56,True,flagged,1.0,0.9952,11,0,0,0.013328
2016H2-E,E,2016-12-31,2020H2,15,24919,71,0.002849,24919,197,24924,29,False,flagged,1.0,0.99676,12,0,0,0.013328
2016H2-E,E,2016-12-31,2021H1,17,24909,90,0.003613,24912,193,24920,33,False,flagged,1.0,0.99636,23,0,0,0.013328
2016H2-E,E,2016-12-31,2021H2,19,24929,136,0.005455,24932,263,24939,38,True,flagged,1.0,0.99716,24,0,0,0.013328
2016H2-E,E,2016-12-31,2022H1,21,24889,291,0.011692,24891,423,24904,79,True,flagged,1.0,0.99556,14,0,0,0.013328
2016H2-E,E,2016-12-31,2022H2,23,24859,373,0.015005,24860,485,24879,107,True,flagged,1.0,0.99436,11,0,0,0.013328
2016H2-E,E,2016-12-31,2023H1,25,24882,381,0.015312,24884,464,24895,120,True,flagged,1.0,0.99528,5,0,0,0.013328
2016H2-E,E,2016-12-31,2023H2,27,24866,363,0.014598,24867,420,24877,120,True,flagged,1.0,0.99464,21,0,0,0.013328
2018H2-E,E,2018-12-31,2019H1,1,24752,110,0.004444,24753,1135,24758,42,True,flagged,1.0,0.99008,131,0,0,0.012324
2018H2-E,E,2018-12-31,2019H2,3,24861,136,0.00547,24864,1148,24868,59,True,flagged,1.0,0.99444,64,0,0,0.012324
2018H2-E,E,2018-12-31,2020H1,5,24880,111,0.004461,24894,609,24892,56,True,flagged,1.0,0.9952,11,0,0,0.012324
2018H2-E,E,2018-12-31,2020H2,7,24919,71,0.002849,24919,197,24924,29,False,flagged,1.0,0.99676,12,0,0,0.012324
2018H2-E,E,2018-12-31,2021H1,9,24909,90,0.003613,24912,193,24920,33,False,flagged,1.0,0.99636,23,0,0,0.012324
2018H2-E,E,2018-12-31,2021H2,11,24929,136,0.005455,24932,263,24939,38,True,flagged,1.0,0.99716,24,0,0,0.012324
2018H2-E,E,2018-12-31,2022H1,13,24889,291,0.011692,24891,423,24904,79,True,flagged,1.0,0.99556,14,0,0,0.012324
2018H2-E,E,2018-12-31,2022H2,15,24859,373,0.015005,24860,485,24879,107,True,flagged,1.0,0.99436,11,0,0,0.012324
2018H2-E,E,2018-12-31,2023H1,17,24882,381,0.015312,24884,464,24895,120,True,flagged,1.0,0.99528,5,0,0,0.012324
2018H2-E,E,2018-12-31,2023H2,19,24866,363,0.014598,24867,420,24877,120,True,flagged,1.0,0.99464,21,0,0,0.012324
2004H2-R,R,2004-12-31,2005H1,1,24225,247,0.010196,24225,247,24228,102,True,pre-flag,1.0,0.969,510,8,0,0.011639
2004H2-R,R,2004-12-31,2005H2,3,24061,260,0.010806,24061,260,24062,77,True,pre-flag,1.0,0.96244,695,21,0,0.011639
2004H2-R,R,2004-12-31,2006H1,5,23264,404,0.017366,23264,404,23266,113,True,pre-flag,1.0,0.93056,1446,17,0,0.011639
2004H2-R,R,2004-12-31,2006H2,7,23886,524,0.021938,23886,524,23895,121,True,pre-flag,1.0,0.95544,866,13,0,0.011639
2004H2-R,R,2004-12-31,2007H1,9,23156,803,0.034678,23156,803,23160,148,True,pre-flag,1.0,0.92624,1656,16,0,0.011639
2004H2-R,R,2004-12-31,2007H2,11,24356,1555,0.063845,24356,1555,24365,397,True,pre-flag,1.0,0.97424,391,12,0,0.011639
2004H2-R,R,2004-12-31,2008H1,13,24656,1108,0.044938,24656,1108,24661,320,True,pre-flag,1.0,0.98624,183,4,0,0.011639
2004H2-R,R,2004-12-31,2008H2,15,24737,857,0.034644,24737,857,24741,347,True,pre-flag,1.0,0.98952,61,10,0,0.011639
2004H2-R,R,2004-12-31,2009H1,17,24841,118,0.00475,24841,118,24850,34,True,pre-flag,1.0,0.9936,108,3,0,0.011639
2004H2-R,R,2004-12-31,2009H2,19,24708,196,0.007933,24708,196,24762,68,True,pre-flag,1.0,0.98832,165,1,1,0.011639
2004H2-R,R,2004-12-31,2010H1,21,24842,191,0.007689,24842,191,24847,62,True,pre-flag,1.0,0.99368,90,1,8,0.011639
2004H2-R,R,2004-12-31,2010H2,23,24683,152,0.006158,24683,152,24696,42,True,pre-flag,1.0,0.98732,269,0,7,0.011639
2004H2-R,R,2004-12-31,2011H1,25,24612,195,0.007923,24612,195,24632,70,True,pre-flag,1.0,0.98448,305,3,6,0.011639
2004H2-R,R,2004-12-31,2011H2,27,24646,119,0.004828,24646,119,24649,39,True,straddling,1.0,0.98584,287,1,1,0.011639
2004H2-R,R,2004-12-31,2012H1,29,24306,148,0.006089,24306,149,24311,56,True,straddling,1.0,0.97224,615,0,4,0.011639
2004H2-R,R,2004-12-31,2012H2,31,24538,131,0.005339,24538,133,24541,53,True,straddling,1.0,0.98152,398,0,5,0.011639
2004H2-R,R,2004-12-31,2013H1,33,24341,85,0.003492,24341,86,24346,30,False,straddling,1.0,0.97364,600,0,2,0.011639
2004H2-R,R,2004-12-31,2013H2,35,23974,142,0.005923,23974,148,23975,49,True,straddling,1.0,0.95896,938,0,4,0.011639
2004H2-R,R,2004-12-31,2014H1,37,24341,137,0.005628,24341,143,24349,42,True,flagged,1.0,0.97364,549,0,2,0.011639
2004H2-R,R,2004-12-31,2014H2,39,24213,99,0.004089,24213,104,24216,34,False,flagged,1.0,0.96852,695,0,1,0.011639
2004H2-R,R,2004-12-31,2015H1,41,24159,83,0.003436,24159,88,24161,21,False,flagged,1.0,0.96636,779,0,0,0.011639
2004H2-R,R,2004-12-31,2015H2,43,24159,130,0.005381,24159,164,24160,37,True,flagged,1.0,0.96636,758,2,0,0.011639
2004H2-R,R,2004-12-31,2016H1,45,24632,115,0.004669,24632,157,24635,23,True,flagged,1.0,0.98528,292,0,2,0.011639
2004H2-R,R,2004-12-31,2016H2,47,24760,121,0.004887,24760,170,24767,29,True,flagged,1.0,0.9904,161,0,1,0.011639
2004H2-R,R,2004-12-31,2017H1,49,24541,162,0.006601,24541,224,24544,61,True,flagged,1.0,0.98164,342,0,0,0.011639
2004H2-R,R,2004-12-31,2017H2,51,24679,142,0.005754,24679,171,24685,43,True,flagged,1.0,0.98716,237,1,0,0.011639
2004H2-R,R,2004-12-31,2018H1,53,24416,148,0.006062,24416,337,24421,48,True,flagged,1.0,0.97664,501,0,0,0.011639
2004H2-R,R,2004-12-31,2018H2,55,24543,146,0.005949,24543,929,24548,50,True,flagged,1.0,0.98172,340,0,0,0.011639
2004H2-R,R,2004-12-31,2019H1,57,24752,110,0.004444,24753,1135,24758,42,True,flagged,1.0,0.99008,131,0,0,0.011639
2004H2-R,R,2004-12-31,2019H2,59,24861,136,0.00547,24864,1148,24868,59,True,flagged,1.0,0.99444,64,0,0,0.011639
2004H2-R,R,2004-12-31,2020H1,61,24880,111,0.004461,24894,609,24892,56,True,flagged,1.0,0.9952,11,0,0,0.011639
2004H2-R,R,2004-12-31,2020H2,63,24919,71,0.002849,24919,197,24924,29,False,flagged,1.0,0.99676,12,0,0,0.011639
2004H2-R,R,2004-12-31,2021H1,65,24909,90,0.003613,24912,193,24920,33,False,flagged,1.0,0.99636,23,0,0,0.011639
2004H2-R,R,2004-12-31,2021H2,67,24929,136,0.005455,24932,263,24939,38,True,flagged,1.0,0.99716,24,0,0,0.011639
2004H2-R,R,2004-12-31,2022H1,69,24889,291,0.011692,24891,423,24904,79,True,flagged,1.0,0.99556,14,0,0,0.011639
2004H2-R,R,2004-12-31,2022H2,71,24859,373,0.015005,24860,485,24879,107,True,flagged,1.0,0.99436,11,0,0,0.011639
2004H2-R,R,2004-12-31,2023H1,73,24882,381,0.015312,24884,464,24895,120,True,flagged,1.0,0.99528,5,0,0,0.011639
2004H2-R,R,2004-12-31,2023H2,75,24866,363,0.014598,24867,420,24877,120,True,flagged,1.0,0.99464,21,0,0,0.011639
2006H2-R,R,2006-12-31,2007H1,1,23156,803,0.034678,23156,803,23160,148,True,pre-flag,1.0,0.92624,1656,16,0,0.005515
2006H2-R,R,2006-12-31,2007H2,3,24356,1555,0.063845,24356,1555,24365,397,True,pre-flag,1.0,0.97424,391,12,0,0.005515
2006H2-R,R,2006-12-31,2008H1,5,24656,1108,0.044938,24656,1108,24661,320,True,pre-flag,1.0,0.98624,183,4,0,0.005515
2006H2-R,R,2006-12-31,2008H2,7,24737,857,0.034644,24737,857,24741,347,True,pre-flag,1.0,0.98952,61,10,0,0.005515
2006H2-R,R,2006-12-31,2009H1,9,24841,118,0.00475,24841,118,24850,34,True,pre-flag,1.0,0.9936,108,3,1,0.005515
2006H2-R,R,2006-12-31,2009H2,11,24708,196,0.007933,24708,196,24762,68,True,pre-flag,1.0,0.98832,165,1,10,0.005515
2006H2-R,R,2006-12-31,2010H1,13,24842,191,0.007689,24842,191,24847,62,True,pre-flag,1.0,0.99368,90,1,20,0.005515
2006H2-R,R,2006-12-31,2010H2,15,24683,152,0.006158,24683,152,24696,42,True,pre-flag,1.0,0.98732,269,0,23,0.005515
2006H2-R,R,2006-12-31,2011H1,17,24612,195,0.007923,24612,195,24632,70,True,pre-flag,1.0,0.98448,305,3,37,0.005515
2006H2-R,R,2006-12-31,2011H2,19,24646,119,0.004828,24646,119,24649,39,True,straddling,1.0,0.98584,287,1,29,0.005515
2006H2-R,R,2006-12-31,2012H1,21,24306,148,0.006089,24306,149,24311,56,True,straddling,1.0,0.97224,615,0,23,0.005515
2006H2-R,R,2006-12-31,2012H2,23,24538,131,0.005339,24538,133,24541,53,True,straddling,1.0,0.98152,398,0,27,0.005515
2006H2-R,R,2006-12-31,2013H1,25,24341,85,0.003492,24341,86,24346,30,False,straddling,1.0,0.97364,600,0,26,0.005515
2006H2-R,R,2006-12-31,2013H2,27,23974,142,0.005923,23974,148,23975,49,True,straddling,1.0,0.95896,938,0,19,0.005515
2006H2-R,R,2006-12-31,2014H1,29,24341,137,0.005628,24341,143,24349,42,True,flagged,1.0,0.97364,549,0,18,0.005515
2006H2-R,R,2006-12-31,2014H2,31,24213,99,0.004089,24213,104,24216,34,False,flagged,1.0,0.96852,695,0,9,0.005515
2006H2-R,R,2006-12-31,2015H1,33,24159,83,0.003436,24159,88,24161,21,False,flagged,1.0,0.96636,779,0,4,0.005515
2006H2-R,R,2006-12-31,2015H2,35,24159,130,0.005381,24159,164,24160,37,True,flagged,1.0,0.96636,758,2,3,0.005515
2006H2-R,R,2006-12-31,2016H1,37,24632,115,0.004669,24632,157,24635,23,True,flagged,1.0,0.98528,292,0,5,0.005515
2006H2-R,R,2006-12-31,2016H2,39,24760,121,0.004887,24760,170,24767,29,True,flagged,1.0,0.9904,161,0,4,0.005515
2006H2-R,R,2006-12-31,2017H1,41,24541,162,0.006601,24541,224,24544,61,True,flagged,1.0,0.98164,342,0,0,0.005515
2006H2-R,R,2006-12-31,2017H2,43,24679,142,0.005754,24679,171,24685,43,True,flagged,1.0,0.98716,237,1,1,0.005515
2006H2-R,R,2006-12-31,2018H1,45,24416,148,0.006062,24416,337,24421,48,True,flagged,1.0,0.97664,501,0,0,0.005515
2006H2-R,R,2006-12-31,2018H2,47,24543,146,0.005949,24543,929,24548,50,True,flagged,1.0,0.98172,340,0,0,0.005515
2006H2-R,R,2006-12-31,2019H1,49,24752,110,0.004444,24753,1135,24758,42,True,flagged,1.0,0.99008,131,0,0,0.005515
2006H2-R,R,2006-12-31,2019H2,51,24861,136,0.00547,24864,1148,24868,59,True,flagged,1.0,0.99444,64,0,0,0.005515
2006H2-R,R,2006-12-31,2020H1,53,24880,111,0.004461,24894,609,24892,56,True,flagged,1.0,0.9952,11,0,0,0.005515
2006H2-R,R,2006-12-31,2020H2,55,24919,71,0.002849,24919,197,24924,29,False,flagged,1.0,0.99676,12,0,0,0.005515
2006H2-R,R,2006-12-31,2021H1,57,24909,90,0.003613,24912,193,24920,33,False,flagged,1.0,0.99636,23,0,0,0.005515
2006H2-R,R,2006-12-31,2021H2,59,24929,136,0.005455,24932,263,24939,38,True,flagged,1.0,0.99716,24,0,0,0.005515
2006H2-R,R,2006-12-31,2022H1,61,24889,291,0.011692,24891,423,24904,79,True,flagged,1.0,0.99556,14,0,0,0.005515
2006H2-R,R,2006-12-31,2022H2,63,24859,373,0.015005,24860,485,24879,107,True,flagged,1.0,0.99436,11,0,0,0.005515
2006H2-R,R,2006-12-31,2023H1,65,24882,381,0.015312,24884,464,24895,120,True,flagged,1.0,0.99528,5,0,0,0.005515
2006H2-R,R,2006-12-31,2023H2,67,24866,363,0.014598,24867,420,24877,120,True,flagged,1.0,0.99464,21,0,0,0.005515
2008H2-R,R,2008-12-31,2009H1,1,24841,118,0.00475,24841,118,24850,34,True,pre-flag,1.0,0.9936,108,3,6,0.012798
2008H2-R,R,2008-12-31,2009H2,3,24708,196,0.007933,24708,196,24762,68,True,pre-flag,1.0,0.98832,165,1,33,0.012798
2008H2-R,R,2008-12-31,2010H1,5,24842,191,0.007689,24842,191,24847,62,True,pre-flag,1.0,0.99368,90,1,50,0.012798
2008H2-R,R,2008-12-31,2010H2,7,24683,152,0.006158,24683,152,24696,42,True,pre-flag,1.0,0.98732,269,0,48,0.012798
2008H2-R,R,2008-12-31,2011H1,9,24612,195,0.007923,24612,195,24632,70,True,pre-flag,1.0,0.98448,305,3,63,0.012798
2008H2-R,R,2008-12-31,2011H2,11,24646,119,0.004828,24646,119,24649,39,True,straddling,1.0,0.98584,287,1,50,0.012798
2008H2-R,R,2008-12-31,2012H1,13,24306,148,0.006089,24306,149,24311,56,True,straddling,1.0,0.97224,615,0,75,0.012798
2008H2-R,R,2008-12-31,2012H2,15,24538,131,0.005339,24538,133,24541,53,True,straddling,1.0,0.98152,398,0,56,0.012798
2008H2-R,R,2008-12-31,2013H1,17,24341,85,0.003492,24341,86,24346,30,False,straddling,1.0,0.97364,600,0,63,0.012798
2008H2-R,R,2008-12-31,2013H2,19,23974,142,0.005923,23974,148,23975,49,True,straddling,1.0,0.95896,938,0,45,0.012798
2008H2-R,R,2008-12-31,2014H1,21,24341,137,0.005628,24341,143,24349,42,True,flagged,1.0,0.97364,549,0,28,0.012798
2008H2-R,R,2008-12-31,2014H2,23,24213,99,0.004089,24213,104,24216,34,False,flagged,1.0,0.96852,695,0,28,0.012798
2008H2-R,R,2008-12-31,2015H1,25,24159,83,0.003436,24159,88,24161,21,False,flagged,1.0,0.96636,779,0,14,0.012798
2008H2-R,R,2008-12-31,2015H2,27,24159,130,0.005381,24159,164,24160,37,True,flagged,1.0,0.96636,758,2,16,0.012798
2008H2-R,R,2008-12-31,2016H1,29,24632,115,0.004669,24632,157,24635,23,True,flagged,1.0,0.98528,292,0,13,0.012798
2008H2-R,R,2008-12-31,2016H2,31,24760,121,0.004887,24760,170,24767,29,True,flagged,1.0,0.9904,161,0,11,0.012798
2008H2-R,R,2008-12-31,2017H1,33,24541,162,0.006601,24541,224,24544,61,True,flagged,1.0,0.98164,342,0,5,0.012798
2008H2-R,R,2008-12-31,2017H2,35,24679,142,0.005754,24679,171,24685,43,True,flagged,1.0,0.98716,237,1,2,0.012798
2008H2-R,R,2008-12-31,2018H1,37,24416,148,0.006062,24416,337,24421,48,True,flagged,1.0,0.97664,501,0,3,0.012798
2008H2-R,R,2008-12-31,2018H2,39,24543,146,0.005949,24543,929,24548,50,True,flagged,1.0,0.98172,340,0,0,0.012798
2008H2-R,R,2008-12-31,2019H1,41,24752,110,0.004444,24753,1135,24758,42,True,flagged,1.0,0.99008,131,0,0,0.012798
2008H2-R,R,2008-12-31,2019H2,43,24861,136,0.00547,24864,1148,24868,59,True,flagged,1.0,0.99444,64,0,0,0.012798
2008H2-R,R,2008-12-31,2020H1,45,24880,111,0.004461,24894,609,24892,56,True,flagged,1.0,0.9952,11,0,0,0.012798
2008H2-R,R,2008-12-31,2020H2,47,24919,71,0.002849,24919,197,24924,29,False,flagged,1.0,0.99676,12,0,0,0.012798
2008H2-R,R,2008-12-31,2021H1,49,24909,90,0.003613,24912,193,24920,33,False,flagged,1.0,0.99636,23,0,0,0.012798
2008H2-R,R,2008-12-31,2021H2,51,24929,136,0.005455,24932,263,24939,38,True,flagged,1.0,0.99716,24,0,0,0.012798
2008H2-R,R,2008-12-31,2022H1,53,24889,291,0.011692,24891,423,24904,79,True,flagged,1.0,0.99556,14,0,0,0.012798
2008H2-R,R,2008-12-31,2022H2,55,24859,373,0.015005,24860,485,24879,107,True,flagged,1.0,0.99436,11,0,0,0.012798
2008H2-R,R,2008-12-31,2023H1,57,24882,381,0.015312,24884,464,24895,120,True,flagged,1.0,0.99528,5,0,0,0.012798
2008H2-R,R,2008-12-31,2023H2,59,24866,363,0.014598,24867,420,24877,120,True,flagged,1.0,0.99464,21,0,0,0.012798
2010H2-R,R,2010-12-31,2011H1,1,24612,195,0.007923,24612,195,24632,70,True,pre-flag,1.0,0.98448,305,3,80,0.044696
2010H2-R,R,2010-12-31,2011H2,3,24646,119,0.004828,24646,119,24649,39,True,straddling,1.0,0.98584,287,1,71,0.044696
2010H2-R,R,2010-12-31,2012H1,5,24306,148,0.006089,24306,149,24311,56,True,straddling,1.0,0.97224,615,0,90,0.044696
2010H2-R,R,2010-12-31,2012H2,7,24538,131,0.005339,24538,133,24541,53,True,straddling,1.0,0.98152,398,0,75,0.044696
2010H2-R,R,2010-12-31,2013H1,9,24341,85,0.003492,24341,86,24346,30,False,straddling,1.0,0.97364,600,0,68,0.044696
2010H2-R,R,2010-12-31,2013H2,11,23974,142,0.005923,23974,148,23975,49,True,straddling,1.0,0.95896,938,0,75,0.044696
2010H2-R,R,2010-12-31,2014H1,13,24341,137,0.005628,24341,143,24349,42,True,flagged,1.0,0.97364,549,0,36,0.044696
2010H2-R,R,2010-12-31,2014H2,15,24213,99,0.004089,24213,104,24216,34,False,flagged,1.0,0.96852,695,0,25,0.044696
2010H2-R,R,2010-12-31,2015H1,17,24159,83,0.003436,24159,88,24161,21,False,flagged,1.0,0.96636,779,0,22,0.044696
2010H2-R,R,2010-12-31,2015H2,19,24159,130,0.005381,24159,164,24160,37,True,flagged,1.0,0.96636,758,2,11,0.044696
2010H2-R,R,2010-12-31,2016H1,21,24632,115,0.004669,24632,157,24635,23,True,flagged,1.0,0.98528,292,0,17,0.044696
2010H2-R,R,2010-12-31,2016H2,23,24760,121,0.004887,24760,170,24767,29,True,flagged,1.0,0.9904,161,0,8,0.044696
2010H2-R,R,2010-12-31,2017H1,25,24541,162,0.006601,24541,224,24544,61,True,flagged,1.0,0.98164,342,0,15,0.044696
2010H2-R,R,2010-12-31,2017H2,27,24679,142,0.005754,24679,171,24685,43,True,flagged,1.0,0.98716,237,1,3,0.044696
2010H2-R,R,2010-12-31,2018H1,29,24416,148,0.006062,24416,337,24421,48,True,flagged,1.0,0.97664,501,0,5,0.044696
2010H2-R,R,2010-12-31,2018H2,31,24543,146,0.005949,24543,929,24548,50,True,flagged,1.0,0.98172,340,0,1,0.044696
2010H2-R,R,2010-12-31,2019H1,33,24752,110,0.004444,24753,1135,24758,42,True,flagged,1.0,0.99008,131,0,0,0.044696
2010H2-R,R,2010-12-31,2019H2,35,24861,136,0.00547,24864,1148,24868,59,True,flagged,1.0,0.99444,64,0,0,0.044696
2010H2-R,R,2010-12-31,2020H1,37,24880,111,0.004461,24894,609,24892,56,True,flagged,1.0,0.9952,11,0,0,0.044696
2010H2-R,R,2010-12-31,2020H2,39,24919,71,0.002849,24919,197,24924,29,False,flagged,1.0,0.99676,12,0,0,0.044696
2010H2-R,R,2010-12-31,2021H1,41,24909,90,0.003613,24912,193,24920,33,False,flagged,1.0,0.99636,23,0,0,0.044696
2010H2-R,R,2010-12-31,2021H2,43,24929,136,0.005455,24932,263,24939,38,True,flagged,1.0,0.99716,24,0,0,0.044696
2010H2-R,R,2010-12-31,2022H1,45,24889,291,0.011692,24891,423,24904,79,True,flagged,1.0,0.99556,14,0,0,0.044696
2010H2-R,R,2010-12-31,2022H2,47,24859,373,0.015005,24860,485,24879,107,True,flagged,1.0,0.99436,11,0,0,0.044696
2010H2-R,R,2010-12-31,2023H1,49,24882,381,0.015312,24884,464,24895,120,True,flagged,1.0,0.99528,5,0,0,0.044696
2010H2-R,R,2010-12-31,2023H2,51,24866,363,0.014598,24867,420,24877,120,True,flagged,1.0,0.99464,21,0,0,0.044696
2012H2-R,R,2012-12-31,2013H1,1,24341,85,0.003492,24341,86,24346,30,False,straddling,1.0,0.97364,600,0,17,0.009117
2012H2-R,R,2012-12-31,2013H2,3,23974,142,0.005923,23974,148,23975,49,True,straddling,1.0,0.95896,938,0,15,0.009117
2012H2-R,R,2012-12-31,2014H1,5,24341,137,0.005628,24341,143,24349,42,True,flagged,1.0,0.97364,549,0,9,0.009117
2012H2-R,R,2012-12-31,2014H2,7,24213,99,0.004089,24213,104,24216,34,False,flagged,1.0,0.96852,695,0,10,0.009117
2012H2-R,R,2012-12-31,2015H1,9,24159,83,0.003436,24159,88,24161,21,False,flagged,1.0,0.96636,779,0,9,0.009117
2012H2-R,R,2012-12-31,2015H2,11,24159,130,0.005381,24159,164,24160,37,True,flagged,1.0,0.96636,758,2,8,0.009117
2012H2-R,R,2012-12-31,2016H1,13,24632,115,0.004669,24632,157,24635,23,True,flagged,1.0,0.98528,292,0,2,0.009117
2012H2-R,R,2012-12-31,2016H2,15,24760,121,0.004887,24760,170,24767,29,True,flagged,1.0,0.9904,161,0,3,0.009117
2012H2-R,R,2012-12-31,2017H1,17,24541,162,0.006601,24541,224,24544,61,True,flagged,1.0,0.98164,342,0,0,0.009117
2012H2-R,R,2012-12-31,2017H2,19,24679,142,0.005754,24679,171,24685,43,True,flagged,1.0,0.98716,237,1,0,0.009117
2012H2-R,R,2012-12-31,2018H1,21,24416,148,0.006062,24416,337,24421,48,True,flagged,1.0,0.97664,501,0,1,0.009117
2012H2-R,R,2012-12-31,2018H2,23,24543,146,0.005949,24543,929,24548,50,True,flagged,1.0,0.98172,340,0,0,0.009117
2012H2-R,R,2012-12-31,2019H1,25,24752,110,0.004444,24753,1135,24758,42,True,flagged,1.0,0.99008,131,0,0,0.009117
2012H2-R,R,2012-12-31,2019H2,27,24861,136,0.00547,24864,1148,24868,59,True,flagged,1.0,0.99444,64,0,0,0.009117
2012H2-R,R,2012-12-31,2020H1,29,24880,111,0.004461,24894,609,24892,56,True,flagged,1.0,0.9952,11,0,0,0.009117
2012H2-R,R,2012-12-31,2020H2,31,24919,71,0.002849,24919,197,24924,29,False,flagged,1.0,0.99676,12,0,0,0.009117
2012H2-R,R,2012-12-31,2021H1,33,24909,90,0.003613,24912,193,24920,33,False,flagged,1.0,0.99636,23,0,0,0.009117
2012H2-R,R,2012-12-31,2021H2,35,24929,136,0.005455,24932,263,24939,38,True,flagged,1.0,0.99716,24,0,0,0.009117
2012H2-R,R,2012-12-31,2022H1,37,24889,291,0.011692,24891,423,24904,79,True,flagged,1.0,0.99556,14,0,0,0.009117
2012H2-R,R,2012-12-31,2022H2,39,24859,373,0.015005,24860,485,24879,107,True,flagged,1.0,0.99436,11,0,0,0.009117
2012H2-R,R,2012-12-31,2023H1,41,24882,381,0.015312,24884,464,24895,120,True,flagged,1.0,0.99528,5,0,0,0.009117
2012H2-R,R,2012-12-31,2023H2,43,24866,363,0.014598,24867,420,24877,120,True,flagged,1.0,0.99464,21,0,0,0.009117
2014H2-R,R,2014-12-31,2015H1,1,24159,83,0.003436,24159,88,24161,21,False,flagged,1.0,0.96636,779,0,0,0.006275
2014H2-R,R,2014-12-31,2015H2,3,24159,130,0.005381,24159,164,24160,37,True,flagged,1.0,0.96636,758,2,0,0.006275
2014H2-R,R,2014-12-31,2016H1,5,24632,115,0.004669,24632,157,24635,23,True,flagged,1.0,0.98528,292,0,0,0.006275
2014H2-R,R,2014-12-31,2016H2,7,24760,121,0.004887,24760,170,24767,29,True,flagged,1.0,0.9904,161,0,0,0.006275
2014H2-R,R,2014-12-31,2017H1,9,24541,162,0.006601,24541,224,24544,61,True,flagged,1.0,0.98164,342,0,0,0.006275
2014H2-R,R,2014-12-31,2017H2,11,24679,142,0.005754,24679,171,24685,43,True,flagged,1.0,0.98716,237,1,0,0.006275
2014H2-R,R,2014-12-31,2018H1,13,24416,148,0.006062,24416,337,24421,48,True,flagged,1.0,0.97664,501,0,0,0.006275
2014H2-R,R,2014-12-31,2018H2,15,24543,146,0.005949,24543,929,24548,50,True,flagged,1.0,0.98172,340,0,0,0.006275
2014H2-R,R,2014-12-31,2019H1,17,24752,110,0.004444,24753,1135,24758,42,True,flagged,1.0,0.99008,131,0,0,0.006275
2014H2-R,R,2014-12-31,2019H2,19,24861,136,0.00547,24864,1148,24868,59,True,flagged,1.0,0.99444,64,0,0,0.006275
2014H2-R,R,2014-12-31,2020H1,21,24880,111,0.004461,24894,609,24892,56,True,flagged,1.0,0.9952,11,0,0,0.006275
2014H2-R,R,2014-12-31,2020H2,23,24919,71,0.002849,24919,197,24924,29,False,flagged,1.0,0.99676,12,0,0,0.006275
2014H2-R,R,2014-12-31,2021H1,25,24909,90,0.003613,24912,193,24920,33,False,flagged,1.0,0.99636,23,0,0,0.006275
2014H2-R,R,2014-12-31,2021H2,27,24929,136,0.005455,24932,263,24939,38,True,flagged,1.0,0.99716,24,0,0,0.006275
2014H2-R,R,2014-12-31,2022H1,29,24889,291,0.011692,24891,423,24904,79,True,flagged,1.0,0.99556,14,0,0,0.006275
2014H2-R,R,2014-12-31,2022H2,31,24859,373,0.015005,24860,485,24879,107,True,flagged,1.0,0.99436,11,0,0,0.006275
2014H2-R,R,2014-12-31,2023H1,33,24882,381,0.015312,24884,464,24895,120,True,flagged,1.0,0.99528,5,0,0,0.006275
2014H2-R,R,2014-12-31,2023H2,35,24866,363,0.014598,24867,420,24877,120,True,flagged,1.0,0.99464,21,0,0,0.006275
2016H2-R,R,2016-12-31,2017H1,1,24541,162,0.006601,24541,224,24544,61,True,flagged,1.0,0.98164,342,0,0,0.004761
2016H2-R,R,2016-12-31,2017H2,3,24679,142,0.005754,24679,171,24685,43,True,flagged,1.0,0.98716,237,1,0,0.004761
2016H2-R,R,2016-12-31,2018H1,5,24416,148,0.006062,24416,337,24421,48,True,flagged,1.0,0.97664,501,0,0,0.004761
2016H2-R,R,2016-12-31,2018H2,7,24543,146,0.005949,24543,929,24548,50,True,flagged,1.0,0.98172,340,0,0,0.004761
2016H2-R,R,2016-12-31,2019H1,9,24752,110,0.004444,24753,1135,24758,42,True,flagged,1.0,0.99008,131,0,0,0.004761
2016H2-R,R,2016-12-31,2019H2,11,24861,136,0.00547,24864,1148,24868,59,True,flagged,1.0,0.99444,64,0,0,0.004761
2016H2-R,R,2016-12-31,2020H1,13,24880,111,0.004461,24894,609,24892,56,True,flagged,1.0,0.9952,11,0,0,0.004761
2016H2-R,R,2016-12-31,2020H2,15,24919,71,0.002849,24919,197,24924,29,False,flagged,1.0,0.99676,12,0,0,0.004761
2016H2-R,R,2016-12-31,2021H1,17,24909,90,0.003613,24912,193,24920,33,False,flagged,1.0,0.99636,23,0,0,0.004761
2016H2-R,R,2016-12-31,2021H2,19,24929,136,0.005455,24932,263,24939,38,True,flagged,1.0,0.99716,24,0,0,0.004761
2016H2-R,R,2016-12-31,2022H1,21,24889,291,0.011692,24891,423,24904,79,True,flagged,1.0,0.99556,14,0,0,0.004761
2016H2-R,R,2016-12-31,2022H2,23,24859,373,0.015005,24860,485,24879,107,True,flagged,1.0,0.99436,11,0,0,0.004761
2016H2-R,R,2016-12-31,2023H1,25,24882,381,0.015312,24884,464,24895,120,True,flagged,1.0,0.99528,5,0,0,0.004761
2016H2-R,R,2016-12-31,2023H2,27,24866,363,0.014598,24867,420,24877,120,True,flagged,1.0,0.99464,21,0,0,0.004761
2018H2-R,R,2018-12-31,2019H1,1,24752,110,0.004444,24753,1135,24758,42,True,flagged,1.0,0.99008,131,0,0,0.004496
2018H2-R,R,2018-12-31,2019H2,3,24861,136,0.00547,24864,1148,24868,59,True,flagged,1.0,0.99444,64,0,0,0.004496
2018H2-R,R,2018-12-31,2020H1,5,24880,111,0.004461,24894,609,24892,56,True,flagged,1.0,0.9952,11,0,0,0.004496
2018H2-R,R,2018-12-31,2020H2,7,24919,71,0.002849,24919,197,24924,29,False,flagged,1.0,0.99676,12,0,0,0.004496
2018H2-R,R,2018-12-31,2021H1,9,24909,90,0.003613,24912,193,24920,33,False,flagged,1.0,0.99636,23,0,0,0.004496
2018H2-R,R,2018-12-31,2021H2,11,24929,136,0.005455,24932,263,24939,38,True,flagged,1.0,0.99716,24,0,0,0.004496
2018H2-R,R,2018-12-31,2022H1,13,24889,291,0.011692,24891,423,24904,79,True,flagged,1.0,0.99556,14,0,0,0.004496
2018H2-R,R,2018-12-31,2022H2,15,24859,373,0.015005,24860,485,24879,107,True,flagged,1.0,0.99436,11,0,0,0.004496
2018H2-R,R,2018-12-31,2023H1,17,24882,381,0.015312,24884,464,24895,120,True,flagged,1.0,0.99528,5,0,0,0.004496
2018H2-R,R,2018-12-31,2023H2,19,24866,363,0.014598,24867,420,24877,120,True,flagged,1.0,0.99464,21,0,0,0.004496
