build_id,rows,defaults,auc,gini,ks,brier,observed_rate,expected_rate,observed_over_expected,defaults_reported,model,context_seed,cohort,age_quarters
2010H2-E,24614,195,0.836764,0.673528,0.538381,0.00772438,0.007922,0.009712,0.815739,195,scorecard,,2011H1,1
2010H2-E,24646,119,0.868671,0.737342,0.618059,0.00474127,0.004828,0.007754,0.622692,119,scorecard,,2011H2,3
2010H2-E,24306,148,0.845682,0.691363,0.561032,0.00607737,0.006089,0.010509,0.579421,149,scorecard,,2012H1,5
2010H2-E,24538,131,0.848473,0.696946,0.589375,0.00534708,0.005339,0.010533,0.506845,133,scorecard,,2012H2,7
2010H2-E,24341,85,0.832098,0.664196,0.518829,0.00371753,0.003492,0.011715,0.298095,86,scorecard,,2013H1,9
2010H2-E,23974,142,0.82893,0.657861,0.509362,0.00603149,0.005923,0.014162,0.418225,148,scorecard,,2013H2,11
2010H2-E,24341,137,0.797424,0.594847,0.461845,0.00581644,0.005628,0.014079,0.399762,143,scorecard,,2014H1,13
2010H2-E,24213,99,0.795098,0.590196,0.450504,0.00429583,0.004089,0.013364,0.30595,104,scorecard,,2014H2,15
2010H2-E,24159,83,0.827947,0.655894,0.522497,0.003586,0.003436,0.011974,0.286927,88,scorecard,,2015H1,17
2010H2-E,24159,130,0.807491,0.614983,0.492593,0.00551222,0.005381,0.013598,0.395711,164,scorecard,,2015H2,19
2010H2-E,24632,115,0.833128,0.666257,0.570989,0.0047876,0.004669,0.013381,0.348899,157,scorecard,,2016H1,21
2010H2-E,24760,121,0.790708,0.581416,0.46461,0.00501133,0.004887,0.012661,0.385971,170,scorecard,,2016H2,23
2010H2-E,24541,162,0.789896,0.579792,0.422509,0.00670189,0.006601,0.015043,0.438813,224,scorecard,,2017H1,25
2010H2-E,24680,143,0.825241,0.650482,0.52988,0.00588976,0.005794,0.015271,0.379411,172,scorecard,,2017H2,27
2010H2-E,24416,148,0.775951,0.551901,0.432742,0.00619394,0.006062,0.015766,0.384478,337,scorecard,,2018H1,29
2010H2-E,24543,146,0.77032,0.540639,0.434217,0.00616218,0.005949,0.016431,0.362046,929,scorecard,,2018H2,31
2010H2-E,24752,110,0.706308,0.412616,0.309642,0.00472449,0.004444,0.015574,0.285351,1134,scorecard,,2019H1,33
2010H2-E,24861,136,0.688227,0.376455,0.284648,0.00565551,0.00547,0.0134,0.408255,1145,scorecard,,2019H2,35
2010H2-E,24880,111,0.676648,0.353295,0.296359,0.00463546,0.004461,0.011012,0.405134,595,scorecard,,2020H1,37
2010H2-E,24919,71,0.69514,0.39028,0.341544,0.00301251,0.002849,0.009548,0.298427,197,scorecard,,2020H2,39
2010H2-E,24909,90,0.74269,0.48538,0.425514,0.00375733,0.003613,0.010668,0.338698,190,scorecard,,2021H1,41
2010H2-E,24929,136,0.760761,0.521522,0.435037,0.00554582,0.005455,0.012924,0.422127,260,scorecard,,2021H2,43
2010H2-E,24889,291,0.763483,0.526967,0.415061,0.01146543,0.011692,0.01554,0.75239,421,scorecard,,2022H1,45
2010H2-E,24859,373,0.768136,0.536273,0.413742,0.01450932,0.015005,0.017011,0.882034,484,scorecard,,2022H2,47
2010H2-E,24882,381,0.778506,0.557013,0.428871,0.01483264,0.015312,0.0175,0.874971,462,scorecard,,2023H1,49
2010H2-E,24866,363,0.821178,0.642356,0.501954,0.01394446,0.014598,0.016748,0.871652,419,scorecard,,2023H2,51
2010H2-E,24614,195,0.865233,0.730466,0.588539,0.00862323,0.007922,0.017418,0.454831,195,gbm,,2011H1,1
2010H2-E,24646,119,0.888476,0.776952,0.635818,0.00537792,0.004828,0.012931,0.373382,119,gbm,,2011H2,3
2010H2-E,24306,148,0.865523,0.731045,0.601614,0.00912896,0.006089,0.026961,0.225844,149,gbm,,2012H1,5
2010H2-E,24538,131,0.856415,0.71283,0.593986,0.00841528,0.005339,0.025004,0.213509,133,gbm,,2012H2,7
2010H2-E,24341,85,0.836176,0.672352,0.529518,0.00669073,0.003492,0.024679,0.141501,86,gbm,,2013H1,9
2010H2-E,23974,142,0.837883,0.675766,0.543223,0.0082463,0.005923,0.024033,0.246455,148,gbm,,2013H2,11
2010H2-E,24341,137,0.813589,0.627178,0.505459,0.00706633,0.005628,0.019198,0.293168,143,gbm,,2014H1,13
2010H2-E,24213,99,0.806435,0.61287,0.516722,0.00506308,0.004089,0.015853,0.25791,104,gbm,,2014H2,15
2010H2-E,24159,83,0.814511,0.629022,0.527181,0.00407747,0.003436,0.01383,0.248406,88,gbm,,2015H1,17
2010H2-E,24159,130,0.800664,0.601328,0.472314,0.00594702,0.005381,0.014805,0.363465,164,gbm,,2015H2,19
2010H2-E,24632,115,0.821184,0.642367,0.539765,0.00519391,0.004669,0.014225,0.328209,157,gbm,,2016H1,21
2010H2-E,24760,121,0.772202,0.544404,0.444412,0.00528029,0.004887,0.013225,0.369517,170,gbm,,2016H2,23
2010H2-E,24541,162,0.78584,0.571679,0.455006,0.00699163,0.006601,0.015605,0.423016,224,gbm,,2017H1,25
2010H2-E,24680,143,0.814914,0.629827,0.52538,0.00609881,0.005794,0.015234,0.380347,172,gbm,,2017H2,27
2010H2-E,24416,148,0.766264,0.532529,0.40868,0.00637644,0.006062,0.015191,0.399018,337,gbm,,2018H1,29
2010H2-E,24543,146,0.767281,0.534563,0.433401,0.00622638,0.005949,0.015354,0.387447,929,gbm,,2018H2,31
2010H2-E,24752,110,0.705975,0.41195,0.321546,0.00478501,0.004444,0.01461,0.304183,1134,gbm,,2019H1,33
2010H2-E,24861,136,0.707834,0.415667,0.325174,0.0057705,0.00547,0.013386,0.408673,1145,gbm,,2019H2,35
2010H2-E,24880,111,0.664994,0.329989,0.271386,0.00468246,0.004461,0.010699,0.416982,595,gbm,,2020H1,37
2010H2-E,24919,71,0.679927,0.359853,0.316473,0.00304907,0.002849,0.009188,0.310089,197,gbm,,2020H2,39
2010H2-E,24909,90,0.745453,0.490906,0.409466,0.00380161,0.003613,0.010032,0.360173,190,gbm,,2021H1,41
2010H2-E,24929,136,0.766696,0.533391,0.435819,0.00556871,0.005455,0.012152,0.448949,260,gbm,,2021H2,43
2010H2-E,24889,291,0.759412,0.518825,0.434168,0.01157855,0.011692,0.01463,0.799171,421,gbm,,2022H1,45
2010H2-E,24859,373,0.777033,0.554066,0.436341,0.01453242,0.015005,0.015132,0.991598,484,gbm,,2022H2,47
2010H2-E,24882,381,0.773448,0.546895,0.41752,0.01488223,0.015312,0.015273,1.002588,462,gbm,,2023H1,49
2010H2-E,24866,363,0.808451,0.616902,0.480755,0.01407486,0.014598,0.01449,1.007444,419,gbm,,2023H2,51
2010H2-E,24614,195,0.855374,0.710748,0.580821,0.00772144,0.007922,0.013211,0.59967,195,gbm-50k,20260911,2011H1,1
2010H2-E,24646,119,0.876663,0.753325,0.618191,0.00476887,0.004828,0.011137,0.433553,119,gbm-50k,20260911,2011H2,3
2010H2-E,24306,148,0.861862,0.723724,0.577503,0.00615017,0.006089,0.015921,0.382448,149,gbm-50k,20260911,2012H1,5
2010H2-E,24538,131,0.857043,0.714085,0.587254,0.00547601,0.005339,0.015379,0.34715,133,gbm-50k,20260911,2012H2,7
2010H2-E,24341,85,0.831677,0.663355,0.531976,0.00385225,0.003492,0.016002,0.218225,86,gbm-50k,20260911,2013H1,9
2010H2-E,23974,142,0.833801,0.667602,0.539684,0.00609391,0.005923,0.017489,0.338683,148,gbm-50k,20260911,2013H2,11
2010H2-E,24341,137,0.79789,0.59578,0.492375,0.00582315,0.005628,0.016695,0.337125,143,gbm-50k,20260911,2014H1,13
2010H2-E,24213,99,0.769821,0.539641,0.420625,0.00432202,0.004089,0.015432,0.264948,104,gbm-50k,20260911,2014H2,15
2010H2-E,24159,83,0.813404,0.626808,0.519598,0.00362699,0.003436,0.014274,0.240679,88,gbm-50k,20260911,2015H1,17
2010H2-E,24159,130,0.774635,0.549269,0.436458,0.00550829,0.005381,0.015235,0.353192,164,gbm-50k,20260911,2015H2,19
2010H2-E,24632,115,0.790321,0.580642,0.490405,0.00482538,0.004669,0.01512,0.308781,157,gbm-50k,20260911,2016H1,21
2010H2-E,24760,121,0.746854,0.493708,0.403468,0.00504626,0.004887,0.014445,0.338322,170,gbm-50k,20260911,2016H2,23
2010H2-E,24541,162,0.772024,0.544048,0.425859,0.00668323,0.006601,0.016608,0.397478,224,gbm-50k,20260911,2017H1,25
2010H2-E,24680,143,0.797629,0.595259,0.468781,0.00588213,0.005794,0.016642,0.348175,172,gbm-50k,20260911,2017H2,27
2010H2-E,24416,148,0.761078,0.522156,0.394136,0.0061942,0.006062,0.01715,0.353442,337,gbm-50k,20260911,2018H1,29
2010H2-E,24543,146,0.751077,0.502154,0.42415,0.00612209,0.005949,0.017635,0.337321,929,gbm-50k,20260911,2018H2,31
2010H2-E,24752,110,0.674626,0.349252,0.265983,0.00471019,0.004444,0.017234,0.257873,1134,gbm-50k,20260911,2019H1,33
2010H2-E,24861,136,0.670219,0.340437,0.279965,0.00566128,0.00547,0.015384,0.355589,1145,gbm-50k,20260911,2019H2,35
2010H2-E,24880,111,0.649192,0.298384,0.282962,0.00463436,0.004461,0.012997,0.343272,595,gbm-50k,20260911,2020H1,37
2010H2-E,24919,71,0.682877,0.365754,0.348431,0.00300529,0.002849,0.011573,0.246202,197,gbm-50k,20260911,2020H2,39
2010H2-E,24909,90,0.737744,0.475487,0.387265,0.00373973,0.003613,0.012277,0.294295,190,gbm-50k,20260911,2021H1,41
2010H2-E,24929,136,0.758239,0.516478,0.431447,0.00551961,0.005455,0.014058,0.388072,260,gbm-50k,20260911,2021H2,43
2010H2-E,24889,291,0.737823,0.475647,0.398328,0.0115243,0.011692,0.016628,0.703165,421,gbm-50k,20260911,2022H1,45
2010H2-E,24859,373,0.734422,0.468844,0.36818,0.01463826,0.015005,0.018582,0.807482,484,gbm-50k,20260911,2022H2,47
2010H2-E,24882,381,0.734535,0.469069,0.352346,0.01494157,0.015312,0.019239,0.795906,462,gbm-50k,20260911,2023H1,49
2010H2-E,24866,363,0.781533,0.563067,0.428085,0.01409469,0.014598,0.018489,0.789546,419,gbm-50k,20260911,2023H2,51
2010H2-E,24614,195,0.82191,0.64382,0.492636,0.00773464,0.007922,0.008999,0.880386,195,gbm-50k,20260912,2011H1,1
2010H2-E,24646,119,0.862026,0.724052,0.605135,0.00474922,0.004828,0.007346,0.657255,119,gbm-50k,20260912,2011H2,3
2010H2-E,24306,148,0.846471,0.692942,0.556717,0.00605855,0.006089,0.010481,0.580957,149,gbm-50k,20260912,2012H1,5
2010H2-E,24538,131,0.838215,0.67643,0.542948,0.00534796,0.005339,0.010359,0.515343,133,gbm-50k,20260912,2012H2,7
2010H2-E,24341,85,0.830376,0.660753,0.51589,0.00368604,0.003492,0.011422,0.305743,86,gbm-50k,20260912,2013H1,9
2010H2-E,23974,142,0.812124,0.624248,0.495786,0.00601589,0.005923,0.01308,0.452841,148,gbm-50k,20260912,2013H2,11
2010H2-E,24341,137,0.790047,0.580094,0.474348,0.00572232,0.005628,0.012693,0.443439,143,gbm-50k,20260912,2014H1,13
2010H2-E,24213,99,0.773029,0.546059,0.445464,0.0042224,0.004089,0.012068,0.338816,104,gbm-50k,20260912,2014H2,15
2010H2-E,24159,83,0.80165,0.6033,0.52436,0.00358386,0.003436,0.011316,0.303612,88,gbm-50k,20260912,2015H1,17
2010H2-E,24159,130,0.799308,0.598616,0.48153,0.00545914,0.005381,0.012337,0.43617,164,gbm-50k,20260912,2015H2,19
2010H2-E,24632,115,0.80059,0.60118,0.498448,0.00480128,0.004669,0.012293,0.379788,157,gbm-50k,20260912,2016H1,21
2010H2-E,24760,121,0.76965,0.539301,0.461429,0.00501121,0.004887,0.011921,0.409952,170,gbm-50k,20260912,2016H2,23
2010H2-E,24541,162,0.783416,0.566832,0.429323,0.00663906,0.006601,0.013724,0.481011,224,gbm-50k,20260912,2017H1,25
2010H2-E,24680,143,0.79671,0.593419,0.483674,0.00589546,0.005794,0.013949,0.415385,172,gbm-50k,20260912,2017H2,27
2010H2-E,24416,148,0.764112,0.528224,0.441018,0.00617178,0.006062,0.014074,0.430698,337,gbm-50k,20260912,2018H1,29
2010H2-E,24543,146,0.756192,0.512383,0.427339,0.00604504,0.005949,0.014116,0.421411,929,gbm-50k,20260912,2018H2,31
2010H2-E,24752,110,0.680634,0.361268,0.27086,0.00465297,0.004444,0.013824,0.321478,1134,gbm-50k,20260912,2019H1,33
2010H2-E,24861,136,0.711422,0.422843,0.34572,0.00560075,0.00547,0.012614,0.433675,1145,gbm-50k,20260912,2019H2,35
2010H2-E,24880,111,0.647577,0.295154,0.256916,0.00460993,0.004461,0.010493,0.425197,595,gbm-50k,20260912,2020H1,37
2010H2-E,24919,71,0.686199,0.372398,0.344076,0.00296964,0.002849,0.009105,0.312942,197,gbm-50k,20260912,2020H2,39
2010H2-E,24909,90,0.736836,0.473672,0.395537,0.00372499,0.003613,0.009913,0.364503,190,gbm-50k,20260912,2021H1,41
2010H2-E,24929,136,0.762361,0.524723,0.400308,0.0055,0.005455,0.011759,0.463931,260,gbm-50k,20260912,2021H2,43
2010H2-E,24889,291,0.750514,0.501028,0.402566,0.01146232,0.011692,0.013741,0.850888,421,gbm-50k,20260912,2022H1,45
2010H2-E,24859,373,0.766082,0.532164,0.411656,0.01452299,0.015005,0.014314,1.048244,484,gbm-50k,20260912,2022H2,47
2010H2-E,24882,381,0.768942,0.537883,0.402551,0.01484952,0.015312,0.014368,1.06572,462,gbm-50k,20260912,2023H1,49
2010H2-E,24866,363,0.802274,0.604547,0.47602,0.01408412,0.014598,0.01402,1.041247,419,gbm-50k,20260912,2023H2,51
2010H2-E,24614,195,0.857258,0.714516,0.583767,0.00774768,0.007922,0.012831,0.617448,195,gbm-50k,20260913,2011H1,1
2010H2-E,24646,119,0.883379,0.766757,0.653685,0.00478505,0.004828,0.010354,0.466308,119,gbm-50k,20260913,2011H2,3
2010H2-E,24306,148,0.85924,0.718479,0.600764,0.0063513,0.006089,0.016542,0.368091,149,gbm-50k,20260913,2012H1,5
2010H2-E,24538,131,0.859331,0.718662,0.594683,0.00563688,0.005339,0.015678,0.340526,133,gbm-50k,20260913,2012H2,7
2010H2-E,24341,85,0.844,0.688001,0.566813,0.0040093,0.003492,0.01627,0.214625,86,gbm-50k,20260913,2013H1,9
2010H2-E,23974,142,0.832009,0.664017,0.528438,0.00626162,0.005923,0.017764,0.333437,148,gbm-50k,20260913,2013H2,11
2010H2-E,24341,137,0.796703,0.593405,0.482462,0.0059357,0.005628,0.016529,0.340511,143,gbm-50k,20260913,2014H1,13
2010H2-E,24213,99,0.770359,0.540718,0.40954,0.00438042,0.004089,0.015002,0.272543,104,gbm-50k,20260913,2014H2,15
2010H2-E,24159,83,0.812776,0.625551,0.498267,0.00366973,0.003436,0.013477,0.25493,88,gbm-50k,20260913,2015H1,17
2010H2-E,24159,130,0.78831,0.576621,0.453968,0.00552665,0.005381,0.014714,0.365718,164,gbm-50k,20260913,2015H2,19
2010H2-E,24632,115,0.806943,0.613886,0.505324,0.00485898,0.004669,0.014477,0.322494,157,gbm-50k,20260913,2016H1,21
2010H2-E,24760,121,0.783187,0.566374,0.462764,0.00503944,0.004887,0.013653,0.357935,170,gbm-50k,20260913,2016H2,23
2010H2-E,24541,162,0.777167,0.554335,0.425582,0.00673701,0.006601,0.016359,0.403514,224,gbm-50k,20260913,2017H1,25
2010H2-E,24680,143,0.809499,0.618998,0.508208,0.00595452,0.005794,0.016457,0.352077,172,gbm-50k,20260913,2017H2,27
2010H2-E,24416,148,0.740351,0.480701,0.375275,0.00629794,0.006062,0.017079,0.354925,337,gbm-50k,20260913,2018H1,29
2010H2-E,24543,146,0.756535,0.51307,0.420288,0.00617873,0.005949,0.017426,0.341375,929,gbm-50k,20260913,2018H2,31
2010H2-E,24752,110,0.693935,0.387869,0.284887,0.00475453,0.004444,0.016772,0.264965,1134,gbm-50k,20260913,2019H1,33
2010H2-E,24861,136,0.671862,0.343723,0.279602,0.0057058,0.00547,0.014645,0.373523,1145,gbm-50k,20260913,2019H2,35
2010H2-E,24880,111,0.669379,0.338758,0.287759,0.00463205,0.004461,0.011871,0.375832,595,gbm-50k,20260913,2020H1,37
2010H2-E,24919,71,0.692317,0.384635,0.331722,0.00301015,0.002849,0.010216,0.278898,197,gbm-50k,20260913,2020H2,39
2010H2-E,24909,90,0.734577,0.469155,0.396708,0.00377717,0.003613,0.011313,0.319375,190,gbm-50k,20260913,2021H1,41
2010H2-E,24929,136,0.766234,0.532468,0.428979,0.0055761,0.005455,0.013541,0.40288,260,gbm-50k,20260913,2021H2,43
2010H2-E,24889,291,0.73474,0.469481,0.376555,0.01155888,0.011692,0.016681,0.700896,421,gbm-50k,20260913,2022H1,45
2010H2-E,24859,373,0.752549,0.505097,0.392072,0.0145962,0.015005,0.018318,0.819134,484,gbm-50k,20260913,2022H2,47
2010H2-E,24882,381,0.748157,0.496314,0.389638,0.01495593,0.015312,0.019257,0.795158,462,gbm-50k,20260913,2023H1,49
2010H2-E,24866,363,0.797286,0.594573,0.462835,0.01408665,0.014598,0.018467,0.790515,419,gbm-50k,20260913,2023H2,51
