model,arm,build_id,as_of,context_seed,cohort,age_quarters,rows,defaults,auc,gini,ks,brier,observed_rate,expected_rate,observed_over_expected
gbm,E,2013H1-E,2013-06-30,,2013Q3,1,20000,469,0.684644,0.369288,0.265536,0.02272012,0.02345,0.027082,0.865889
gbm,E,2013H1-E,2013-06-30,,2013Q4,2,20000,398,0.665328,0.330656,0.245451,0.01947749,0.0199,0.025678,0.77497
gbm,E,2013H1-E,2013-06-30,,2014Q1,3,20000,446,0.655616,0.311231,0.243822,0.02177272,0.0223,0.027255,0.818189
gbm,E,2013H1-E,2013-06-30,,2014Q2,4,20000,472,0.68683,0.373661,0.283604,0.02289293,0.0236,0.028154,0.838239
gbm,E,2013H1-E,2013-06-30,,2014Q3,5,20000,453,0.669597,0.339193,0.267885,0.02214319,0.02265,0.028411,0.797213
gbm,E,2013H1-E,2013-06-30,,2014Q4,6,20000,472,0.683861,0.367721,0.289511,0.02283954,0.0236,0.027234,0.866556
gbm,E,2013H1-E,2013-06-30,,2015Q1,7,20000,579,0.68917,0.378339,0.277412,0.02778545,0.02895,0.027018,1.071503
gbm,E,2013H1-E,2013-06-30,,2015Q2,8,20000,571,0.687125,0.374249,0.301457,0.02748869,0.02855,0.026804,1.065141
gbm,E,2013H1-E,2013-06-30,,2015Q3,9,20000,541,0.700953,0.401906,0.32207,0.02600742,0.02705,0.026423,1.02371
gbm,E,2013H1-E,2013-06-30,,2015Q4,10,20000,551,0.708694,0.417389,0.320272,0.02641923,0.02755,0.025681,1.072787
gbm,E,2013H1-E,2013-06-30,,2016Q1,11,20000,655,0.70789,0.41578,0.317576,0.03125212,0.03275,0.02529,1.294987
gbm,E,2013H1-E,2013-06-30,,2016Q2,12,20000,686,0.699621,0.399243,0.311446,0.03274661,0.0343,0.025095,1.366782
gbm,E,2013H1-E,2013-06-30,,2016Q3,13,20000,650,0.655952,0.311903,0.227398,0.03115999,0.0325,0.025923,1.253701
gbm,E,2013H1-E,2013-06-30,,2016Q4,14,20000,626,0.658363,0.316726,0.247003,0.03010215,0.0313,0.025508,1.227064
gbm,E,2013H1-E,2013-06-30,,2017Q1,15,20000,629,0.674833,0.349666,0.268723,0.03017515,0.03145,0.024687,1.273924
gbm,E,2013H1-E,2013-06-30,,2017Q2,16,20000,681,0.68622,0.37244,0.274495,0.03249376,0.03405,0.024919,1.366405
gbm,E,2013H1-E,2013-06-30,,2017Q3,17,20000,584,0.682592,0.365185,0.264848,0.02811366,0.0292,0.026193,1.114808
gbm,E,2013H1-E,2013-06-30,,2017Q4,18,20000,623,0.697838,0.395677,0.293872,0.02978017,0.03115,0.025079,1.242051
gbm,E,2013H1-E,2013-06-30,,2018Q1,19,20000,638,0.67649,0.352979,0.248942,0.03061929,0.0319,0.024042,1.326835
gbm-50k,E,2013H1-E,2013-06-30,20260911,2013Q3,1,20000,469,0.687958,0.375916,0.275179,0.02269147,0.02345,0.027071,0.86624
gbm-50k,E,2013H1-E,2013-06-30,20260911,2013Q4,2,20000,398,0.667395,0.334791,0.248475,0.01945386,0.0199,0.025704,0.774204
gbm-50k,E,2013H1-E,2013-06-30,20260911,2014Q1,3,20000,446,0.660829,0.321657,0.256892,0.02175258,0.0223,0.027254,0.818216
gbm-50k,E,2013H1-E,2013-06-30,20260911,2014Q2,4,20000,472,0.685328,0.370656,0.289424,0.02290256,0.0236,0.028139,0.838708
gbm-50k,E,2013H1-E,2013-06-30,20260911,2014Q3,5,20000,453,0.671004,0.342009,0.271785,0.02211485,0.02265,0.028359,0.798695
gbm-50k,E,2013H1-E,2013-06-30,20260911,2014Q4,6,20000,472,0.687697,0.375394,0.295859,0.02282712,0.0236,0.027195,0.867812
gbm-50k,E,2013H1-E,2013-06-30,20260911,2015Q1,7,20000,579,0.687546,0.375093,0.277807,0.02780143,0.02895,0.026965,1.073604
gbm-50k,E,2013H1-E,2013-06-30,20260911,2015Q2,8,20000,571,0.689153,0.378305,0.29694,0.0274803,0.02855,0.026769,1.066523
gbm-50k,E,2013H1-E,2013-06-30,20260911,2015Q3,9,20000,541,0.699813,0.399626,0.328638,0.02601944,0.02705,0.026428,1.023532
gbm-50k,E,2013H1-E,2013-06-30,20260911,2015Q4,10,20000,551,0.710554,0.421109,0.327323,0.02641635,0.02755,0.02568,1.072838
gbm-50k,E,2013H1-E,2013-06-30,20260911,2016Q1,11,20000,655,0.713421,0.426843,0.329819,0.03125463,0.03275,0.025288,1.29509
gbm-50k,E,2013H1-E,2013-06-30,20260911,2016Q2,12,20000,686,0.702325,0.40465,0.306974,0.03272651,0.0343,0.025096,1.366732
gbm-50k,E,2013H1-E,2013-06-30,20260911,2016Q3,13,20000,650,0.658066,0.316132,0.231457,0.0311555,0.0325,0.026032,1.248478
gbm-50k,E,2013H1-E,2013-06-30,20260911,2016Q4,14,20000,626,0.660281,0.320563,0.254569,0.03008666,0.0313,0.025646,1.22047
gbm-50k,E,2013H1-E,2013-06-30,20260911,2017Q1,15,20000,629,0.67842,0.356839,0.27949,0.03016948,0.03145,0.024788,1.268784
gbm-50k,E,2013H1-E,2013-06-30,20260911,2017Q2,16,20000,681,0.690041,0.380083,0.284889,0.03246943,0.03405,0.02496,1.364185
gbm-50k,E,2013H1-E,2013-06-30,20260911,2017Q3,17,20000,584,0.686973,0.373945,0.279394,0.02804602,0.0292,0.026155,1.116408
gbm-50k,E,2013H1-E,2013-06-30,20260911,2017Q4,18,20000,623,0.697794,0.395589,0.278984,0.02975491,0.03115,0.025125,1.239783
gbm-50k,E,2013H1-E,2013-06-30,20260911,2018Q1,19,20000,638,0.677389,0.354779,0.265173,0.03062151,0.0319,0.024121,1.322518
gbm-50k,E,2013H1-E,2013-06-30,20260912,2013Q3,1,20000,469,0.681014,0.362028,0.260668,0.02272062,0.02345,0.026823,0.87425
gbm-50k,E,2013H1-E,2013-06-30,20260912,2013Q4,2,20000,398,0.667798,0.335597,0.271852,0.01945378,0.0199,0.025322,0.785874
gbm-50k,E,2013H1-E,2013-06-30,20260912,2014Q1,3,20000,446,0.66361,0.327219,0.263474,0.0217691,0.0223,0.026775,0.832868
gbm-50k,E,2013H1-E,2013-06-30,20260912,2014Q2,4,20000,472,0.681021,0.362042,0.270395,0.02291851,0.0236,0.027678,0.852672
gbm-50k,E,2013H1-E,2013-06-30,20260912,2014Q3,5,20000,453,0.672081,0.344163,0.273522,0.02214706,0.02265,0.027886,0.812248
gbm-50k,E,2013H1-E,2013-06-30,20260912,2014Q4,6,20000,472,0.686779,0.373558,0.281351,0.02284198,0.0236,0.026587,0.887643
gbm-50k,E,2013H1-E,2013-06-30,20260912,2015Q1,7,20000,579,0.683443,0.366885,0.278966,0.02783259,0.02895,0.026534,1.091064
gbm-50k,E,2013H1-E,2013-06-30,20260912,2015Q2,8,20000,571,0.678623,0.357247,0.282833,0.02754669,0.02855,0.026376,1.082413
gbm-50k,E,2013H1-E,2013-06-30,20260912,2015Q3,9,20000,541,0.703167,0.406335,0.329706,0.02602661,0.02705,0.025927,1.043313
gbm-50k,E,2013H1-E,2013-06-30,20260912,2015Q4,10,20000,551,0.705552,0.411105,0.320569,0.02644803,0.02755,0.025167,1.094683
gbm-50k,E,2013H1-E,2013-06-30,20260912,2016Q1,11,20000,655,0.707534,0.415068,0.320032,0.03130561,0.03275,0.024991,1.310464
gbm-50k,E,2013H1-E,2013-06-30,20260912,2016Q2,12,20000,686,0.701742,0.403484,0.303002,0.03277367,0.0343,0.024863,1.379582
gbm-50k,E,2013H1-E,2013-06-30,20260912,2016Q3,13,20000,650,0.650107,0.300214,0.218795,0.03122072,0.0325,0.025699,1.264622
gbm-50k,E,2013H1-E,2013-06-30,20260912,2016Q4,14,20000,626,0.657338,0.314675,0.256158,0.03009262,0.0313,0.025301,1.237115
gbm-50k,E,2013H1-E,2013-06-30,20260912,2017Q1,15,20000,629,0.671373,0.342747,0.268746,0.03028548,0.03145,0.024489,1.284274
gbm-50k,E,2013H1-E,2013-06-30,20260912,2017Q2,16,20000,681,0.681952,0.363905,0.277113,0.0326242,0.03405,0.02501,1.361439
gbm-50k,E,2013H1-E,2013-06-30,20260912,2017Q3,17,20000,584,0.681578,0.363157,0.256051,0.02830324,0.0292,0.026621,1.096896
gbm-50k,E,2013H1-E,2013-06-30,20260912,2017Q4,18,20000,623,0.697287,0.394575,0.289911,0.02998528,0.03115,0.025653,1.214289
gbm-50k,E,2013H1-E,2013-06-30,20260912,2018Q1,19,20000,638,0.674844,0.349688,0.2475,0.03072513,0.0319,0.024395,1.307642
gbm-50k,E,2013H1-E,2013-06-30,20260913,2013Q3,1,20000,469,0.67664,0.353279,0.248919,0.02290179,0.02345,0.026579,0.882262
gbm-50k,E,2013H1-E,2013-06-30,20260913,2013Q4,2,20000,398,0.668499,0.336998,0.26879,0.01957936,0.0199,0.025151,0.791207
gbm-50k,E,2013H1-E,2013-06-30,20260913,2014Q1,3,20000,446,0.660325,0.32065,0.247156,0.02193954,0.0223,0.026844,0.83072
gbm-50k,E,2013H1-E,2013-06-30,20260913,2014Q2,4,20000,472,0.675935,0.351871,0.275297,0.023164,0.0236,0.027944,0.844553
gbm-50k,E,2013H1-E,2013-06-30,20260913,2014Q3,5,20000,453,0.665311,0.330622,0.269355,0.02241959,0.02265,0.028182,0.803712
gbm-50k,E,2013H1-E,2013-06-30,20260913,2014Q4,6,20000,472,0.677738,0.355475,0.27438,0.02307461,0.0236,0.027241,0.866331
gbm-50k,E,2013H1-E,2013-06-30,20260913,2015Q1,7,20000,579,0.677077,0.354154,0.266842,0.0280232,0.02895,0.027047,1.07034
gbm-50k,E,2013H1-E,2013-06-30,20260913,2015Q2,8,20000,571,0.664509,0.329018,0.263957,0.02781132,0.02855,0.026853,1.063191
gbm-50k,E,2013H1-E,2013-06-30,20260913,2015Q3,9,20000,541,0.68536,0.37072,0.293195,0.02632678,0.02705,0.026519,1.020023
gbm-50k,E,2013H1-E,2013-06-30,20260913,2015Q4,10,20000,551,0.690724,0.381448,0.308348,0.02674522,0.02755,0.025903,1.063575
gbm-50k,E,2013H1-E,2013-06-30,20260913,2016Q1,11,20000,655,0.688942,0.377884,0.306377,0.03164322,0.03275,0.025815,1.268659
gbm-50k,E,2013H1-E,2013-06-30,20260913,2016Q2,12,20000,686,0.690956,0.381912,0.282573,0.03305705,0.0343,0.025644,1.337525
gbm-50k,E,2013H1-E,2013-06-30,20260913,2016Q3,13,20000,650,0.646214,0.292428,0.227434,0.03140402,0.0325,0.025881,1.25577
gbm-50k,E,2013H1-E,2013-06-30,20260913,2016Q4,14,20000,626,0.643418,0.286835,0.225914,0.03043597,0.0313,0.02577,1.214592
gbm-50k,E,2013H1-E,2013-06-30,20260913,2017Q1,15,20000,629,0.66094,0.32188,0.253013,0.0305263,0.03145,0.02517,1.249509
gbm-50k,E,2013H1-E,2013-06-30,20260913,2017Q2,16,20000,681,0.681446,0.362893,0.28976,0.03296134,0.03405,0.025954,1.311918
gbm-50k,E,2013H1-E,2013-06-30,20260913,2017Q3,17,20000,584,0.670964,0.341927,0.24957,0.02912955,0.0292,0.028455,1.026166
gbm-50k,E,2013H1-E,2013-06-30,20260913,2017Q4,18,20000,623,0.686789,0.373579,0.272292,0.03080254,0.03115,0.02781,1.120087
gbm-50k,E,2013H1-E,2013-06-30,20260913,2018Q1,19,20000,638,0.668472,0.336945,0.251174,0.03123891,0.0319,0.026308,1.212544
gbm,E,2013H2-E,2013-12-31,,2014Q1,1,20000,446,0.672676,0.345353,0.258447,0.0216336,0.0223,0.025875,0.861821
gbm,E,2013H2-E,2013-12-31,,2014Q2,2,20000,472,0.690052,0.380104,0.299078,0.02281609,0.0236,0.026763,0.881826
gbm,E,2013H2-E,2013-12-31,,2014Q3,3,20000,453,0.680073,0.360147,0.288361,0.02199797,0.02265,0.026712,0.847939
gbm,E,2013H2-E,2013-12-31,,2014Q4,4,20000,472,0.69776,0.39552,0.299769,0.02275758,0.0236,0.025488,0.925913
gbm,E,2013H2-E,2013-12-31,,2015Q1,5,20000,579,0.694002,0.388004,0.291525,0.02775841,0.02895,0.025194,1.149099
gbm,E,2013H2-E,2013-12-31,,2015Q2,6,20000,571,0.684107,0.368215,0.295778,0.02743828,0.02855,0.025219,1.132103
gbm,E,2013H2-E,2013-12-31,,2015Q3,7,20000,541,0.712262,0.424525,0.33201,0.02594804,0.02705,0.024874,1.087469
gbm,E,2013H2-E,2013-12-31,,2015Q4,8,20000,551,0.71109,0.422181,0.325704,0.02640509,0.02755,0.024343,1.131752
gbm,E,2013H2-E,2013-12-31,,2016Q1,9,20000,655,0.71114,0.42228,0.323273,0.031307,0.03275,0.024019,1.363494
gbm,E,2013H2-E,2013-12-31,,2016Q2,10,20000,686,0.707792,0.415584,0.314775,0.0327373,0.0343,0.024236,1.41525
gbm,E,2013H2-E,2013-12-31,,2016Q3,11,20000,650,0.656211,0.312423,0.224949,0.03118575,0.0325,0.025393,1.279893
gbm,E,2013H2-E,2013-12-31,,2016Q4,12,20000,626,0.662526,0.325051,0.263827,0.0300758,0.0313,0.024838,1.260178
gbm,E,2013H2-E,2013-12-31,,2017Q1,13,20000,629,0.675918,0.351837,0.269924,0.03017766,0.03145,0.024092,1.305434
gbm,E,2013H2-E,2013-12-31,,2017Q2,14,20000,681,0.691495,0.382989,0.293895,0.03253192,0.03405,0.024177,1.408357
gbm,E,2013H2-E,2013-12-31,,2017Q3,15,20000,584,0.696684,0.393368,0.290773,0.02796472,0.0292,0.025207,1.158423
gbm,E,2013H2-E,2013-12-31,,2017Q4,16,20000,623,0.702623,0.405245,0.294191,0.02976019,0.03115,0.024587,1.266923
gbm,E,2013H2-E,2013-12-31,,2018Q1,17,20000,638,0.683625,0.36725,0.259983,0.03054873,0.0319,0.023684,1.34692
gbm-50k,E,2013H2-E,2013-12-31,20260911,2014Q1,1,20000,446,0.665345,0.330691,0.252959,0.02173069,0.0223,0.026739,0.833984
gbm-50k,E,2013H2-E,2013-12-31,20260911,2014Q2,2,20000,472,0.678428,0.356856,0.287781,0.02290505,0.0236,0.027828,0.848062
gbm-50k,E,2013H2-E,2013-12-31,20260911,2014Q3,3,20000,453,0.670396,0.340791,0.27177,0.0221032,0.02265,0.02767,0.818583
gbm-50k,E,2013H2-E,2013-12-31,20260911,2014Q4,4,20000,472,0.68616,0.372321,0.275304,0.02277562,0.0236,0.02635,0.895638
gbm-50k,E,2013H2-E,2013-12-31,20260911,2015Q1,5,20000,579,0.686881,0.373762,0.290393,0.02778374,0.02895,0.026035,1.111957
gbm-50k,E,2013H2-E,2013-12-31,20260911,2015Q2,6,20000,571,0.679997,0.359994,0.293829,0.02746956,0.02855,0.026096,1.094041
gbm-50k,E,2013H2-E,2013-12-31,20260911,2015Q3,7,20000,541,0.706084,0.412168,0.317443,0.02597268,0.02705,0.025799,1.048489
gbm-50k,E,2013H2-E,2013-12-31,20260911,2015Q4,8,20000,551,0.703245,0.40649,0.308001,0.02641566,0.02755,0.025208,1.092895
gbm-50k,E,2013H2-E,2013-12-31,20260911,2016Q1,9,20000,655,0.701018,0.402035,0.311611,0.03130398,0.03275,0.02474,1.323762
gbm-50k,E,2013H2-E,2013-12-31,20260911,2016Q2,10,20000,686,0.698206,0.396413,0.294905,0.03272245,0.0343,0.024899,1.377545
gbm-50k,E,2013H2-E,2013-12-31,20260911,2016Q3,11,20000,650,0.645987,0.291973,0.21709,0.03120584,0.0325,0.025889,1.25535
gbm-50k,E,2013H2-E,2013-12-31,20260911,2016Q4,12,20000,626,0.65438,0.30876,0.224392,0.03007678,0.0313,0.025389,1.232828
gbm-50k,E,2013H2-E,2013-12-31,20260911,2017Q1,13,20000,629,0.663909,0.327819,0.2629,0.03019173,0.03145,0.024525,1.28235
gbm-50k,E,2013H2-E,2013-12-31,20260911,2017Q2,14,20000,681,0.685795,0.37159,0.279657,0.03249617,0.03405,0.024551,1.386906
gbm-50k,E,2013H2-E,2013-12-31,20260911,2017Q3,15,20000,584,0.683997,0.367994,0.272616,0.02799719,0.0292,0.025577,1.141641
gbm-50k,E,2013H2-E,2013-12-31,20260911,2017Q4,16,20000,623,0.702274,0.404548,0.28171,0.02972311,0.03115,0.024555,1.268579
gbm-50k,E,2013H2-E,2013-12-31,20260911,2018Q1,17,20000,638,0.682842,0.365685,0.272789,0.03054706,0.0319,0.023743,1.34358
gbm-50k,E,2013H2-E,2013-12-31,20260912,2014Q1,1,20000,446,0.673418,0.346835,0.263137,0.02162473,0.0223,0.026486,0.841967
gbm-50k,E,2013H2-E,2013-12-31,20260912,2014Q2,2,20000,472,0.685925,0.371851,0.285122,0.02283224,0.0236,0.02715,0.869253
gbm-50k,E,2013H2-E,2013-12-31,20260912,2014Q3,3,20000,453,0.678082,0.356164,0.280313,0.02198614,0.02265,0.027132,0.834801
gbm-50k,E,2013H2-E,2013-12-31,20260912,2014Q4,4,20000,472,0.68794,0.375879,0.281525,0.02281288,0.0236,0.026507,0.890346
gbm-50k,E,2013H2-E,2013-12-31,20260912,2015Q1,5,20000,579,0.701616,0.403231,0.320267,0.02778648,0.02895,0.026387,1.097148
gbm-50k,E,2013H2-E,2013-12-31,20260912,2015Q2,6,20000,571,0.685112,0.370224,0.292942,0.02747119,0.02855,0.026294,1.085817
gbm-50k,E,2013H2-E,2013-12-31,20260912,2015Q3,7,20000,541,0.708301,0.416602,0.32654,0.02602387,0.02705,0.026113,1.035893
gbm-50k,E,2013H2-E,2013-12-31,20260912,2015Q4,8,20000,551,0.703672,0.407343,0.324433,0.02649868,0.02755,0.025759,1.069547
gbm-50k,E,2013H2-E,2013-12-31,20260912,2016Q1,9,20000,655,0.711674,0.423348,0.32377,0.03135128,0.03275,0.025469,1.285887
gbm-50k,E,2013H2-E,2013-12-31,20260912,2016Q2,10,20000,686,0.704337,0.408674,0.309838,0.03279704,0.0343,0.025599,1.339874
gbm-50k,E,2013H2-E,2013-12-31,20260912,2016Q3,11,20000,650,0.659702,0.319403,0.227641,0.03120265,0.0325,0.026312,1.235196
gbm-50k,E,2013H2-E,2013-12-31,20260912,2016Q4,12,20000,626,0.668226,0.336452,0.260487,0.03009623,0.0313,0.025959,1.205732
gbm-50k,E,2013H2-E,2013-12-31,20260912,2017Q1,13,20000,629,0.67427,0.348541,0.258848,0.03021732,0.03145,0.025465,1.235048
gbm-50k,E,2013H2-E,2013-12-31,20260912,2017Q2,14,20000,681,0.691663,0.383327,0.286558,0.03256984,0.03405,0.025515,1.334522
gbm-50k,E,2013H2-E,2013-12-31,20260912,2017Q3,15,20000,584,0.68389,0.36778,0.275535,0.0280768,0.0292,0.026001,1.123045
gbm-50k,E,2013H2-E,2013-12-31,20260912,2017Q4,16,20000,623,0.694657,0.389313,0.272031,0.02985323,0.03115,0.025447,1.224093
gbm-50k,E,2013H2-E,2013-12-31,20260912,2018Q1,17,20000,638,0.677286,0.354571,0.258203,0.03060258,0.0319,0.024831,1.284682
gbm-50k,E,2013H2-E,2013-12-31,20260913,2014Q1,1,20000,446,0.664738,0.329477,0.248382,0.02170826,0.0223,0.02593,0.860024
gbm-50k,E,2013H2-E,2013-12-31,20260913,2014Q2,2,20000,472,0.688144,0.376287,0.282307,0.02289145,0.0236,0.026939,0.876053
gbm-50k,E,2013H2-E,2013-12-31,20260913,2014Q3,3,20000,453,0.674278,0.348557,0.275469,0.02210959,0.02265,0.026701,0.848295
gbm-50k,E,2013H2-E,2013-12-31,20260913,2014Q4,4,20000,472,0.682411,0.364822,0.292418,0.02290817,0.0236,0.02561,0.921507
gbm-50k,E,2013H2-E,2013-12-31,20260913,2015Q1,5,20000,579,0.686481,0.372962,0.289389,0.02784688,0.02895,0.025383,1.140523
gbm-50k,E,2013H2-E,2013-12-31,20260913,2015Q2,6,20000,571,0.679954,0.359908,0.287711,0.02757493,0.02855,0.025456,1.121561
gbm-50k,E,2013H2-E,2013-12-31,20260913,2015Q3,7,20000,541,0.70104,0.402079,0.318416,0.02608251,0.02705,0.025115,1.07704
gbm-50k,E,2013H2-E,2013-12-31,20260913,2015Q4,8,20000,551,0.706405,0.41281,0.321122,0.02644364,0.02755,0.024484,1.125203
gbm-50k,E,2013H2-E,2013-12-31,20260913,2016Q1,9,20000,655,0.706251,0.412503,0.334047,0.03141788,0.03275,0.024394,1.342548
gbm-50k,E,2013H2-E,2013-12-31,20260913,2016Q2,10,20000,686,0.701406,0.402811,0.299769,0.03286923,0.0343,0.024878,1.378731
gbm-50k,E,2013H2-E,2013-12-31,20260913,2016Q3,11,20000,650,0.659732,0.319465,0.245983,0.03129218,0.0325,0.025712,1.264009
gbm-50k,E,2013H2-E,2013-12-31,20260913,2016Q4,12,20000,626,0.664704,0.329408,0.26097,0.03015653,0.0313,0.025133,1.245394
gbm-50k,E,2013H2-E,2013-12-31,20260913,2017Q1,13,20000,629,0.675395,0.35079,0.278463,0.03025753,0.03145,0.024478,1.284819
gbm-50k,E,2013H2-E,2013-12-31,20260913,2017Q2,14,20000,681,0.688374,0.376748,0.297353,0.03262275,0.03405,0.024499,1.389854
gbm-50k,E,2013H2-E,2013-12-31,20260913,2017Q3,15,20000,584,0.687624,0.375249,0.282503,0.02815918,0.0292,0.02534,1.152322
gbm-50k,E,2013H2-E,2013-12-31,20260913,2017Q4,16,20000,623,0.702621,0.405241,0.306779,0.02983808,0.03115,0.025016,1.245211
gbm-50k,E,2013H2-E,2013-12-31,20260913,2018Q1,17,20000,638,0.684912,0.369824,0.272871,0.03056229,0.0319,0.024363,1.309357
gbm,E,2014H1-E,2014-06-30,,2014Q3,1,20000,453,0.688795,0.37759,0.289054,0.02196954,0.02265,0.025512,0.88781
gbm,E,2014H1-E,2014-06-30,,2014Q4,2,20000,472,0.705223,0.410447,0.310041,0.02271823,0.0236,0.024014,0.982778
gbm,E,2014H1-E,2014-06-30,,2015Q1,3,20000,579,0.701965,0.40393,0.325989,0.02772349,0.02895,0.023754,1.218733
gbm,E,2014H1-E,2014-06-30,,2015Q2,4,20000,571,0.692689,0.385377,0.307261,0.02739544,0.02855,0.023769,1.201155
gbm,E,2014H1-E,2014-06-30,,2015Q3,5,20000,541,0.718126,0.436252,0.345091,0.02592013,0.02705,0.023328,1.15955
gbm,E,2014H1-E,2014-06-30,,2015Q4,6,20000,551,0.718074,0.436148,0.331803,0.02634354,0.02755,0.022684,1.214517
gbm,E,2014H1-E,2014-06-30,,2016Q1,7,20000,655,0.723268,0.446537,0.350945,0.03121541,0.03275,0.022607,1.448689
gbm,E,2014H1-E,2014-06-30,,2016Q2,8,20000,686,0.711562,0.423125,0.308209,0.03268547,0.0343,0.022811,1.503663
gbm,E,2014H1-E,2014-06-30,,2016Q3,9,20000,650,0.667175,0.334351,0.238525,0.03111185,0.0325,0.023905,1.35957
gbm,E,2014H1-E,2014-06-30,,2016Q4,10,20000,626,0.675973,0.351946,0.272661,0.03001957,0.0313,0.023322,1.342064
gbm,E,2014H1-E,2014-06-30,,2017Q1,11,20000,629,0.682743,0.365485,0.280728,0.03019509,0.03145,0.022321,1.408982
gbm,E,2014H1-E,2014-06-30,,2017Q2,12,20000,681,0.697886,0.395772,0.307533,0.03251039,0.03405,0.022494,1.513712
gbm,E,2014H1-E,2014-06-30,,2017Q3,13,20000,584,0.702643,0.405286,0.304894,0.0279511,0.0292,0.023607,1.236929
gbm,E,2014H1-E,2014-06-30,,2017Q4,14,20000,623,0.703469,0.406937,0.290595,0.02971716,0.03115,0.023006,1.354001
gbm,E,2014H1-E,2014-06-30,,2018Q1,15,20000,638,0.69527,0.39054,0.286807,0.03052951,0.0319,0.021997,1.450194
gbm-50k,E,2014H1-E,2014-06-30,20260911,2014Q3,1,20000,453,0.676464,0.352928,0.27805,0.02199027,0.02265,0.025593,0.885
gbm-50k,E,2014H1-E,2014-06-30,20260911,2014Q4,2,20000,472,0.691265,0.38253,0.303358,0.02278592,0.0236,0.024031,0.982075
gbm-50k,E,2014H1-E,2014-06-30,20260911,2015Q1,3,20000,579,0.688712,0.377425,0.290145,0.02782244,0.02895,0.024,1.206246
gbm-50k,E,2014H1-E,2014-06-30,20260911,2015Q2,4,20000,571,0.6775,0.355001,0.264077,0.02740736,0.02855,0.023999,1.189611
gbm-50k,E,2014H1-E,2014-06-30,20260911,2015Q3,5,20000,541,0.703153,0.406306,0.322081,0.0259297,0.02705,0.023646,1.14396
gbm-50k,E,2014H1-E,2014-06-30,20260911,2015Q4,6,20000,551,0.708316,0.416631,0.306917,0.02635329,0.02755,0.02284,1.206209
gbm-50k,E,2014H1-E,2014-06-30,20260911,2016Q1,7,20000,655,0.714724,0.429449,0.34192,0.0313012,0.03275,0.022787,1.4372
gbm-50k,E,2014H1-E,2014-06-30,20260911,2016Q2,8,20000,686,0.695193,0.390387,0.273745,0.03277584,0.0343,0.022857,1.500628
gbm-50k,E,2014H1-E,2014-06-30,20260911,2016Q3,9,20000,650,0.658521,0.317042,0.2264,0.03116392,0.0325,0.023848,1.362775
gbm-50k,E,2014H1-E,2014-06-30,20260911,2016Q4,10,20000,626,0.66914,0.338281,0.245555,0.03006368,0.0313,0.023274,1.344832
gbm-50k,E,2014H1-E,2014-06-30,20260911,2017Q1,11,20000,629,0.676128,0.352256,0.272601,0.03017799,0.03145,0.022478,1.39916
gbm-50k,E,2014H1-E,2014-06-30,20260911,2017Q2,12,20000,681,0.685146,0.370291,0.277262,0.03259288,0.03405,0.022557,1.509504
gbm-50k,E,2014H1-E,2014-06-30,20260911,2017Q3,13,20000,584,0.685433,0.370865,0.276297,0.02799878,0.0292,0.0234,1.24788
gbm-50k,E,2014H1-E,2014-06-30,20260911,2017Q4,14,20000,623,0.696297,0.392594,0.297089,0.02980817,0.03115,0.022948,1.357433
gbm-50k,E,2014H1-E,2014-06-30,20260911,2018Q1,15,20000,638,0.68886,0.37772,0.27707,0.0306065,0.0319,0.022016,1.448969
gbm-50k,E,2014H1-E,2014-06-30,20260912,2014Q3,1,20000,453,0.68585,0.371701,0.288571,0.02201562,0.02265,0.026246,0.862985
gbm-50k,E,2014H1-E,2014-06-30,20260912,2014Q4,2,20000,472,0.697519,0.395038,0.303303,0.02276159,0.0236,0.024961,0.945476
gbm-50k,E,2014H1-E,2014-06-30,20260912,2015Q1,3,20000,579,0.691823,0.383646,0.297342,0.02779199,0.02895,0.024713,1.171433
gbm-50k,E,2014H1-E,2014-06-30,20260912,2015Q2,4,20000,571,0.696699,0.393399,0.303959,0.02741524,0.02855,0.024677,1.156946
gbm-50k,E,2014H1-E,2014-06-30,20260912,2015Q3,5,20000,541,0.709246,0.418493,0.340253,0.02596213,0.02705,0.024344,1.111169
gbm-50k,E,2014H1-E,2014-06-30,20260912,2015Q4,6,20000,551,0.713147,0.426293,0.337929,0.02641199,0.02755,0.023892,1.153106
gbm-50k,E,2014H1-E,2014-06-30,20260912,2016Q1,7,20000,655,0.712931,0.425861,0.321787,0.03128488,0.03275,0.02364,1.385355
gbm-50k,E,2014H1-E,2014-06-30,20260912,2016Q2,8,20000,686,0.706484,0.412968,0.316327,0.0327628,0.0343,0.023739,1.444863
gbm-50k,E,2014H1-E,2014-06-30,20260912,2016Q3,9,20000,650,0.66143,0.322861,0.244643,0.03117756,0.0325,0.024939,1.303177
gbm-50k,E,2014H1-E,2014-06-30,20260912,2016Q4,10,20000,626,0.665311,0.330623,0.266151,0.03007806,0.0313,0.024237,1.291396
gbm-50k,E,2014H1-E,2014-06-30,20260912,2017Q1,11,20000,629,0.673205,0.34641,0.257846,0.03023459,0.03145,0.023372,1.345603
gbm-50k,E,2014H1-E,2014-06-30,20260912,2017Q2,12,20000,681,0.693041,0.386082,0.297191,0.03252321,0.03405,0.023507,1.448515
gbm-50k,E,2014H1-E,2014-06-30,20260912,2017Q3,13,20000,584,0.698372,0.396744,0.304943,0.02802515,0.0292,0.024331,1.200111
gbm-50k,E,2014H1-E,2014-06-30,20260912,2017Q4,14,20000,623,0.697606,0.395212,0.281052,0.02981561,0.03115,0.02304,1.35197
gbm-50k,E,2014H1-E,2014-06-30,20260912,2018Q1,15,20000,638,0.677693,0.355386,0.249665,0.03062874,0.0319,0.022134,1.441215
gbm-50k,E,2014H1-E,2014-06-30,20260913,2014Q3,1,20000,453,0.685996,0.371992,0.293812,0.02199017,0.02265,0.026456,0.856139
gbm-50k,E,2014H1-E,2014-06-30,20260913,2014Q4,2,20000,472,0.697957,0.395913,0.310906,0.02274044,0.0236,0.025273,0.933793
gbm-50k,E,2014H1-E,2014-06-30,20260913,2015Q1,3,20000,579,0.701968,0.403936,0.315996,0.0277739,0.02895,0.024997,1.158133
gbm-50k,E,2014H1-E,2014-06-30,20260913,2015Q2,4,20000,571,0.694312,0.388625,0.300487,0.02737306,0.02855,0.025125,1.136322
gbm-50k,E,2014H1-E,2014-06-30,20260913,2015Q3,5,20000,541,0.71349,0.42698,0.337888,0.02594173,0.02705,0.024675,1.096246
gbm-50k,E,2014H1-E,2014-06-30,20260913,2015Q4,6,20000,551,0.718577,0.437153,0.341248,0.02635942,0.02755,0.02412,1.142207
gbm-50k,E,2014H1-E,2014-06-30,20260913,2016Q1,7,20000,655,0.724169,0.448337,0.357891,0.03121992,0.03275,0.024095,1.359224
gbm-50k,E,2014H1-E,2014-06-30,20260913,2016Q2,8,20000,686,0.705123,0.410246,0.315261,0.03272875,0.0343,0.024381,1.406816
gbm-50k,E,2014H1-E,2014-06-30,20260913,2016Q3,9,20000,650,0.669446,0.338892,0.248456,0.03114134,0.0325,0.025511,1.273963
gbm-50k,E,2014H1-E,2014-06-30,20260913,2016Q4,10,20000,626,0.676381,0.352763,0.276813,0.03001653,0.0313,0.024961,1.253972
gbm-50k,E,2014H1-E,2014-06-30,20260913,2017Q1,11,20000,629,0.68488,0.36976,0.276902,0.03015103,0.03145,0.023991,1.310895
gbm-50k,E,2014H1-E,2014-06-30,20260913,2017Q2,12,20000,681,0.689041,0.378082,0.290544,0.03253731,0.03405,0.024189,1.407678
gbm-50k,E,2014H1-E,2014-06-30,20260913,2017Q3,13,20000,584,0.699672,0.399344,0.294679,0.02793324,0.0292,0.025279,1.155093
gbm-50k,E,2014H1-E,2014-06-30,20260913,2017Q4,14,20000,623,0.703835,0.407669,0.296546,0.02977271,0.03115,0.024648,1.263773
gbm-50k,E,2014H1-E,2014-06-30,20260913,2018Q1,15,20000,638,0.69304,0.386081,0.29262,0.03052828,0.0319,0.023774,1.341775
gbm,E,2014H2-E,2014-12-31,,2015Q1,1,20000,579,0.712885,0.425769,0.335062,0.02769479,0.02895,0.022688,1.276012
gbm,E,2014H2-E,2014-12-31,,2015Q2,2,20000,571,0.704387,0.408774,0.30274,0.02734629,0.02855,0.022669,1.259435
gbm,E,2014H2-E,2014-12-31,,2015Q3,3,20000,541,0.725235,0.450471,0.357831,0.02589538,0.02705,0.022358,1.209862
gbm,E,2014H2-E,2014-12-31,,2015Q4,4,20000,551,0.722938,0.445875,0.328778,0.02633301,0.02755,0.021601,1.275405
gbm,E,2014H2-E,2014-12-31,,2016Q1,5,20000,655,0.731077,0.462154,0.353433,0.03119381,0.03275,0.02154,1.520433
gbm,E,2014H2-E,2014-12-31,,2016Q2,6,20000,686,0.720269,0.440538,0.322488,0.03267931,0.0343,0.021587,1.588928
gbm,E,2014H2-E,2014-12-31,,2016Q3,7,20000,650,0.67817,0.35634,0.251246,0.0310848,0.0325,0.022635,1.435845
gbm,E,2014H2-E,2014-12-31,,2016Q4,8,20000,626,0.683568,0.367136,0.289428,0.0300173,0.0313,0.022116,1.415282
gbm,E,2014H2-E,2014-12-31,,2017Q1,9,20000,629,0.693069,0.386139,0.288794,0.03014833,0.03145,0.021282,1.477755
gbm,E,2014H2-E,2014-12-31,,2017Q2,10,20000,681,0.707441,0.414883,0.316886,0.03246523,0.03405,0.021454,1.58712
gbm,E,2014H2-E,2014-12-31,,2017Q3,11,20000,584,0.705134,0.410268,0.299533,0.02794583,0.0292,0.022498,1.297867
gbm,E,2014H2-E,2014-12-31,,2017Q4,12,20000,623,0.714356,0.428712,0.312671,0.02967753,0.03115,0.022023,1.414461
gbm,E,2014H2-E,2014-12-31,,2018Q1,13,20000,638,0.700451,0.400902,0.285612,0.0304967,0.0319,0.021189,1.505505
gbm-50k,E,2014H2-E,2014-12-31,20260911,2015Q1,1,20000,579,0.707152,0.414304,0.322714,0.02776017,0.02895,0.023138,1.251213
gbm-50k,E,2014H2-E,2014-12-31,20260911,2015Q2,2,20000,571,0.700952,0.401903,0.302981,0.02742134,0.02855,0.023126,1.234562
gbm-50k,E,2014H2-E,2014-12-31,20260911,2015Q3,3,20000,541,0.71544,0.430881,0.352592,0.02599516,0.02705,0.022806,1.186079
gbm-50k,E,2014H2-E,2014-12-31,20260911,2015Q4,4,20000,551,0.723925,0.44785,0.346295,0.02638617,0.02755,0.022249,1.23824
gbm-50k,E,2014H2-E,2014-12-31,20260911,2016Q1,5,20000,655,0.723582,0.447163,0.34329,0.03131607,0.03275,0.02207,1.483919
gbm-50k,E,2014H2-E,2014-12-31,20260911,2016Q2,6,20000,686,0.71634,0.43268,0.331833,0.03280189,0.0343,0.022146,1.548836
gbm-50k,E,2014H2-E,2014-12-31,20260911,2016Q3,7,20000,650,0.669751,0.339503,0.25259,0.03120601,0.0325,0.023142,1.404366
gbm-50k,E,2014H2-E,2014-12-31,20260911,2016Q4,8,20000,626,0.676845,0.353689,0.27332,0.03010199,0.0313,0.022745,1.37613
gbm-50k,E,2014H2-E,2014-12-31,20260911,2017Q1,9,20000,629,0.685299,0.370599,0.292802,0.03024242,0.03145,0.021891,1.436638
gbm-50k,E,2014H2-E,2014-12-31,20260911,2017Q2,10,20000,681,0.697315,0.39463,0.291691,0.03261573,0.03405,0.022226,1.531987
gbm-50k,E,2014H2-E,2014-12-31,20260911,2017Q3,11,20000,584,0.699477,0.398954,0.304539,0.02804185,0.0292,0.023223,1.257361
gbm-50k,E,2014H2-E,2014-12-31,20260911,2017Q4,12,20000,623,0.705135,0.41027,0.320914,0.02990309,0.03115,0.022987,1.355118
gbm-50k,E,2014H2-E,2014-12-31,20260911,2018Q1,13,20000,638,0.689815,0.37963,0.288733,0.03063786,0.0319,0.022256,1.433353
gbm-50k,E,2014H2-E,2014-12-31,20260912,2015Q1,1,20000,579,0.690069,0.380137,0.297939,0.02790194,0.02895,0.021571,1.342059
gbm-50k,E,2014H2-E,2014-12-31,20260912,2015Q2,2,20000,571,0.697802,0.395604,0.305202,0.02744314,0.02855,0.021452,1.330854
gbm-50k,E,2014H2-E,2014-12-31,20260912,2015Q3,3,20000,541,0.710326,0.420651,0.335397,0.0260159,0.02705,0.021293,1.270357
gbm-50k,E,2014H2-E,2014-12-31,20260912,2015Q4,4,20000,551,0.710124,0.420248,0.316033,0.02638861,0.02755,0.020685,1.331891
gbm-50k,E,2014H2-E,2014-12-31,20260912,2016Q1,5,20000,655,0.713436,0.426873,0.331999,0.03138302,0.03275,0.02082,1.57303
gbm-50k,E,2014H2-E,2014-12-31,20260912,2016Q2,6,20000,686,0.700634,0.401267,0.304707,0.03283757,0.0343,0.020943,1.637799
gbm-50k,E,2014H2-E,2014-12-31,20260912,2016Q3,7,20000,650,0.656719,0.313438,0.22685,0.03127126,0.0325,0.0221,1.470594
gbm-50k,E,2014H2-E,2014-12-31,20260912,2016Q4,8,20000,626,0.661354,0.322707,0.230129,0.03016166,0.0313,0.021489,1.456565
gbm-50k,E,2014H2-E,2014-12-31,20260912,2017Q1,9,20000,629,0.66844,0.33688,0.244286,0.03029832,0.03145,0.020809,1.511401
gbm-50k,E,2014H2-E,2014-12-31,20260912,2017Q2,10,20000,681,0.683922,0.367843,0.27692,0.03260712,0.03405,0.021025,1.61951
gbm-50k,E,2014H2-E,2014-12-31,20260912,2017Q3,11,20000,584,0.691562,0.383123,0.272242,0.02810267,0.0292,0.021949,1.330359
gbm-50k,E,2014H2-E,2014-12-31,20260912,2017Q4,12,20000,623,0.701377,0.402753,0.295932,0.02979374,0.03115,0.021436,1.453139
gbm-50k,E,2014H2-E,2014-12-31,20260912,2018Q1,13,20000,638,0.677015,0.354029,0.246504,0.0306594,0.0319,0.020951,1.522565
gbm-50k,E,2014H2-E,2014-12-31,20260913,2015Q1,1,20000,579,0.69837,0.396741,0.310562,0.0277802,0.02895,0.023487,1.232613
gbm-50k,E,2014H2-E,2014-12-31,20260913,2015Q2,2,20000,571,0.697419,0.394839,0.295152,0.0273599,0.02855,0.023522,1.213777
gbm-50k,E,2014H2-E,2014-12-31,20260913,2015Q3,3,20000,541,0.713913,0.427825,0.323248,0.02593495,0.02705,0.023159,1.168005
gbm-50k,E,2014H2-E,2014-12-31,20260913,2015Q4,4,20000,551,0.712387,0.424774,0.306411,0.02639967,0.02755,0.022442,1.227593
gbm-50k,E,2014H2-E,2014-12-31,20260913,2016Q1,5,20000,655,0.718642,0.437284,0.339827,0.03125328,0.03275,0.022435,1.459795
gbm-50k,E,2014H2-E,2014-12-31,20260913,2016Q2,6,20000,686,0.709358,0.418716,0.321093,0.03274676,0.0343,0.022581,1.518952
gbm-50k,E,2014H2-E,2014-12-31,20260913,2016Q3,7,20000,650,0.673657,0.347313,0.258295,0.03116624,0.0325,0.023384,1.389861
gbm-50k,E,2014H2-E,2014-12-31,20260913,2016Q4,8,20000,626,0.675032,0.350064,0.271249,0.03004845,0.0313,0.0228,1.372801
gbm-50k,E,2014H2-E,2014-12-31,20260913,2017Q1,9,20000,629,0.678476,0.356952,0.267301,0.03020353,0.03145,0.021965,1.431802
gbm-50k,E,2014H2-E,2014-12-31,20260913,2017Q2,10,20000,681,0.685728,0.371455,0.287057,0.03259733,0.03405,0.022253,1.530164
gbm-50k,E,2014H2-E,2014-12-31,20260913,2017Q3,11,20000,584,0.688551,0.377103,0.295026,0.0279735,0.0292,0.023185,1.259459
gbm-50k,E,2014H2-E,2014-12-31,20260913,2017Q4,12,20000,623,0.700293,0.400586,0.292821,0.02980969,0.03115,0.022325,1.395278
gbm-50k,E,2014H2-E,2014-12-31,20260913,2018Q1,13,20000,638,0.677563,0.355126,0.261524,0.03061232,0.0319,0.021509,1.483095
gbm,E,2015H1-E,2015-06-30,,2015Q3,1,20000,541,0.727903,0.455805,0.364346,0.0258409,0.02705,0.022409,1.207116
gbm,E,2015H1-E,2015-06-30,,2015Q4,2,20000,551,0.725542,0.451085,0.336437,0.02630334,0.02755,0.021518,1.280341
gbm,E,2015H1-E,2015-06-30,,2016Q1,3,20000,655,0.734725,0.46945,0.354457,0.03113468,0.03275,0.021603,1.516026
gbm,E,2015H1-E,2015-06-30,,2016Q2,4,20000,686,0.723653,0.447307,0.331333,0.0325929,0.0343,0.021624,1.586201
gbm,E,2015H1-E,2015-06-30,,2016Q3,5,20000,650,0.685251,0.370501,0.273842,0.03102809,0.0325,0.022678,1.433082
gbm,E,2015H1-E,2015-06-30,,2016Q4,6,20000,626,0.688072,0.376143,0.293993,0.02994995,0.0313,0.022075,1.417912
gbm,E,2015H1-E,2015-06-30,,2017Q1,7,20000,629,0.692775,0.38555,0.286871,0.03014934,0.03145,0.02114,1.487732
gbm,E,2015H1-E,2015-06-30,,2017Q2,8,20000,681,0.707593,0.415186,0.302259,0.03245077,0.03405,0.021307,1.598091
gbm,E,2015H1-E,2015-06-30,,2017Q3,9,20000,584,0.70058,0.401159,0.295834,0.02795534,0.0292,0.022563,1.294142
gbm,E,2015H1-E,2015-06-30,,2017Q4,10,20000,623,0.71843,0.43686,0.322697,0.02965765,0.03115,0.022141,1.406882
gbm,E,2015H1-E,2015-06-30,,2018Q1,11,20000,638,0.703117,0.406235,0.292809,0.03043808,0.0319,0.021369,1.492809
gbm-50k,E,2015H1-E,2015-06-30,20260911,2015Q3,1,20000,541,0.706521,0.413043,0.335948,0.02595282,0.02705,0.021541,1.255747
gbm-50k,E,2015H1-E,2015-06-30,20260911,2015Q4,2,20000,551,0.712578,0.425156,0.335204,0.02641032,0.02755,0.020755,1.327423
gbm-50k,E,2015H1-E,2015-06-30,20260911,2016Q1,3,20000,655,0.716998,0.433997,0.335598,0.03135488,0.03275,0.020772,1.576616
gbm-50k,E,2015H1-E,2015-06-30,20260911,2016Q2,4,20000,686,0.703221,0.406441,0.306905,0.03281142,0.0343,0.020735,1.654176
gbm-50k,E,2015H1-E,2015-06-30,20260911,2016Q3,5,20000,650,0.666248,0.332496,0.238362,0.03123122,0.0325,0.02181,1.49012
gbm-50k,E,2015H1-E,2015-06-30,20260911,2016Q4,6,20000,626,0.673541,0.347081,0.277445,0.03012364,0.0313,0.02124,1.473606
gbm-50k,E,2015H1-E,2015-06-30,20260911,2017Q1,7,20000,629,0.677428,0.354857,0.273905,0.0302895,0.03145,0.020314,1.548178
gbm-50k,E,2015H1-E,2015-06-30,20260911,2017Q2,8,20000,681,0.694089,0.388179,0.297976,0.03259453,0.03405,0.020286,1.678468
gbm-50k,E,2015H1-E,2015-06-30,20260911,2017Q3,9,20000,584,0.689826,0.379653,0.283,0.02802312,0.0292,0.021243,1.374571
gbm-50k,E,2015H1-E,2015-06-30,20260911,2017Q4,10,20000,623,0.703703,0.407406,0.301683,0.0298169,0.03115,0.021094,1.476717
gbm-50k,E,2015H1-E,2015-06-30,20260911,2018Q1,11,20000,638,0.685203,0.370407,0.279652,0.03062594,0.0319,0.020198,1.579343
gbm-50k,E,2015H1-E,2015-06-30,20260912,2015Q3,1,20000,541,0.716287,0.432574,0.350137,0.02593249,0.02705,0.021914,1.234393
gbm-50k,E,2015H1-E,2015-06-30,20260912,2015Q4,2,20000,551,0.71764,0.43528,0.330167,0.02633195,0.02755,0.021074,1.307293
gbm-50k,E,2015H1-E,2015-06-30,20260912,2016Q1,3,20000,655,0.717411,0.434822,0.333536,0.03132323,0.03275,0.020964,1.562189
gbm-50k,E,2015H1-E,2015-06-30,20260912,2016Q2,4,20000,686,0.715652,0.431305,0.33474,0.0327146,0.0343,0.020844,1.645586
gbm-50k,E,2015H1-E,2015-06-30,20260912,2016Q3,5,20000,650,0.670837,0.341674,0.250372,0.03121361,0.0325,0.021851,1.487359
gbm-50k,E,2015H1-E,2015-06-30,20260912,2016Q4,6,20000,626,0.676646,0.353293,0.271627,0.03005651,0.0313,0.02137,1.464699
gbm-50k,E,2015H1-E,2015-06-30,20260912,2017Q1,7,20000,629,0.685042,0.370083,0.273671,0.03019765,0.03145,0.02067,1.521512
gbm-50k,E,2015H1-E,2015-06-30,20260912,2017Q2,8,20000,681,0.694511,0.389023,0.301264,0.03259853,0.03405,0.020808,1.63637
gbm-50k,E,2015H1-E,2015-06-30,20260912,2017Q3,9,20000,584,0.696652,0.393304,0.288387,0.02804818,0.0292,0.021752,1.34243
gbm-50k,E,2015H1-E,2015-06-30,20260912,2017Q4,10,20000,623,0.703331,0.406662,0.302997,0.02980257,0.03115,0.021109,1.475644
gbm-50k,E,2015H1-E,2015-06-30,20260912,2018Q1,11,20000,638,0.67401,0.348021,0.253015,0.03070395,0.0319,0.020107,1.586488
gbm-50k,E,2015H1-E,2015-06-30,20260913,2015Q3,1,20000,541,0.718087,0.436174,0.350633,0.02587575,0.02705,0.023171,1.167386
gbm-50k,E,2015H1-E,2015-06-30,20260913,2015Q4,2,20000,551,0.714677,0.429354,0.328337,0.0263748,0.02755,0.022097,1.246748
gbm-50k,E,2015H1-E,2015-06-30,20260913,2016Q1,3,20000,655,0.724567,0.449134,0.34477,0.03125446,0.03275,0.022107,1.481437
gbm-50k,E,2015H1-E,2015-06-30,20260913,2016Q2,4,20000,686,0.715281,0.430562,0.334916,0.03273255,0.0343,0.021892,1.566756
gbm-50k,E,2015H1-E,2015-06-30,20260913,2016Q3,5,20000,650,0.671395,0.342791,0.253826,0.03118919,0.0325,0.022942,1.416587
gbm-50k,E,2015H1-E,2015-06-30,20260913,2016Q4,6,20000,626,0.675979,0.351959,0.246705,0.03004137,0.0313,0.022243,1.407154
gbm-50k,E,2015H1-E,2015-06-30,20260913,2017Q1,7,20000,629,0.689916,0.379831,0.284684,0.03017428,0.03145,0.021652,1.452492
gbm-50k,E,2015H1-E,2015-06-30,20260913,2017Q2,8,20000,681,0.698781,0.397563,0.302215,0.03255169,0.03405,0.02184,1.559097
gbm-50k,E,2015H1-E,2015-06-30,20260913,2017Q3,9,20000,584,0.697089,0.394179,0.294513,0.02798683,0.0292,0.022718,1.285337
gbm-50k,E,2015H1-E,2015-06-30,20260913,2017Q4,10,20000,623,0.705677,0.411354,0.312648,0.02980903,0.03115,0.0223,1.396849
gbm-50k,E,2015H1-E,2015-06-30,20260913,2018Q1,11,20000,638,0.692907,0.385814,0.280355,0.03057169,0.0319,0.021611,1.476094
gbm,E,2015H2-E,2015-12-31,,2016Q1,1,20000,655,0.740763,0.481526,0.364809,0.03108032,0.03275,0.021752,1.505599
gbm,E,2015H2-E,2015-12-31,,2016Q2,2,20000,686,0.732377,0.464754,0.345935,0.03251474,0.0343,0.021671,1.582743
gbm,E,2015H2-E,2015-12-31,,2016Q3,3,20000,650,0.687428,0.374856,0.268539,0.03104054,0.0325,0.022864,1.421455
gbm,E,2015H2-E,2015-12-31,,2016Q4,4,20000,626,0.697835,0.39567,0.30736,0.02991921,0.0313,0.022237,1.407594
gbm,E,2015H2-E,2015-12-31,,2017Q1,5,20000,629,0.698677,0.397355,0.295553,0.03007661,0.03145,0.0213,1.476556
gbm,E,2015H2-E,2015-12-31,,2017Q2,6,20000,681,0.714462,0.428925,0.311402,0.03236998,0.03405,0.021373,1.593146
gbm,E,2015H2-E,2015-12-31,,2017Q3,7,20000,584,0.714209,0.428418,0.31056,0.02784775,0.0292,0.022442,1.301118
gbm,E,2015H2-E,2015-12-31,,2017Q4,8,20000,623,0.722531,0.445062,0.3284,0.02964899,0.03115,0.021582,1.443348
gbm,E,2015H2-E,2015-12-31,,2018Q1,9,20000,638,0.705385,0.41077,0.28852,0.03047409,0.0319,0.020607,1.548052
gbm-50k,E,2015H2-E,2015-12-31,20260911,2016Q1,1,20000,655,0.719675,0.439351,0.355881,0.03136516,0.03275,0.022568,1.451172
gbm-50k,E,2015H2-E,2015-12-31,20260911,2016Q2,2,20000,686,0.720806,0.441612,0.333894,0.03271373,0.0343,0.02249,1.525142
gbm-50k,E,2015H2-E,2015-12-31,20260911,2016Q3,3,20000,650,0.665111,0.330223,0.243216,0.03129282,0.0325,0.02369,1.371898
gbm-50k,E,2015H2-E,2015-12-31,20260911,2016Q4,4,20000,626,0.677973,0.355946,0.271808,0.03006166,0.0313,0.023078,1.35629
gbm-50k,E,2015H2-E,2015-12-31,20260911,2017Q1,5,20000,629,0.689562,0.379124,0.286728,0.03016375,0.03145,0.022213,1.41582
gbm-50k,E,2015H2-E,2015-12-31,20260911,2017Q2,6,20000,681,0.689043,0.378086,0.283793,0.03263266,0.03405,0.022607,1.506197
gbm-50k,E,2015H2-E,2015-12-31,20260911,2017Q3,7,20000,584,0.697102,0.394204,0.292933,0.0279551,0.0292,0.023612,1.236641
gbm-50k,E,2015H2-E,2015-12-31,20260911,2017Q4,8,20000,623,0.702405,0.404809,0.303101,0.02979719,0.03115,0.023057,1.351015
gbm-50k,E,2015H2-E,2015-12-31,20260911,2018Q1,9,20000,638,0.684283,0.368565,0.26868,0.03061547,0.0319,0.02227,1.432444
gbm-50k,E,2015H2-E,2015-12-31,20260912,2016Q1,1,20000,655,0.728866,0.457732,0.353044,0.03118922,0.03275,0.021653,1.512505
gbm-50k,E,2015H2-E,2015-12-31,20260912,2016Q2,2,20000,686,0.721137,0.442275,0.339271,0.0327078,0.0343,0.0216,1.587937
gbm-50k,E,2015H2-E,2015-12-31,20260912,2016Q3,3,20000,650,0.673949,0.347898,0.271942,0.03113125,0.0325,0.022719,1.430542
gbm-50k,E,2015H2-E,2015-12-31,20260912,2016Q4,4,20000,626,0.680003,0.360005,0.270245,0.03003487,0.0313,0.022034,1.420512
gbm-50k,E,2015H2-E,2015-12-31,20260912,2017Q1,5,20000,629,0.687639,0.375278,0.273284,0.03014551,0.03145,0.021226,1.481704
gbm-50k,E,2015H2-E,2015-12-31,20260912,2017Q2,6,20000,681,0.699062,0.398124,0.308342,0.03256396,0.03405,0.021316,1.597415
gbm-50k,E,2015H2-E,2015-12-31,20260912,2017Q3,7,20000,584,0.711336,0.422671,0.316103,0.02786537,0.0292,0.022117,1.320262
gbm-50k,E,2015H2-E,2015-12-31,20260912,2017Q4,8,20000,623,0.707597,0.415193,0.309189,0.02979384,0.03115,0.02159,1.442779
gbm-50k,E,2015H2-E,2015-12-31,20260912,2018Q1,9,20000,638,0.689213,0.378427,0.286575,0.03060476,0.0319,0.020735,1.538477
gbm-50k,E,2015H2-E,2015-12-31,20260913,2016Q1,1,20000,655,0.732447,0.464893,0.35665,0.03114084,0.03275,0.022671,1.444566
gbm-50k,E,2015H2-E,2015-12-31,20260913,2016Q2,2,20000,686,0.723247,0.446495,0.34188,0.03263701,0.0343,0.022533,1.522188
gbm-50k,E,2015H2-E,2015-12-31,20260913,2016Q3,3,20000,650,0.678182,0.356364,0.265955,0.03111769,0.0325,0.023911,1.359217
gbm-50k,E,2015H2-E,2015-12-31,20260913,2016Q4,4,20000,626,0.687691,0.375381,0.284607,0.02996859,0.0313,0.023232,1.347254
gbm-50k,E,2015H2-E,2015-12-31,20260913,2017Q1,5,20000,629,0.696172,0.392343,0.309419,0.03009767,0.03145,0.022313,1.40951
gbm-50k,E,2015H2-E,2015-12-31,20260913,2017Q2,6,20000,681,0.706433,0.412866,0.311758,0.03244359,0.03405,0.02234,1.52416
gbm-50k,E,2015H2-E,2015-12-31,20260913,2017Q3,7,20000,584,0.71483,0.429659,0.311486,0.02784116,0.0292,0.023142,1.261773
gbm-50k,E,2015H2-E,2015-12-31,20260913,2017Q4,8,20000,623,0.720144,0.440288,0.328376,0.02967505,0.03115,0.02195,1.419114
gbm-50k,E,2015H2-E,2015-12-31,20260913,2018Q1,9,20000,638,0.694299,0.388597,0.286555,0.03054384,0.0319,0.020953,1.522443
gbm,E,2016H1-E,2016-06-30,,2016Q3,1,20000,650,0.695867,0.391735,0.295683,0.03093262,0.0325,0.024415,1.331156
gbm,E,2016H1-E,2016-06-30,,2016Q4,2,20000,626,0.706123,0.412246,0.32556,0.02982338,0.0313,0.02377,1.316773
gbm,E,2016H1-E,2016-06-30,,2017Q1,3,20000,629,0.707908,0.415816,0.318212,0.02997901,0.03145,0.022767,1.381384
gbm,E,2016H1-E,2016-06-30,,2017Q2,4,20000,681,0.719859,0.439718,0.320095,0.03226846,0.03405,0.022748,1.496857
gbm,E,2016H1-E,2016-06-30,,2017Q3,5,20000,584,0.721046,0.442092,0.311918,0.02773492,0.0292,0.023822,1.225751
gbm,E,2016H1-E,2016-06-30,,2017Q4,6,20000,623,0.727894,0.455788,0.336721,0.02951837,0.03115,0.022634,1.376254
gbm,E,2016H1-E,2016-06-30,,2018Q1,7,20000,638,0.704264,0.408528,0.293819,0.03040601,0.0319,0.021438,1.488029
gbm-50k,E,2016H1-E,2016-06-30,20260911,2016Q3,1,20000,650,0.681062,0.362125,0.266357,0.0311149,0.0325,0.023387,1.389644
gbm-50k,E,2016H1-E,2016-06-30,20260911,2016Q4,2,20000,626,0.684432,0.368865,0.27472,0.03000614,0.0313,0.022998,1.361
gbm-50k,E,2016H1-E,2016-06-30,20260911,2017Q1,3,20000,629,0.705011,0.410021,0.299818,0.03009272,0.03145,0.022378,1.405404
gbm-50k,E,2016H1-E,2016-06-30,20260911,2017Q2,4,20000,681,0.704922,0.409843,0.325721,0.03246765,0.03405,0.022225,1.532034
gbm-50k,E,2016H1-E,2016-06-30,20260911,2017Q3,5,20000,584,0.707614,0.415228,0.313153,0.02788949,0.0292,0.022821,1.279506
gbm-50k,E,2016H1-E,2016-06-30,20260911,2017Q4,6,20000,623,0.706832,0.413664,0.314996,0.02978904,0.03115,0.021844,1.42605
gbm-50k,E,2016H1-E,2016-06-30,20260911,2018Q1,7,20000,638,0.679466,0.358931,0.266772,0.03063076,0.0319,0.020681,1.542499
gbm-50k,E,2016H1-E,2016-06-30,20260912,2016Q3,1,20000,650,0.686752,0.373504,0.268734,0.03105759,0.0325,0.023854,1.362458
gbm-50k,E,2016H1-E,2016-06-30,20260912,2016Q4,2,20000,626,0.696046,0.392092,0.296558,0.02993132,0.0313,0.023121,1.353757
gbm-50k,E,2016H1-E,2016-06-30,20260912,2017Q1,3,20000,629,0.709638,0.419276,0.310068,0.03003304,0.03145,0.022272,1.412099
gbm-50k,E,2016H1-E,2016-06-30,20260912,2017Q2,4,20000,681,0.709849,0.419697,0.311473,0.03240229,0.03405,0.022388,1.520871
gbm-50k,E,2016H1-E,2016-06-30,20260912,2017Q3,5,20000,584,0.714907,0.429814,0.308549,0.02778583,0.0292,0.023327,1.251745
gbm-50k,E,2016H1-E,2016-06-30,20260912,2017Q4,6,20000,623,0.711847,0.423695,0.315012,0.02971258,0.03115,0.021541,1.446092
gbm-50k,E,2016H1-E,2016-06-30,20260912,2018Q1,7,20000,638,0.681712,0.363425,0.263231,0.030628,0.0319,0.020271,1.573679
gbm-50k,E,2016H1-E,2016-06-30,20260913,2016Q3,1,20000,650,0.674891,0.349783,0.257237,0.03110439,0.0325,0.023413,1.388104
gbm-50k,E,2016H1-E,2016-06-30,20260913,2016Q4,2,20000,626,0.687321,0.374641,0.27472,0.02991478,0.0313,0.022899,1.366853
gbm-50k,E,2016H1-E,2016-06-30,20260913,2017Q1,3,20000,629,0.702181,0.404362,0.310416,0.03007076,0.03145,0.022233,1.414542
gbm-50k,E,2016H1-E,2016-06-30,20260913,2017Q2,4,20000,681,0.707009,0.414017,0.311309,0.0324712,0.03405,0.022073,1.542576
gbm-50k,E,2016H1-E,2016-06-30,20260913,2017Q3,5,20000,584,0.714423,0.428845,0.315285,0.0278564,0.0292,0.022877,1.276402
gbm-50k,E,2016H1-E,2016-06-30,20260913,2017Q4,6,20000,623,0.710441,0.420881,0.324021,0.02973927,0.03115,0.022021,1.414556
gbm-50k,E,2016H1-E,2016-06-30,20260913,2018Q1,7,20000,638,0.687251,0.374503,0.282352,0.03063077,0.0319,0.020727,1.539026
gbm,E,2016H2-E,2016-12-31,,2017Q1,1,20000,629,0.71343,0.426859,0.334076,0.02994795,0.03145,0.023952,1.313066
gbm,E,2016H2-E,2016-12-31,,2017Q2,2,20000,681,0.724529,0.449058,0.326984,0.03216805,0.03405,0.023787,1.431468
gbm,E,2016H2-E,2016-12-31,,2017Q3,3,20000,584,0.726749,0.453498,0.327906,0.02767469,0.0292,0.02506,1.165219
gbm,E,2016H2-E,2016-12-31,,2017Q4,4,20000,623,0.732783,0.465567,0.342184,0.02946047,0.03115,0.023575,1.321331
gbm,E,2016H2-E,2016-12-31,,2018Q1,5,20000,638,0.710156,0.420313,0.300599,0.03033406,0.0319,0.022279,1.43184
gbm-50k,E,2016H2-E,2016-12-31,20260911,2017Q1,1,20000,629,0.708489,0.416978,0.307924,0.02997082,0.03145,0.023921,1.31472
gbm-50k,E,2016H2-E,2016-12-31,20260911,2017Q2,2,20000,681,0.713306,0.426612,0.32137,0.03228743,0.03405,0.023774,1.432225
gbm-50k,E,2016H2-E,2016-12-31,20260911,2017Q3,3,20000,584,0.720028,0.440055,0.329926,0.02774512,0.0292,0.024678,1.183246
gbm-50k,E,2016H2-E,2016-12-31,20260911,2017Q4,4,20000,623,0.718416,0.436831,0.326496,0.02962656,0.03115,0.023408,1.330747
gbm-50k,E,2016H2-E,2016-12-31,20260911,2018Q1,5,20000,638,0.694537,0.389073,0.294468,0.03047598,0.0319,0.022138,1.440942
gbm-50k,E,2016H2-E,2016-12-31,20260912,2017Q1,1,20000,629,0.701652,0.403304,0.298519,0.03007751,0.03145,0.02301,1.366808
gbm-50k,E,2016H2-E,2016-12-31,20260912,2017Q2,2,20000,681,0.704094,0.408188,0.313224,0.0324403,0.03405,0.023077,1.475511
gbm-50k,E,2016H2-E,2016-12-31,20260912,2017Q3,3,20000,584,0.709432,0.418864,0.329299,0.02783933,0.0292,0.024075,1.212898
gbm-50k,E,2016H2-E,2016-12-31,20260912,2017Q4,4,20000,623,0.716417,0.432833,0.331041,0.02969777,0.03115,0.022644,1.375629
gbm-50k,E,2016H2-E,2016-12-31,20260912,2018Q1,5,20000,638,0.687195,0.374389,0.270757,0.030565,0.0319,0.021395,1.491016
gbm-50k,E,2016H2-E,2016-12-31,20260913,2017Q1,1,20000,629,0.700436,0.400872,0.292047,0.03003471,0.03145,0.024698,1.273407
gbm-50k,E,2016H2-E,2016-12-31,20260913,2017Q2,2,20000,681,0.699711,0.399422,0.294295,0.03237081,0.03405,0.024667,1.380365
gbm-50k,E,2016H2-E,2016-12-31,20260913,2017Q3,3,20000,584,0.718472,0.436944,0.319684,0.02774546,0.0292,0.025728,1.134943
gbm-50k,E,2016H2-E,2016-12-31,20260913,2017Q4,4,20000,623,0.717842,0.435685,0.317394,0.02954235,0.03115,0.024501,1.271361
gbm-50k,E,2016H2-E,2016-12-31,20260913,2018Q1,5,20000,638,0.69679,0.393581,0.28397,0.03045357,0.0319,0.023313,1.368356
gbm,E,2017H1-E,2017-06-30,,2017Q3,1,20000,584,0.729756,0.459513,0.336112,0.02764159,0.0292,0.027102,1.077412
gbm,E,2017H1-E,2017-06-30,,2017Q4,2,20000,623,0.734344,0.468689,0.350098,0.02937969,0.03115,0.025438,1.22457
gbm,E,2017H1-E,2017-06-30,,2018Q1,3,20000,638,0.712632,0.425264,0.305288,0.03025735,0.0319,0.024007,1.328801
gbm-50k,E,2017H1-E,2017-06-30,20260911,2017Q3,1,20000,584,0.712239,0.424478,0.305004,0.02779211,0.0292,0.026152,1.11653
gbm-50k,E,2017H1-E,2017-06-30,20260911,2017Q4,2,20000,623,0.720701,0.441402,0.323639,0.02961325,0.03115,0.024177,1.288412
gbm-50k,E,2017H1-E,2017-06-30,20260911,2018Q1,3,20000,638,0.684883,0.369766,0.276666,0.03053553,0.0319,0.022709,1.404723
gbm-50k,E,2017H1-E,2017-06-30,20260912,2017Q3,1,20000,584,0.703206,0.406412,0.307415,0.0278235,0.0292,0.025921,1.126493
gbm-50k,E,2017H1-E,2017-06-30,20260912,2017Q4,2,20000,623,0.706382,0.412765,0.306398,0.02967575,0.03115,0.024641,1.264158
gbm-50k,E,2017H1-E,2017-06-30,20260912,2018Q1,3,20000,638,0.682802,0.365604,0.265353,0.0304962,0.0319,0.023409,1.36271
gbm-50k,E,2017H1-E,2017-06-30,20260913,2017Q3,1,20000,584,0.712001,0.424002,0.314148,0.02776596,0.0292,0.026231,1.113195
gbm-50k,E,2017H1-E,2017-06-30,20260913,2017Q4,2,20000,623,0.716662,0.433324,0.323997,0.02955586,0.03115,0.024605,1.26598
gbm-50k,E,2017H1-E,2017-06-30,20260913,2018Q1,3,20000,638,0.692976,0.385953,0.286194,0.03043719,0.0319,0.023366,1.365254
gbm,R,2013H1-R,2013-06-30,,2013Q3,1,20000,469,0.681486,0.362972,0.265118,0.02270091,0.02345,0.029397,0.797713
gbm,R,2013H1-R,2013-06-30,,2013Q4,2,20000,398,0.670896,0.341792,0.258664,0.01945976,0.0199,0.027791,0.716048
gbm,R,2013H1-R,2013-06-30,,2014Q1,3,20000,446,0.664492,0.328983,0.258611,0.02165086,0.0223,0.029171,0.764453
gbm,R,2013H1-R,2013-06-30,,2014Q2,4,20000,472,0.685149,0.370298,0.286046,0.02284971,0.0236,0.030312,0.778581
gbm,R,2013H1-R,2013-06-30,,2014Q3,5,20000,453,0.670509,0.341019,0.264853,0.0220828,0.02265,0.03037,0.745791
gbm,R,2013H1-R,2013-06-30,,2014Q4,6,20000,472,0.691118,0.382236,0.297501,0.02277821,0.0236,0.029076,0.811664
gbm,R,2013H1-R,2013-06-30,,2015Q1,7,20000,579,0.685125,0.37025,0.274195,0.02776326,0.02895,0.028789,1.005609
gbm,R,2013H1-R,2013-06-30,,2015Q2,8,20000,571,0.685618,0.371235,0.283792,0.02739136,0.02855,0.028735,0.99357
gbm,R,2013H1-R,2013-06-30,,2015Q3,9,20000,541,0.706779,0.413558,0.319028,0.02596085,0.02705,0.028316,0.955288
gbm,R,2013H1-R,2013-06-30,,2015Q4,10,20000,551,0.708134,0.416269,0.319629,0.02637301,0.02755,0.027571,0.999233
gbm,R,2013H1-R,2013-06-30,,2016Q1,11,20000,655,0.708978,0.417955,0.332161,0.03121621,0.03275,0.027397,1.1954
gbm,R,2013H1-R,2013-06-30,,2016Q2,12,20000,686,0.70037,0.40074,0.310076,0.03267573,0.0343,0.027437,1.250126
gbm,R,2013H1-R,2013-06-30,,2016Q3,13,20000,650,0.653848,0.307695,0.233767,0.03113357,0.0325,0.028734,1.131059
gbm,R,2013H1-R,2013-06-30,,2016Q4,14,20000,626,0.658516,0.317033,0.249541,0.03005339,0.0313,0.02809,1.114271
gbm,R,2013H1-R,2013-06-30,,2017Q1,15,20000,629,0.66917,0.33834,0.253302,0.03012625,0.03145,0.027141,1.158754
gbm,R,2013H1-R,2013-06-30,,2017Q2,16,20000,681,0.684338,0.368676,0.287768,0.03249883,0.03405,0.027612,1.233181
gbm,R,2013H1-R,2013-06-30,,2017Q3,17,20000,584,0.687106,0.374213,0.265443,0.02799559,0.0292,0.028675,1.018308
gbm,R,2013H1-R,2013-06-30,,2017Q4,18,20000,623,0.69747,0.394941,0.284564,0.0296812,0.03115,0.027629,1.127454
gbm,R,2013H1-R,2013-06-30,,2018Q1,19,20000,638,0.682331,0.364662,0.259063,0.03052486,0.0319,0.026585,1.199923
gbm-50k,R,2013H1-R,2013-06-30,20260911,2013Q3,1,20000,469,0.681486,0.362972,0.265118,0.02270091,0.02345,0.029397,0.797713
gbm-50k,R,2013H1-R,2013-06-30,20260911,2013Q4,2,20000,398,0.670896,0.341792,0.258664,0.01945976,0.0199,0.027791,0.716048
gbm-50k,R,2013H1-R,2013-06-30,20260911,2014Q1,3,20000,446,0.664492,0.328983,0.258611,0.02165086,0.0223,0.029171,0.764453
gbm-50k,R,2013H1-R,2013-06-30,20260911,2014Q2,4,20000,472,0.685149,0.370298,0.286046,0.02284971,0.0236,0.030312,0.778581
gbm-50k,R,2013H1-R,2013-06-30,20260911,2014Q3,5,20000,453,0.670509,0.341019,0.264853,0.0220828,0.02265,0.03037,0.745791
gbm-50k,R,2013H1-R,2013-06-30,20260911,2014Q4,6,20000,472,0.691118,0.382236,0.297501,0.02277821,0.0236,0.029076,0.811664
gbm-50k,R,2013H1-R,2013-06-30,20260911,2015Q1,7,20000,579,0.685125,0.37025,0.274195,0.02776326,0.02895,0.028789,1.005609
gbm-50k,R,2013H1-R,2013-06-30,20260911,2015Q2,8,20000,571,0.685618,0.371235,0.283792,0.02739136,0.02855,0.028735,0.99357
gbm-50k,R,2013H1-R,2013-06-30,20260911,2015Q3,9,20000,541,0.706779,0.413558,0.319028,0.02596085,0.02705,0.028316,0.955288
gbm-50k,R,2013H1-R,2013-06-30,20260911,2015Q4,10,20000,551,0.708134,0.416269,0.319629,0.02637301,0.02755,0.027571,0.999233
gbm-50k,R,2013H1-R,2013-06-30,20260911,2016Q1,11,20000,655,0.708978,0.417955,0.332161,0.03121621,0.03275,0.027397,1.1954
gbm-50k,R,2013H1-R,2013-06-30,20260911,2016Q2,12,20000,686,0.70037,0.40074,0.310076,0.03267573,0.0343,0.027437,1.250126
gbm-50k,R,2013H1-R,2013-06-30,20260911,2016Q3,13,20000,650,0.653848,0.307695,0.233767,0.03113357,0.0325,0.028734,1.131059
gbm-50k,R,2013H1-R,2013-06-30,20260911,2016Q4,14,20000,626,0.658516,0.317033,0.249541,0.03005339,0.0313,0.02809,1.114271
gbm-50k,R,2013H1-R,2013-06-30,20260911,2017Q1,15,20000,629,0.66917,0.33834,0.253302,0.03012625,0.03145,0.027141,1.158754
gbm-50k,R,2013H1-R,2013-06-30,20260911,2017Q2,16,20000,681,0.684338,0.368676,0.287768,0.03249883,0.03405,0.027612,1.233181
gbm-50k,R,2013H1-R,2013-06-30,20260911,2017Q3,17,20000,584,0.687106,0.374213,0.265443,0.02799559,0.0292,0.028675,1.018308
gbm-50k,R,2013H1-R,2013-06-30,20260911,2017Q4,18,20000,623,0.69747,0.394941,0.284564,0.0296812,0.03115,0.027629,1.127454
gbm-50k,R,2013H1-R,2013-06-30,20260911,2018Q1,19,20000,638,0.682331,0.364662,0.259063,0.03052486,0.0319,0.026585,1.199923
gbm-50k,R,2013H1-R,2013-06-30,20260912,2013Q3,1,20000,469,0.681486,0.362972,0.265118,0.02270091,0.02345,0.029397,0.797713
gbm-50k,R,2013H1-R,2013-06-30,20260912,2013Q4,2,20000,398,0.670896,0.341792,0.258664,0.01945976,0.0199,0.027791,0.716048
gbm-50k,R,2013H1-R,2013-06-30,20260912,2014Q1,3,20000,446,0.664492,0.328983,0.258611,0.02165086,0.0223,0.029171,0.764453
gbm-50k,R,2013H1-R,2013-06-30,20260912,2014Q2,4,20000,472,0.685149,0.370298,0.286046,0.02284971,0.0236,0.030312,0.778581
gbm-50k,R,2013H1-R,2013-06-30,20260912,2014Q3,5,20000,453,0.670509,0.341019,0.264853,0.0220828,0.02265,0.03037,0.745791
gbm-50k,R,2013H1-R,2013-06-30,20260912,2014Q4,6,20000,472,0.691118,0.382236,0.297501,0.02277821,0.0236,0.029076,0.811664
gbm-50k,R,2013H1-R,2013-06-30,20260912,2015Q1,7,20000,579,0.685125,0.37025,0.274195,0.02776326,0.02895,0.028789,1.005609
gbm-50k,R,2013H1-R,2013-06-30,20260912,2015Q2,8,20000,571,0.685618,0.371235,0.283792,0.02739136,0.02855,0.028735,0.99357
gbm-50k,R,2013H1-R,2013-06-30,20260912,2015Q3,9,20000,541,0.706779,0.413558,0.319028,0.02596085,0.02705,0.028316,0.955288
gbm-50k,R,2013H1-R,2013-06-30,20260912,2015Q4,10,20000,551,0.708134,0.416269,0.319629,0.02637301,0.02755,0.027571,0.999233
gbm-50k,R,2013H1-R,2013-06-30,20260912,2016Q1,11,20000,655,0.708978,0.417955,0.332161,0.03121621,0.03275,0.027397,1.1954
gbm-50k,R,2013H1-R,2013-06-30,20260912,2016Q2,12,20000,686,0.70037,0.40074,0.310076,0.03267573,0.0343,0.027437,1.250126
gbm-50k,R,2013H1-R,2013-06-30,20260912,2016Q3,13,20000,650,0.653848,0.307695,0.233767,0.03113357,0.0325,0.028734,1.131059
gbm-50k,R,2013H1-R,2013-06-30,20260912,2016Q4,14,20000,626,0.658516,0.317033,0.249541,0.03005339,0.0313,0.02809,1.114271
gbm-50k,R,2013H1-R,2013-06-30,20260912,2017Q1,15,20000,629,0.66917,0.33834,0.253302,0.03012625,0.03145,0.027141,1.158754
gbm-50k,R,2013H1-R,2013-06-30,20260912,2017Q2,16,20000,681,0.684338,0.368676,0.287768,0.03249883,0.03405,0.027612,1.233181
gbm-50k,R,2013H1-R,2013-06-30,20260912,2017Q3,17,20000,584,0.687106,0.374213,0.265443,0.02799559,0.0292,0.028675,1.018308
gbm-50k,R,2013H1-R,2013-06-30,20260912,2017Q4,18,20000,623,0.69747,0.394941,0.284564,0.0296812,0.03115,0.027629,1.127454
gbm-50k,R,2013H1-R,2013-06-30,20260912,2018Q1,19,20000,638,0.682331,0.364662,0.259063,0.03052486,0.0319,0.026585,1.199923
gbm-50k,R,2013H1-R,2013-06-30,20260913,2013Q3,1,20000,469,0.681486,0.362972,0.265118,0.02270091,0.02345,0.029397,0.797713
gbm-50k,R,2013H1-R,2013-06-30,20260913,2013Q4,2,20000,398,0.670896,0.341792,0.258664,0.01945976,0.0199,0.027791,0.716048
gbm-50k,R,2013H1-R,2013-06-30,20260913,2014Q1,3,20000,446,0.664492,0.328983,0.258611,0.02165086,0.0223,0.029171,0.764453
gbm-50k,R,2013H1-R,2013-06-30,20260913,2014Q2,4,20000,472,0.685149,0.370298,0.286046,0.02284971,0.0236,0.030312,0.778581
gbm-50k,R,2013H1-R,2013-06-30,20260913,2014Q3,5,20000,453,0.670509,0.341019,0.264853,0.0220828,0.02265,0.03037,0.745791
gbm-50k,R,2013H1-R,2013-06-30,20260913,2014Q4,6,20000,472,0.691118,0.382236,0.297501,0.02277821,0.0236,0.029076,0.811664
gbm-50k,R,2013H1-R,2013-06-30,20260913,2015Q1,7,20000,579,0.685125,0.37025,0.274195,0.02776326,0.02895,0.028789,1.005609
gbm-50k,R,2013H1-R,2013-06-30,20260913,2015Q2,8,20000,571,0.685618,0.371235,0.283792,0.02739136,0.02855,0.028735,0.99357
gbm-50k,R,2013H1-R,2013-06-30,20260913,2015Q3,9,20000,541,0.706779,0.413558,0.319028,0.02596085,0.02705,0.028316,0.955288
gbm-50k,R,2013H1-R,2013-06-30,20260913,2015Q4,10,20000,551,0.708134,0.416269,0.319629,0.02637301,0.02755,0.027571,0.999233
gbm-50k,R,2013H1-R,2013-06-30,20260913,2016Q1,11,20000,655,0.708978,0.417955,0.332161,0.03121621,0.03275,0.027397,1.1954
gbm-50k,R,2013H1-R,2013-06-30,20260913,2016Q2,12,20000,686,0.70037,0.40074,0.310076,0.03267573,0.0343,0.027437,1.250126
gbm-50k,R,2013H1-R,2013-06-30,20260913,2016Q3,13,20000,650,0.653848,0.307695,0.233767,0.03113357,0.0325,0.028734,1.131059
gbm-50k,R,2013H1-R,2013-06-30,20260913,2016Q4,14,20000,626,0.658516,0.317033,0.249541,0.03005339,0.0313,0.02809,1.114271
gbm-50k,R,2013H1-R,2013-06-30,20260913,2017Q1,15,20000,629,0.66917,0.33834,0.253302,0.03012625,0.03145,0.027141,1.158754
gbm-50k,R,2013H1-R,2013-06-30,20260913,2017Q2,16,20000,681,0.684338,0.368676,0.287768,0.03249883,0.03405,0.027612,1.233181
gbm-50k,R,2013H1-R,2013-06-30,20260913,2017Q3,17,20000,584,0.687106,0.374213,0.265443,0.02799559,0.0292,0.028675,1.018308
gbm-50k,R,2013H1-R,2013-06-30,20260913,2017Q4,18,20000,623,0.69747,0.394941,0.284564,0.0296812,0.03115,0.027629,1.127454
gbm-50k,R,2013H1-R,2013-06-30,20260913,2018Q1,19,20000,638,0.682331,0.364662,0.259063,0.03052486,0.0319,0.026585,1.199923
gbm,R,2013H2-R,2013-12-31,,2014Q1,1,20000,446,0.684844,0.369688,0.261944,0.02159694,0.0223,0.027039,0.824749
gbm,R,2013H2-R,2013-12-31,,2014Q2,2,20000,472,0.68884,0.377681,0.298806,0.02286973,0.0236,0.028505,0.82792
gbm,R,2013H2-R,2013-12-31,,2014Q3,3,20000,453,0.678838,0.357676,0.281603,0.02202994,0.02265,0.028233,0.802253
gbm,R,2013H2-R,2013-12-31,,2014Q4,4,20000,472,0.695826,0.391651,0.302162,0.02276737,0.0236,0.02707,0.8718
gbm,R,2013H2-R,2013-12-31,,2015Q1,5,20000,579,0.688424,0.376849,0.293612,0.02779073,0.02895,0.02682,1.079406
gbm,R,2013H2-R,2013-12-31,,2015Q2,6,20000,571,0.684222,0.368444,0.284072,0.02739088,0.02855,0.026995,1.057585
gbm,R,2013H2-R,2013-12-31,,2015Q3,7,20000,541,0.705439,0.410878,0.325495,0.02595755,0.02705,0.026673,1.014143
gbm,R,2013H2-R,2013-12-31,,2015Q4,8,20000,551,0.706146,0.412291,0.308123,0.02636269,0.02755,0.026216,1.050902
gbm,R,2013H2-R,2013-12-31,,2016Q1,9,20000,655,0.71136,0.42272,0.338431,0.03121557,0.03275,0.025878,1.265558
gbm,R,2013H2-R,2013-12-31,,2016Q2,10,20000,686,0.706139,0.412278,0.306335,0.03265018,0.0343,0.026463,1.296159
gbm,R,2013H2-R,2013-12-31,,2016Q3,11,20000,650,0.657504,0.315007,0.225303,0.03114209,0.0325,0.027728,1.172117
gbm,R,2013H2-R,2013-12-31,,2016Q4,12,20000,626,0.659826,0.319652,0.263879,0.03007685,0.0313,0.026974,1.160364
gbm,R,2013H2-R,2013-12-31,,2017Q1,13,20000,629,0.671077,0.342153,0.260243,0.03015208,0.03145,0.025842,1.216994
gbm,R,2013H2-R,2013-12-31,,2017Q2,14,20000,681,0.68488,0.36976,0.286637,0.03251151,0.03405,0.026204,1.299413
gbm,R,2013H2-R,2013-12-31,,2017Q3,15,20000,584,0.692527,0.385053,0.28327,0.02791534,0.0292,0.027534,1.060517
gbm,R,2013H2-R,2013-12-31,,2017Q4,16,20000,623,0.69529,0.39058,0.270166,0.02968159,0.03115,0.027262,1.142605
gbm,R,2013H2-R,2013-12-31,,2018Q1,17,20000,638,0.69232,0.38464,0.281761,0.03043663,0.0319,0.026367,1.20984
gbm-50k,R,2013H2-R,2013-12-31,20260911,2014Q1,1,20000,446,0.681613,0.363225,0.27195,0.02163954,0.0223,0.027117,0.822375
gbm-50k,R,2013H2-R,2013-12-31,20260911,2014Q2,2,20000,472,0.691558,0.383115,0.302769,0.02286943,0.0236,0.028743,0.821071
gbm-50k,R,2013H2-R,2013-12-31,20260911,2014Q3,3,20000,453,0.681698,0.363395,0.275029,0.02205324,0.02265,0.028568,0.792833
gbm-50k,R,2013H2-R,2013-12-31,20260911,2014Q4,4,20000,472,0.694657,0.389314,0.299414,0.02277583,0.0236,0.027381,0.861905
gbm-50k,R,2013H2-R,2013-12-31,20260911,2015Q1,5,20000,579,0.690474,0.380948,0.289786,0.02777954,0.02895,0.027086,1.068802
gbm-50k,R,2013H2-R,2013-12-31,20260911,2015Q2,6,20000,571,0.68848,0.37696,0.292088,0.02736031,0.02855,0.027224,1.04869
gbm-50k,R,2013H2-R,2013-12-31,20260911,2015Q3,7,20000,541,0.707509,0.415018,0.33833,0.02596565,0.02705,0.0269,1.005571
gbm-50k,R,2013H2-R,2013-12-31,20260911,2015Q4,8,20000,551,0.70439,0.408779,0.30386,0.02635224,0.02755,0.026281,1.048276
gbm-50k,R,2013H2-R,2013-12-31,20260911,2016Q1,9,20000,655,0.706595,0.413189,0.339604,0.03122809,0.03275,0.026003,1.259469
gbm-50k,R,2013H2-R,2013-12-31,20260911,2016Q2,10,20000,686,0.706735,0.413469,0.308189,0.03262865,0.0343,0.026629,1.288063
gbm-50k,R,2013H2-R,2013-12-31,20260911,2016Q3,11,20000,650,0.661897,0.323794,0.23546,0.03114076,0.0325,0.027791,1.169445
gbm-50k,R,2013H2-R,2013-12-31,20260911,2016Q4,12,20000,626,0.656367,0.312735,0.253251,0.03010746,0.0313,0.027112,1.15447
gbm-50k,R,2013H2-R,2013-12-31,20260911,2017Q1,13,20000,629,0.669899,0.339798,0.251319,0.03014121,0.03145,0.025835,1.21734
gbm-50k,R,2013H2-R,2013-12-31,20260911,2017Q2,14,20000,681,0.685761,0.371522,0.293636,0.03250552,0.03405,0.026297,1.294831
gbm-50k,R,2013H2-R,2013-12-31,20260911,2017Q3,15,20000,584,0.690688,0.381375,0.279267,0.02792248,0.0292,0.02774,1.052641
gbm-50k,R,2013H2-R,2013-12-31,20260911,2017Q4,16,20000,623,0.698158,0.396316,0.277617,0.0296261,0.03115,0.027458,1.134455
gbm-50k,R,2013H2-R,2013-12-31,20260911,2018Q1,17,20000,638,0.686889,0.373777,0.273097,0.03044229,0.0319,0.026673,1.195957
gbm-50k,R,2013H2-R,2013-12-31,20260912,2014Q1,1,20000,446,0.683311,0.366621,0.264462,0.02160122,0.0223,0.026908,0.828755
gbm-50k,R,2013H2-R,2013-12-31,20260912,2014Q2,2,20000,472,0.688901,0.377801,0.306232,0.0228557,0.0236,0.028399,0.831027
gbm-50k,R,2013H2-R,2013-12-31,20260912,2014Q3,3,20000,453,0.678207,0.356413,0.274313,0.02202548,0.02265,0.028069,0.806931
gbm-50k,R,2013H2-R,2013-12-31,20260912,2014Q4,4,20000,472,0.693467,0.386934,0.299236,0.02278878,0.0236,0.026885,0.877824
gbm-50k,R,2013H2-R,2013-12-31,20260912,2015Q1,5,20000,579,0.69329,0.38658,0.308304,0.02777572,0.02895,0.026676,1.085237
gbm-50k,R,2013H2-R,2013-12-31,20260912,2015Q2,6,20000,571,0.687965,0.37593,0.285041,0.02738737,0.02855,0.026819,1.064532
gbm-50k,R,2013H2-R,2013-12-31,20260912,2015Q3,7,20000,541,0.708029,0.416057,0.33449,0.02596057,0.02705,0.026523,1.019884
gbm-50k,R,2013H2-R,2013-12-31,20260912,2015Q4,8,20000,551,0.707653,0.415305,0.31256,0.02638249,0.02755,0.026048,1.057653
gbm-50k,R,2013H2-R,2013-12-31,20260912,2016Q1,9,20000,655,0.709555,0.419109,0.338679,0.03123733,0.03275,0.02576,1.271364
gbm-50k,R,2013H2-R,2013-12-31,20260912,2016Q2,10,20000,686,0.70252,0.405041,0.298658,0.03272756,0.0343,0.026404,1.299068
gbm-50k,R,2013H2-R,2013-12-31,20260912,2016Q3,11,20000,650,0.663247,0.326494,0.239253,0.03112609,0.0325,0.027773,1.170209
gbm-50k,R,2013H2-R,2013-12-31,20260912,2016Q4,12,20000,626,0.662366,0.324732,0.271584,0.03010303,0.0313,0.027026,1.158157
gbm-50k,R,2013H2-R,2013-12-31,20260912,2017Q1,13,20000,629,0.673446,0.346892,0.266297,0.0301499,0.03145,0.02586,1.216154
gbm-50k,R,2013H2-R,2013-12-31,20260912,2017Q2,14,20000,681,0.688154,0.376307,0.293609,0.03253038,0.03405,0.026294,1.294981
gbm-50k,R,2013H2-R,2013-12-31,20260912,2017Q3,15,20000,584,0.690868,0.381736,0.280482,0.02795058,0.0292,0.027569,1.059153
gbm-50k,R,2013H2-R,2013-12-31,20260912,2017Q4,16,20000,623,0.693874,0.387748,0.273989,0.02969555,0.03115,0.027452,1.134699
gbm-50k,R,2013H2-R,2013-12-31,20260912,2018Q1,17,20000,638,0.694363,0.388726,0.288902,0.03043261,0.0319,0.026789,1.190778
gbm-50k,R,2013H2-R,2013-12-31,20260913,2014Q1,1,20000,446,0.681875,0.36375,0.261126,0.02165332,0.0223,0.028253,0.789308
gbm-50k,R,2013H2-R,2013-12-31,20260913,2014Q2,2,20000,472,0.690453,0.380906,0.295159,0.02292847,0.0236,0.029949,0.788
gbm-50k,R,2013H2-R,2013-12-31,20260913,2014Q3,3,20000,453,0.680645,0.36129,0.26935,0.02210295,0.02265,0.029707,0.762439
gbm-50k,R,2013H2-R,2013-12-31,20260913,2014Q4,4,20000,472,0.696583,0.393167,0.314392,0.02278066,0.0236,0.028474,0.828823
gbm-50k,R,2013H2-R,2013-12-31,20260913,2015Q1,5,20000,579,0.68928,0.378561,0.296692,0.02775854,0.02895,0.028176,1.027475
gbm-50k,R,2013H2-R,2013-12-31,20260913,2015Q2,6,20000,571,0.687743,0.375487,0.286385,0.02734512,0.02855,0.028344,1.007284
gbm-50k,R,2013H2-R,2013-12-31,20260913,2015Q3,7,20000,541,0.708044,0.416088,0.332788,0.0259459,0.02705,0.02814,0.96128
gbm-50k,R,2013H2-R,2013-12-31,20260913,2015Q4,8,20000,551,0.706555,0.413109,0.311951,0.02633072,0.02755,0.027524,1.000955
gbm-50k,R,2013H2-R,2013-12-31,20260913,2016Q1,9,20000,655,0.709253,0.418507,0.336476,0.03118126,0.03275,0.027226,1.2029
gbm-50k,R,2013H2-R,2013-12-31,20260913,2016Q2,10,20000,686,0.704468,0.408935,0.306659,0.03261853,0.0343,0.027812,1.233299
gbm-50k,R,2013H2-R,2013-12-31,20260913,2016Q3,11,20000,650,0.659181,0.318363,0.233115,0.03110936,0.0325,0.029162,1.11448
gbm-50k,R,2013H2-R,2013-12-31,20260913,2016Q4,12,20000,626,0.656699,0.313398,0.259818,0.03010036,0.0313,0.028283,1.106676
gbm-50k,R,2013H2-R,2013-12-31,20260913,2017Q1,13,20000,629,0.670357,0.340713,0.260011,0.03012485,0.03145,0.027061,1.162206
gbm-50k,R,2013H2-R,2013-12-31,20260913,2017Q2,14,20000,681,0.684448,0.368896,0.28791,0.03248091,0.03405,0.027484,1.23891
gbm-50k,R,2013H2-R,2013-12-31,20260913,2017Q3,15,20000,584,0.693762,0.387525,0.280519,0.02786661,0.0292,0.02899,1.007231
gbm-50k,R,2013H2-R,2013-12-31,20260913,2017Q4,16,20000,623,0.692006,0.384012,0.268255,0.02961477,0.03115,0.028429,1.095696
gbm-50k,R,2013H2-R,2013-12-31,20260913,2018Q1,17,20000,638,0.694037,0.388074,0.28839,0.03040918,0.0319,0.027366,1.165688
gbm,R,2014H1-R,2014-06-30,,2014Q3,1,20000,453,0.689152,0.378305,0.290394,0.0219822,0.02265,0.02563,0.883736
gbm,R,2014H1-R,2014-06-30,,2014Q4,2,20000,472,0.70496,0.409921,0.329519,0.02272266,0.0236,0.024049,0.981327
gbm,R,2014H1-R,2014-06-30,,2015Q1,3,20000,579,0.702463,0.404925,0.325122,0.02775898,0.02895,0.023837,1.214491
gbm,R,2014H1-R,2014-06-30,,2015Q2,4,20000,571,0.696079,0.392157,0.293135,0.02732617,0.02855,0.023916,1.19375
gbm,R,2014H1-R,2014-06-30,,2015Q3,5,20000,541,0.71619,0.43238,0.343053,0.02590561,0.02705,0.023475,1.152304
gbm,R,2014H1-R,2014-06-30,,2015Q4,6,20000,551,0.715917,0.431834,0.333953,0.02634862,0.02755,0.022781,1.209336
gbm,R,2014H1-R,2014-06-30,,2016Q1,7,20000,655,0.724269,0.448538,0.348898,0.03124137,0.03275,0.02287,1.432018
gbm,R,2014H1-R,2014-06-30,,2016Q2,8,20000,686,0.71077,0.421539,0.321243,0.03272318,0.0343,0.023201,1.478378
gbm,R,2014H1-R,2014-06-30,,2016Q3,9,20000,650,0.669525,0.339049,0.24229,0.03114243,0.0325,0.024199,1.343021
gbm,R,2014H1-R,2014-06-30,,2016Q4,10,20000,626,0.675651,0.351302,0.291785,0.03003329,0.0313,0.023602,1.32618
gbm,R,2014H1-R,2014-06-30,,2017Q1,11,20000,629,0.684601,0.369203,0.271963,0.0301824,0.03145,0.022613,1.390784
gbm,R,2014H1-R,2014-06-30,,2017Q2,12,20000,681,0.696715,0.39343,0.303762,0.03250447,0.03405,0.022796,1.493664
gbm,R,2014H1-R,2014-06-30,,2017Q3,13,20000,584,0.698349,0.396698,0.296195,0.02795499,0.0292,0.023807,1.226536
gbm,R,2014H1-R,2014-06-30,,2017Q4,14,20000,623,0.695163,0.390326,0.282239,0.02978334,0.03115,0.023067,1.350443
gbm,R,2014H1-R,2014-06-30,,2018Q1,15,20000,638,0.691193,0.382386,0.284821,0.03056825,0.0319,0.02204,1.447387
gbm-50k,R,2014H1-R,2014-06-30,20260911,2014Q3,1,20000,453,0.683618,0.367236,0.281337,0.02196782,0.02265,0.024741,0.915466
gbm-50k,R,2014H1-R,2014-06-30,20260911,2014Q4,2,20000,472,0.693133,0.386266,0.295843,0.02275287,0.0236,0.023896,0.987622
gbm-50k,R,2014H1-R,2014-06-30,20260911,2015Q1,3,20000,579,0.693678,0.387355,0.306757,0.02778024,0.02895,0.02383,1.214839
gbm-50k,R,2014H1-R,2014-06-30,20260911,2015Q2,4,20000,571,0.687399,0.374798,0.292997,0.02741016,0.02855,0.023805,1.199325
gbm-50k,R,2014H1-R,2014-06-30,20260911,2015Q3,5,20000,541,0.715526,0.431052,0.327479,0.02594983,0.02705,0.023372,1.157366
gbm-50k,R,2014H1-R,2014-06-30,20260911,2015Q4,6,20000,551,0.711097,0.422194,0.317622,0.02639995,0.02755,0.022977,1.199027
gbm-50k,R,2014H1-R,2014-06-30,20260911,2016Q1,7,20000,655,0.717766,0.435532,0.337749,0.03126771,0.03275,0.02284,1.433917
gbm-50k,R,2014H1-R,2014-06-30,20260911,2016Q2,8,20000,686,0.7028,0.4056,0.302591,0.03280162,0.0343,0.023346,1.469201
gbm-50k,R,2014H1-R,2014-06-30,20260911,2016Q3,9,20000,650,0.668354,0.336708,0.242982,0.03117526,0.0325,0.024442,1.329662
gbm-50k,R,2014H1-R,2014-06-30,20260911,2016Q4,10,20000,626,0.670616,0.341233,0.263448,0.03007202,0.0313,0.023884,1.310498
gbm-50k,R,2014H1-R,2014-06-30,20260911,2017Q1,11,20000,629,0.676756,0.353512,0.27997,0.03022243,0.03145,0.022902,1.373264
gbm-50k,R,2014H1-R,2014-06-30,20260911,2017Q2,12,20000,681,0.69139,0.382781,0.30261,0.03255852,0.03405,0.023122,1.472619
gbm-50k,R,2014H1-R,2014-06-30,20260911,2017Q3,13,20000,584,0.691605,0.383211,0.289114,0.028007,0.0292,0.024222,1.20551
gbm-50k,R,2014H1-R,2014-06-30,20260911,2017Q4,14,20000,623,0.690012,0.380024,0.27832,0.02987427,0.03115,0.023829,1.307253
gbm-50k,R,2014H1-R,2014-06-30,20260911,2018Q1,15,20000,638,0.680312,0.360624,0.278837,0.03062266,0.0319,0.022833,1.397129
gbm-50k,R,2014H1-R,2014-06-30,20260912,2014Q3,1,20000,453,0.689135,0.378271,0.309152,0.02194665,0.02265,0.026367,0.859024
gbm-50k,R,2014H1-R,2014-06-30,20260912,2014Q4,2,20000,472,0.69946,0.39892,0.333073,0.02276056,0.0236,0.025198,0.936597
gbm-50k,R,2014H1-R,2014-06-30,20260912,2015Q1,3,20000,579,0.698951,0.397902,0.30857,0.02778846,0.02895,0.02498,1.158916
gbm-50k,R,2014H1-R,2014-06-30,20260912,2015Q2,4,20000,571,0.688716,0.377431,0.290188,0.02741045,0.02855,0.025104,1.137291
gbm-50k,R,2014H1-R,2014-06-30,20260912,2015Q3,5,20000,541,0.71217,0.42434,0.335942,0.02598255,0.02705,0.024743,1.093235
gbm-50k,R,2014H1-R,2014-06-30,20260912,2015Q4,6,20000,551,0.711599,0.423199,0.321283,0.02644175,0.02755,0.024147,1.140916
gbm-50k,R,2014H1-R,2014-06-30,20260912,2016Q1,7,20000,655,0.715059,0.430119,0.34388,0.03130564,0.03275,0.02403,1.362856
gbm-50k,R,2014H1-R,2014-06-30,20260912,2016Q2,8,20000,686,0.706367,0.412733,0.313157,0.03277519,0.0343,0.024217,1.416371
gbm-50k,R,2014H1-R,2014-06-30,20260912,2016Q3,9,20000,650,0.661638,0.323276,0.248702,0.03119583,0.0325,0.025212,1.289056
gbm-50k,R,2014H1-R,2014-06-30,20260912,2016Q4,10,20000,626,0.662156,0.324311,0.255571,0.03010558,0.0313,0.024753,1.264488
gbm-50k,R,2014H1-R,2014-06-30,20260912,2017Q1,11,20000,629,0.685445,0.37089,0.282479,0.03018814,0.03145,0.024016,1.309556
gbm-50k,R,2014H1-R,2014-06-30,20260912,2017Q2,12,20000,681,0.691145,0.38229,0.302307,0.03260518,0.03405,0.024223,1.405717
gbm-50k,R,2014H1-R,2014-06-30,20260912,2017Q3,13,20000,584,0.693614,0.387229,0.297418,0.02798581,0.0292,0.024949,1.170365
gbm-50k,R,2014H1-R,2014-06-30,20260912,2017Q4,14,20000,623,0.682002,0.364004,0.279377,0.02990046,0.03115,0.024363,1.278558
gbm-50k,R,2014H1-R,2014-06-30,20260912,2018Q1,15,20000,638,0.676175,0.35235,0.267198,0.03062018,0.0319,0.023549,1.354622
gbm-50k,R,2014H1-R,2014-06-30,20260913,2014Q3,1,20000,453,0.686878,0.373756,0.292083,0.02195995,0.02265,0.024956,0.907614
gbm-50k,R,2014H1-R,2014-06-30,20260913,2014Q4,2,20000,472,0.693619,0.387239,0.287159,0.02270689,0.0236,0.023386,1.009132
gbm-50k,R,2014H1-R,2014-06-30,20260913,2015Q1,3,20000,579,0.692135,0.38427,0.303785,0.02778071,0.02895,0.023212,1.247205
gbm-50k,R,2014H1-R,2014-06-30,20260913,2015Q2,4,20000,571,0.691279,0.382558,0.296768,0.02735846,0.02855,0.023265,1.227174
gbm-50k,R,2014H1-R,2014-06-30,20260913,2015Q3,5,20000,541,0.712467,0.424935,0.32738,0.02592849,0.02705,0.022875,1.182525
gbm-50k,R,2014H1-R,2014-06-30,20260913,2015Q4,6,20000,551,0.710592,0.421185,0.31795,0.02638203,0.02755,0.022339,1.233256
gbm-50k,R,2014H1-R,2014-06-30,20260913,2016Q1,7,20000,655,0.721564,0.443128,0.346208,0.03127556,0.03275,0.022286,1.469557
gbm-50k,R,2014H1-R,2014-06-30,20260913,2016Q2,8,20000,686,0.703039,0.406077,0.293935,0.03274159,0.0343,0.022643,1.514842
gbm-50k,R,2014H1-R,2014-06-30,20260913,2016Q3,9,20000,650,0.663728,0.327456,0.239165,0.03116587,0.0325,0.023746,1.368627
gbm-50k,R,2014H1-R,2014-06-30,20260913,2016Q4,10,20000,626,0.66664,0.33328,0.243344,0.03006633,0.0313,0.023277,1.344666
gbm-50k,R,2014H1-R,2014-06-30,20260913,2017Q1,11,20000,629,0.677294,0.354588,0.271107,0.03019242,0.03145,0.022369,1.405935
gbm-50k,R,2014H1-R,2014-06-30,20260913,2017Q2,12,20000,681,0.694627,0.389254,0.304588,0.03254955,0.03405,0.022568,1.508772
gbm-50k,R,2014H1-R,2014-06-30,20260913,2017Q3,13,20000,584,0.699152,0.398304,0.294053,0.02797774,0.0292,0.023383,1.248776
gbm-50k,R,2014H1-R,2014-06-30,20260913,2017Q4,14,20000,623,0.691998,0.383996,0.280243,0.02984009,0.03115,0.022585,1.379208
gbm-50k,R,2014H1-R,2014-06-30,20260913,2018Q1,15,20000,638,0.686873,0.373745,0.27709,0.0306055,0.0319,0.021586,1.477829
gbm,R,2014H2-R,2014-12-31,,2015Q1,1,20000,579,0.715247,0.430493,0.331508,0.02769355,0.02895,0.021864,1.324115
gbm,R,2014H2-R,2014-12-31,,2015Q2,2,20000,571,0.707874,0.415747,0.302008,0.0272929,0.02855,0.021853,1.306465
gbm,R,2014H2-R,2014-12-31,,2015Q3,3,20000,541,0.727639,0.455277,0.360454,0.02589346,0.02705,0.021547,1.255369
gbm,R,2014H2-R,2014-12-31,,2015Q4,4,20000,551,0.730495,0.46099,0.341711,0.02629785,0.02755,0.020631,1.335385
gbm,R,2014H2-R,2014-12-31,,2016Q1,5,20000,655,0.736116,0.472233,0.359077,0.03120479,0.03275,0.020531,1.59514
gbm,R,2014H2-R,2014-12-31,,2016Q2,6,20000,686,0.728799,0.457598,0.328908,0.03261958,0.0343,0.020396,1.681723
gbm,R,2014H2-R,2014-12-31,,2016Q3,7,20000,650,0.682424,0.364849,0.266269,0.03110023,0.0325,0.021491,1.512285
gbm,R,2014H2-R,2014-12-31,,2016Q4,8,20000,626,0.693648,0.387297,0.30507,0.02998388,0.0313,0.020975,1.492218
gbm,R,2014H2-R,2014-12-31,,2017Q1,9,20000,629,0.699608,0.399216,0.281828,0.03012642,0.03145,0.020301,1.549175
gbm,R,2014H2-R,2014-12-31,,2017Q2,10,20000,681,0.709198,0.418395,0.327554,0.03248782,0.03405,0.02028,1.67903
gbm,R,2014H2-R,2014-12-31,,2017Q3,11,20000,584,0.707164,0.414329,0.308209,0.02792269,0.0292,0.021108,1.383349
gbm,R,2014H2-R,2014-12-31,,2017Q4,12,20000,623,0.71725,0.434499,0.323483,0.02976911,0.03115,0.020169,1.544461
gbm,R,2014H2-R,2014-12-31,,2018Q1,13,20000,638,0.691231,0.382463,0.282453,0.03060083,0.0319,0.019264,1.655939
gbm-50k,R,2014H2-R,2014-12-31,20260911,2015Q1,1,20000,579,0.704851,0.409701,0.32461,0.02771501,0.02895,0.022105,1.309675
gbm-50k,R,2014H2-R,2014-12-31,20260911,2015Q2,2,20000,571,0.702774,0.405547,0.292988,0.02729936,0.02855,0.022064,1.293954
gbm-50k,R,2014H2-R,2014-12-31,20260911,2015Q3,3,20000,541,0.717552,0.435103,0.344038,0.02592022,0.02705,0.021855,1.237678
gbm-50k,R,2014H2-R,2014-12-31,20260911,2015Q4,4,20000,551,0.720683,0.441367,0.345306,0.02632396,0.02755,0.021042,1.309265
gbm-50k,R,2014H2-R,2014-12-31,20260911,2016Q1,5,20000,655,0.728051,0.456101,0.348757,0.03120762,0.03275,0.021131,1.549884
gbm-50k,R,2014H2-R,2014-12-31,20260911,2016Q2,6,20000,686,0.719681,0.439361,0.317023,0.03266881,0.0343,0.02079,1.64983
gbm-50k,R,2014H2-R,2014-12-31,20260911,2016Q3,7,20000,650,0.68337,0.366741,0.272618,0.03106828,0.0325,0.021961,1.479863
gbm-50k,R,2014H2-R,2014-12-31,20260911,2016Q4,8,20000,626,0.696515,0.393031,0.296779,0.02991589,0.0313,0.021551,1.452345
gbm-50k,R,2014H2-R,2014-12-31,20260911,2017Q1,9,20000,629,0.694401,0.388801,0.282459,0.03011112,0.03145,0.02091,1.504041
gbm-50k,R,2014H2-R,2014-12-31,20260911,2017Q2,10,20000,681,0.695789,0.391577,0.296496,0.03247754,0.03405,0.020711,1.644067
gbm-50k,R,2014H2-R,2014-12-31,20260911,2017Q3,11,20000,584,0.699174,0.398347,0.292025,0.02793626,0.0292,0.021305,1.370567
gbm-50k,R,2014H2-R,2014-12-31,20260911,2017Q4,12,20000,623,0.714864,0.429728,0.323122,0.02975425,0.03115,0.020644,1.508893
gbm-50k,R,2014H2-R,2014-12-31,20260911,2018Q1,13,20000,638,0.690436,0.380872,0.286721,0.03058129,0.0319,0.01975,1.6152
gbm-50k,R,2014H2-R,2014-12-31,20260912,2015Q1,1,20000,579,0.706594,0.413188,0.321004,0.02774957,0.02895,0.022634,1.279044
gbm-50k,R,2014H2-R,2014-12-31,20260912,2015Q2,2,20000,571,0.696349,0.392698,0.290895,0.02735792,0.02855,0.022498,1.269025
gbm-50k,R,2014H2-R,2014-12-31,20260912,2015Q3,3,20000,541,0.710658,0.421315,0.331755,0.02597936,0.02705,0.022082,1.224971
gbm-50k,R,2014H2-R,2014-12-31,20260912,2015Q4,4,20000,551,0.716856,0.433713,0.331051,0.02634669,0.02755,0.021104,1.305439
gbm-50k,R,2014H2-R,2014-12-31,20260912,2016Q1,5,20000,655,0.720017,0.440033,0.337371,0.03126487,0.03275,0.021066,1.554668
gbm-50k,R,2014H2-R,2014-12-31,20260912,2016Q2,6,20000,686,0.711087,0.422174,0.326991,0.03273102,0.0343,0.020817,1.647731
gbm-50k,R,2014H2-R,2014-12-31,20260912,2016Q3,7,20000,650,0.674359,0.348717,0.242584,0.03111972,0.0325,0.022038,1.474728
gbm-50k,R,2014H2-R,2014-12-31,20260912,2016Q4,8,20000,626,0.682262,0.364524,0.28403,0.03004204,0.0313,0.021429,1.460608
gbm-50k,R,2014H2-R,2014-12-31,20260912,2017Q1,9,20000,629,0.691692,0.383384,0.278152,0.03018845,0.03145,0.020778,1.513598
gbm-50k,R,2014H2-R,2014-12-31,20260912,2017Q2,10,20000,681,0.689372,0.378743,0.272348,0.03256076,0.03405,0.020813,1.636013
gbm-50k,R,2014H2-R,2014-12-31,20260912,2017Q3,11,20000,584,0.695654,0.391308,0.28442,0.02800969,0.0292,0.021595,1.352136
gbm-50k,R,2014H2-R,2014-12-31,20260912,2017Q4,12,20000,623,0.703361,0.406721,0.299683,0.02984086,0.03115,0.020565,1.514681
gbm-50k,R,2014H2-R,2014-12-31,20260912,2018Q1,13,20000,638,0.674063,0.348126,0.254924,0.03069348,0.0319,0.019625,1.625445
gbm-50k,R,2014H2-R,2014-12-31,20260913,2015Q1,1,20000,579,0.704561,0.409122,0.304628,0.02780596,0.02895,0.020775,1.393487
gbm-50k,R,2014H2-R,2014-12-31,20260913,2015Q2,2,20000,571,0.696802,0.393604,0.311805,0.02746391,0.02855,0.020866,1.36823
gbm-50k,R,2014H2-R,2014-12-31,20260913,2015Q3,3,20000,541,0.702723,0.405447,0.318903,0.02613667,0.02705,0.020545,1.3166
gbm-50k,R,2014H2-R,2014-12-31,20260913,2015Q4,4,20000,551,0.707959,0.415919,0.331929,0.02647857,0.02755,0.019701,1.398439
gbm-50k,R,2014H2-R,2014-12-31,20260913,2016Q1,5,20000,655,0.715306,0.430613,0.330448,0.03140605,0.03275,0.019502,1.679342
gbm-50k,R,2014H2-R,2014-12-31,20260913,2016Q2,6,20000,686,0.709782,0.419565,0.329022,0.03289592,0.0343,0.019364,1.771295
gbm-50k,R,2014H2-R,2014-12-31,20260913,2016Q3,7,20000,650,0.670694,0.341389,0.257452,0.03124411,0.0325,0.020454,1.588937
gbm-50k,R,2014H2-R,2014-12-31,20260913,2016Q4,8,20000,626,0.667655,0.335311,0.258782,0.03018587,0.0313,0.019952,1.568739
gbm-50k,R,2014H2-R,2014-12-31,20260913,2017Q1,9,20000,629,0.686538,0.373076,0.281241,0.03030486,0.03145,0.019276,1.631587
gbm-50k,R,2014H2-R,2014-12-31,20260913,2017Q2,10,20000,681,0.691791,0.383582,0.284267,0.03269425,0.03405,0.019439,1.751649
gbm-50k,R,2014H2-R,2014-12-31,20260913,2017Q3,11,20000,584,0.696467,0.392935,0.292491,0.02811709,0.0292,0.020236,1.442957
gbm-50k,R,2014H2-R,2014-12-31,20260913,2017Q4,12,20000,623,0.698986,0.397973,0.286565,0.02995168,0.03115,0.019674,1.583341
gbm-50k,R,2014H2-R,2014-12-31,20260913,2018Q1,13,20000,638,0.679418,0.358836,0.258225,0.0307282,0.0319,0.018845,1.692775
gbm,R,2015H1-R,2015-06-30,,2015Q3,1,20000,541,0.727799,0.455598,0.366506,0.02584458,0.02705,0.022114,1.223224
gbm,R,2015H1-R,2015-06-30,,2015Q4,2,20000,551,0.728183,0.456366,0.343839,0.02630353,0.02755,0.020973,1.313574
gbm,R,2015H1-R,2015-06-30,,2016Q1,3,20000,655,0.734663,0.469326,0.348127,0.03115581,0.03275,0.020952,1.56312
gbm,R,2015H1-R,2015-06-30,,2016Q2,4,20000,686,0.731489,0.462978,0.355424,0.03258885,0.0343,0.020786,1.650148
gbm,R,2015H1-R,2015-06-30,,2016Q3,5,20000,650,0.686724,0.373448,0.281129,0.03108435,0.0325,0.022091,1.471195
gbm,R,2015H1-R,2015-06-30,,2016Q4,6,20000,626,0.693905,0.387809,0.303726,0.02996959,0.0313,0.021432,1.460459
gbm,R,2015H1-R,2015-06-30,,2017Q1,7,20000,629,0.699626,0.399253,0.29733,0.03010165,0.03145,0.02062,1.52525
gbm,R,2015H1-R,2015-06-30,,2017Q2,8,20000,681,0.705819,0.411638,0.306206,0.03248865,0.03405,0.020533,1.658341
gbm,R,2015H1-R,2015-06-30,,2017Q3,9,20000,584,0.708277,0.416554,0.308856,0.02788458,0.0292,0.021354,1.367438
gbm,R,2015H1-R,2015-06-30,,2017Q4,10,20000,623,0.720176,0.440351,0.329099,0.02972496,0.03115,0.020461,1.52242
gbm,R,2015H1-R,2015-06-30,,2018Q1,11,20000,638,0.694639,0.389278,0.294251,0.03055395,0.0319,0.019537,1.63277
gbm-50k,R,2015H1-R,2015-06-30,20260911,2015Q3,1,20000,541,0.717198,0.434396,0.332653,0.02594604,0.02705,0.021211,1.275284
gbm-50k,R,2015H1-R,2015-06-30,20260911,2015Q4,2,20000,551,0.710288,0.420576,0.310928,0.02645065,0.02755,0.0202,1.363833
gbm-50k,R,2015H1-R,2015-06-30,20260911,2016Q1,3,20000,655,0.721614,0.443228,0.340709,0.03135114,0.03275,0.020149,1.625403
gbm-50k,R,2015H1-R,2015-06-30,20260911,2016Q2,4,20000,686,0.714452,0.428904,0.332469,0.03274793,0.0343,0.019887,1.724745
gbm-50k,R,2015H1-R,2015-06-30,20260911,2016Q3,5,20000,650,0.672197,0.344394,0.268293,0.03123191,0.0325,0.021054,1.543666
gbm-50k,R,2015H1-R,2015-06-30,20260911,2016Q4,6,20000,626,0.685185,0.370371,0.272675,0.02999457,0.0313,0.02056,1.522345
gbm-50k,R,2015H1-R,2015-06-30,20260911,2017Q1,7,20000,629,0.687347,0.374693,0.268099,0.03023573,0.03145,0.019822,1.58665
gbm-50k,R,2015H1-R,2015-06-30,20260911,2017Q2,8,20000,681,0.687177,0.374355,0.27326,0.03263501,0.03405,0.019793,1.720268
gbm-50k,R,2015H1-R,2015-06-30,20260911,2017Q3,9,20000,584,0.696919,0.393839,0.305101,0.02796822,0.0292,0.020974,1.392198
gbm-50k,R,2015H1-R,2015-06-30,20260911,2017Q4,10,20000,623,0.708508,0.417016,0.309898,0.02973226,0.03115,0.020285,1.535597
gbm-50k,R,2015H1-R,2015-06-30,20260911,2018Q1,11,20000,638,0.678768,0.357536,0.262261,0.03061025,0.0319,0.01952,1.634229
gbm-50k,R,2015H1-R,2015-06-30,20260912,2015Q3,1,20000,541,0.729408,0.458816,0.363018,0.02588954,0.02705,0.022218,1.217464
gbm-50k,R,2015H1-R,2015-06-30,20260912,2015Q4,2,20000,551,0.724301,0.448601,0.335372,0.02632776,0.02755,0.020883,1.31927
gbm-50k,R,2015H1-R,2015-06-30,20260912,2016Q1,3,20000,655,0.726195,0.452391,0.335266,0.03123704,0.03275,0.020846,1.571057
gbm-50k,R,2015H1-R,2015-06-30,20260912,2016Q2,4,20000,686,0.719068,0.438135,0.332415,0.03272544,0.0343,0.020541,1.669857
gbm-50k,R,2015H1-R,2015-06-30,20260912,2016Q3,5,20000,650,0.677559,0.355118,0.257452,0.03117694,0.0325,0.021794,1.49124
gbm-50k,R,2015H1-R,2015-06-30,20260912,2016Q4,6,20000,626,0.69181,0.38362,0.297359,0.0300077,0.0313,0.021078,1.484989
gbm-50k,R,2015H1-R,2015-06-30,20260912,2017Q1,7,20000,629,0.697259,0.394517,0.287787,0.03014761,0.03145,0.020315,1.54814
gbm-50k,R,2015H1-R,2015-06-30,20260912,2017Q2,8,20000,681,0.702723,0.405446,0.312207,0.03253257,0.03405,0.020223,1.6837
gbm-50k,R,2015H1-R,2015-06-30,20260912,2017Q3,9,20000,584,0.704089,0.408178,0.307286,0.027926,0.0292,0.020985,1.391442
gbm-50k,R,2015H1-R,2015-06-30,20260912,2017Q4,10,20000,623,0.71183,0.42366,0.31003,0.02981968,0.03115,0.019801,1.573126
gbm-50k,R,2015H1-R,2015-06-30,20260912,2018Q1,11,20000,638,0.679011,0.358023,0.25637,0.03068649,0.0319,0.018844,1.692817
gbm-50k,R,2015H1-R,2015-06-30,20260913,2015Q3,1,20000,541,0.724723,0.449445,0.362398,0.02594423,0.02705,0.021436,1.261905
gbm-50k,R,2015H1-R,2015-06-30,20260913,2015Q4,2,20000,551,0.718017,0.436034,0.341472,0.02640215,0.02755,0.020404,1.350246
gbm-50k,R,2015H1-R,2015-06-30,20260913,2016Q1,3,20000,655,0.727697,0.455394,0.352553,0.03122762,0.03275,0.020393,1.605952
gbm-50k,R,2015H1-R,2015-06-30,20260913,2016Q2,4,20000,686,0.72227,0.44454,0.330812,0.03269621,0.0343,0.020045,1.71111
gbm-50k,R,2015H1-R,2015-06-30,20260913,2016Q3,5,20000,650,0.687077,0.374154,0.265947,0.03115916,0.0325,0.021256,1.528957
gbm-50k,R,2015H1-R,2015-06-30,20260913,2016Q4,6,20000,626,0.695192,0.390385,0.297227,0.03000758,0.0313,0.020765,1.507327
gbm-50k,R,2015H1-R,2015-06-30,20260913,2017Q1,7,20000,629,0.692463,0.384926,0.284682,0.03018007,0.03145,0.019981,1.573982
gbm-50k,R,2015H1-R,2015-06-30,20260913,2017Q2,8,20000,681,0.705513,0.411026,0.31858,0.03252441,0.03405,0.019902,1.710915
gbm-50k,R,2015H1-R,2015-06-30,20260913,2017Q3,9,20000,584,0.703612,0.407223,0.310078,0.02796754,0.0292,0.020617,1.416305
gbm-50k,R,2015H1-R,2015-06-30,20260913,2017Q4,10,20000,623,0.717918,0.435835,0.334015,0.02980449,0.03115,0.019425,1.603569
gbm-50k,R,2015H1-R,2015-06-30,20260913,2018Q1,11,20000,638,0.691777,0.383553,0.280224,0.03063115,0.0319,0.018529,1.721615
gbm,R,2015H2-R,2015-12-31,,2016Q1,1,20000,655,0.737411,0.474821,0.358259,0.03108094,0.03275,0.021737,1.506643
gbm,R,2015H2-R,2015-12-31,,2016Q2,2,20000,686,0.734715,0.46943,0.36246,0.0325356,0.0343,0.021428,1.600675
gbm,R,2015H2-R,2015-12-31,,2016Q3,3,20000,650,0.688513,0.377026,0.276001,0.03105717,0.0325,0.022858,1.421805
gbm,R,2015H2-R,2015-12-31,,2016Q4,4,20000,626,0.702585,0.40517,0.329164,0.02991064,0.0313,0.022104,1.416061
gbm,R,2015H2-R,2015-12-31,,2017Q1,5,20000,629,0.7062,0.4124,0.304719,0.0300469,0.03145,0.021248,1.480117
gbm,R,2015H2-R,2015-12-31,,2017Q2,6,20000,681,0.717855,0.43571,0.326045,0.03240994,0.03405,0.021122,1.61205
gbm,R,2015H2-R,2015-12-31,,2017Q3,7,20000,584,0.714935,0.429871,0.300449,0.02781795,0.0292,0.021834,1.337389
gbm,R,2015H2-R,2015-12-31,,2017Q4,8,20000,623,0.718926,0.437852,0.324371,0.02973679,0.03115,0.020354,1.530393
gbm,R,2015H2-R,2015-12-31,,2018Q1,9,20000,638,0.694476,0.388951,0.289495,0.03058331,0.0319,0.019204,1.661071
gbm-50k,R,2015H2-R,2015-12-31,20260911,2016Q1,1,20000,655,0.732908,0.465815,0.358231,0.03110589,0.03275,0.022608,1.448605
gbm-50k,R,2015H2-R,2015-12-31,20260911,2016Q2,2,20000,686,0.728038,0.456077,0.348204,0.03253991,0.0343,0.022382,1.532516
gbm-50k,R,2015H2-R,2015-12-31,20260911,2016Q3,3,20000,650,0.679441,0.358882,0.247812,0.03106331,0.0325,0.023735,1.369298
gbm-50k,R,2015H2-R,2015-12-31,20260911,2016Q4,4,20000,626,0.687479,0.374957,0.287253,0.02995143,0.0313,0.022892,1.36729
gbm-50k,R,2015H2-R,2015-12-31,20260911,2017Q1,5,20000,629,0.699595,0.39919,0.302175,0.03008746,0.03145,0.022003,1.429348
gbm-50k,R,2015H2-R,2015-12-31,20260911,2017Q2,6,20000,681,0.703519,0.407039,0.299229,0.03244734,0.03405,0.022003,1.547532
gbm-50k,R,2015H2-R,2015-12-31,20260911,2017Q3,7,20000,584,0.703976,0.407951,0.306728,0.02784968,0.0292,0.023022,1.268349
gbm-50k,R,2015H2-R,2015-12-31,20260911,2017Q4,8,20000,623,0.707735,0.41547,0.321947,0.02975415,0.03115,0.02155,1.445469
gbm-50k,R,2015H2-R,2015-12-31,20260911,2018Q1,9,20000,638,0.688428,0.376857,0.286214,0.03059289,0.0319,0.020467,1.558569
gbm-50k,R,2015H2-R,2015-12-31,20260912,2016Q1,1,20000,655,0.734512,0.469023,0.358101,0.03110553,0.03275,0.022375,1.463686
gbm-50k,R,2015H2-R,2015-12-31,20260912,2016Q2,2,20000,686,0.735198,0.470396,0.356622,0.03250691,0.0343,0.021953,1.562402
gbm-50k,R,2015H2-R,2015-12-31,20260912,2016Q3,3,20000,650,0.686706,0.373413,0.273703,0.03106457,0.0325,0.023189,1.401506
gbm-50k,R,2015H2-R,2015-12-31,20260912,2016Q4,4,20000,626,0.690223,0.380446,0.285825,0.02996066,0.0313,0.022531,1.389216
gbm-50k,R,2015H2-R,2015-12-31,20260912,2017Q1,5,20000,629,0.703292,0.406584,0.308088,0.03007411,0.03145,0.021672,1.451192
gbm-50k,R,2015H2-R,2015-12-31,20260912,2017Q2,6,20000,681,0.711279,0.422557,0.312475,0.0324102,0.03405,0.021695,1.569493
gbm-50k,R,2015H2-R,2015-12-31,20260912,2017Q3,7,20000,584,0.711288,0.422576,0.307195,0.02782527,0.0292,0.022536,1.295684
gbm-50k,R,2015H2-R,2015-12-31,20260912,2017Q4,8,20000,623,0.712014,0.424028,0.310949,0.02974805,0.03115,0.021212,1.468478
gbm-50k,R,2015H2-R,2015-12-31,20260912,2018Q1,9,20000,638,0.693842,0.387684,0.276515,0.03055878,0.0319,0.02012,1.585522
gbm-50k,R,2015H2-R,2015-12-31,20260913,2016Q1,1,20000,655,0.731065,0.46213,0.345169,0.03118545,0.03275,0.021325,1.535749
gbm-50k,R,2015H2-R,2015-12-31,20260913,2016Q2,2,20000,686,0.725897,0.451793,0.348532,0.03265063,0.0343,0.021009,1.632621
gbm-50k,R,2015H2-R,2015-12-31,20260913,2016Q3,3,20000,650,0.673435,0.34687,0.249616,0.03117123,0.0325,0.022223,1.46242
gbm-50k,R,2015H2-R,2015-12-31,20260913,2016Q4,4,20000,626,0.688207,0.376413,0.294161,0.02999517,0.0313,0.021479,1.457234
gbm-50k,R,2015H2-R,2015-12-31,20260913,2017Q1,5,20000,629,0.696774,0.393547,0.300821,0.03013284,0.03145,0.020756,1.515232
gbm-50k,R,2015H2-R,2015-12-31,20260913,2017Q2,6,20000,681,0.704841,0.409683,0.29955,0.03250065,0.03405,0.020651,1.648829
gbm-50k,R,2015H2-R,2015-12-31,20260913,2017Q3,7,20000,584,0.702051,0.404101,0.287864,0.02791056,0.0292,0.021306,1.370488
gbm-50k,R,2015H2-R,2015-12-31,20260913,2017Q4,8,20000,623,0.706514,0.413028,0.309994,0.02984178,0.03115,0.020035,1.554818
gbm-50k,R,2015H2-R,2015-12-31,20260913,2018Q1,9,20000,638,0.682949,0.365898,0.27594,0.03064321,0.0319,0.018879,1.689678
gbm,R,2016H1-R,2016-06-30,,2016Q3,1,20000,650,0.696311,0.392621,0.280354,0.03090773,0.0325,0.02552,1.273503
gbm,R,2016H1-R,2016-06-30,,2016Q4,2,20000,626,0.706687,0.413374,0.314556,0.02978559,0.0313,0.024712,1.266581
gbm,R,2016H1-R,2016-06-30,,2017Q1,3,20000,629,0.715572,0.431144,0.325153,0.02987656,0.03145,0.023677,1.328273
gbm,R,2016H1-R,2016-06-30,,2017Q2,4,20000,681,0.721061,0.442122,0.321092,0.03221921,0.03405,0.023482,1.450052
gbm,R,2016H1-R,2016-06-30,,2017Q3,5,20000,584,0.722711,0.445422,0.313765,0.02766522,0.0292,0.024308,1.20127
gbm,R,2016H1-R,2016-06-30,,2017Q4,6,20000,623,0.72444,0.448881,0.327684,0.02956462,0.03115,0.022228,1.401358
gbm,R,2016H1-R,2016-06-30,,2018Q1,7,20000,638,0.694857,0.389714,0.294406,0.03052578,0.0319,0.020818,1.532355
gbm-50k,R,2016H1-R,2016-06-30,20260911,2016Q3,1,20000,650,0.686361,0.372723,0.26514,0.03099703,0.0325,0.024648,1.31855
gbm-50k,R,2016H1-R,2016-06-30,20260911,2016Q4,2,20000,626,0.687161,0.374322,0.285991,0.02997294,0.0313,0.023856,1.312018
gbm-50k,R,2016H1-R,2016-06-30,20260911,2017Q1,3,20000,629,0.70554,0.411079,0.301028,0.03002468,0.03145,0.022967,1.369386
gbm-50k,R,2016H1-R,2016-06-30,20260911,2017Q2,4,20000,681,0.711956,0.423912,0.306212,0.03238179,0.03405,0.022736,1.497599
gbm-50k,R,2016H1-R,2016-06-30,20260911,2017Q3,5,20000,584,0.719776,0.439552,0.312748,0.02770574,0.0292,0.023492,1.242965
gbm-50k,R,2016H1-R,2016-06-30,20260911,2017Q4,6,20000,623,0.714293,0.428586,0.326582,0.02964522,0.03115,0.022073,1.411241
gbm-50k,R,2016H1-R,2016-06-30,20260911,2018Q1,7,20000,638,0.682361,0.364722,0.26734,0.03058661,0.0319,0.020753,1.537099
gbm-50k,R,2016H1-R,2016-06-30,20260912,2016Q3,1,20000,650,0.678946,0.357891,0.252729,0.03103585,0.0325,0.026052,1.247509
gbm-50k,R,2016H1-R,2016-06-30,20260912,2016Q4,2,20000,626,0.697815,0.395631,0.308435,0.02992205,0.0313,0.02515,1.244515
gbm-50k,R,2016H1-R,2016-06-30,20260912,2017Q1,3,20000,629,0.705278,0.410557,0.305969,0.03001372,0.03145,0.02414,1.302829
gbm-50k,R,2016H1-R,2016-06-30,20260912,2017Q2,4,20000,681,0.700996,0.401992,0.300139,0.03233358,0.03405,0.024054,1.415577
gbm-50k,R,2016H1-R,2016-06-30,20260912,2017Q3,5,20000,584,0.706396,0.412792,0.309975,0.02777634,0.0292,0.024873,1.173981
gbm-50k,R,2016H1-R,2016-06-30,20260912,2017Q4,6,20000,623,0.711658,0.423316,0.310274,0.02965686,0.03115,0.023266,1.338846
gbm-50k,R,2016H1-R,2016-06-30,20260912,2018Q1,7,20000,638,0.679467,0.358934,0.269415,0.03056945,0.0319,0.021977,1.451513
gbm-50k,R,2016H1-R,2016-06-30,20260913,2016Q3,1,20000,650,0.691466,0.382932,0.281073,0.03093787,0.0325,0.025731,1.263091
gbm-50k,R,2016H1-R,2016-06-30,20260913,2016Q4,2,20000,626,0.699251,0.398501,0.304172,0.0298781,0.0313,0.025157,1.244166
gbm-50k,R,2016H1-R,2016-06-30,20260913,2017Q1,3,20000,629,0.711394,0.422788,0.323541,0.02993252,0.03145,0.02423,1.297958
gbm-50k,R,2016H1-R,2016-06-30,20260913,2017Q2,4,20000,681,0.70966,0.419319,0.316725,0.03230299,0.03405,0.023967,1.420699
gbm-50k,R,2016H1-R,2016-06-30,20260913,2017Q3,5,20000,584,0.719301,0.438602,0.318527,0.02769969,0.0292,0.024831,1.175969
gbm-50k,R,2016H1-R,2016-06-30,20260913,2017Q4,6,20000,623,0.722658,0.445317,0.330297,0.02962703,0.03115,0.023101,1.348425
gbm-50k,R,2016H1-R,2016-06-30,20260913,2018Q1,7,20000,638,0.693976,0.387952,0.293032,0.0305046,0.0319,0.021714,1.469107
gbm,R,2016H2-R,2016-12-31,,2017Q1,1,20000,629,0.716552,0.433104,0.330356,0.02986331,0.03145,0.02587,1.215693
gbm,R,2016H2-R,2016-12-31,,2017Q2,2,20000,681,0.722545,0.445091,0.323786,0.03208996,0.03405,0.025496,1.335526
gbm,R,2016H2-R,2016-12-31,,2017Q3,3,20000,584,0.729054,0.458108,0.336779,0.02760718,0.0292,0.026606,1.097485
gbm,R,2016H2-R,2016-12-31,,2017Q4,4,20000,623,0.730083,0.460165,0.332411,0.02945174,0.03115,0.024459,1.273555
gbm,R,2016H2-R,2016-12-31,,2018Q1,5,20000,638,0.697789,0.395578,0.286043,0.03039926,0.0319,0.022909,1.392491
gbm-50k,R,2016H2-R,2016-12-31,20260911,2017Q1,1,20000,629,0.706445,0.41289,0.311857,0.02994375,0.03145,0.026801,1.173449
gbm-50k,R,2016H2-R,2016-12-31,20260911,2017Q2,2,20000,681,0.708576,0.417153,0.304707,0.03224066,0.03405,0.026389,1.29032
gbm-50k,R,2016H2-R,2016-12-31,20260911,2017Q3,3,20000,584,0.718868,0.437736,0.328155,0.02772856,0.0292,0.02731,1.069216
gbm-50k,R,2016H2-R,2016-12-31,20260911,2017Q4,4,20000,623,0.721244,0.442489,0.330495,0.02952257,0.03115,0.025485,1.222278
gbm-50k,R,2016H2-R,2016-12-31,20260911,2018Q1,5,20000,638,0.686083,0.372165,0.276261,0.03045833,0.0319,0.023977,1.330433
gbm-50k,R,2016H2-R,2016-12-31,20260912,2017Q1,1,20000,629,0.709458,0.418915,0.306611,0.02992792,0.03145,0.025915,1.213584
gbm-50k,R,2016H2-R,2016-12-31,20260912,2017Q2,2,20000,681,0.709189,0.418378,0.313924,0.03228321,0.03405,0.025603,1.329922
gbm-50k,R,2016H2-R,2016-12-31,20260912,2017Q3,3,20000,584,0.712595,0.42519,0.310425,0.02775417,0.0292,0.026437,1.104532
gbm-50k,R,2016H2-R,2016-12-31,20260912,2017Q4,4,20000,623,0.717745,0.435489,0.325136,0.02961063,0.03115,0.024671,1.262591
gbm-50k,R,2016H2-R,2016-12-31,20260912,2018Q1,5,20000,638,0.682516,0.365031,0.272379,0.03051361,0.0319,0.023303,1.36893
gbm-50k,R,2016H2-R,2016-12-31,20260913,2017Q1,1,20000,629,0.707218,0.414436,0.311451,0.0299775,0.03145,0.025325,1.241833
gbm-50k,R,2016H2-R,2016-12-31,20260913,2017Q2,2,20000,681,0.710316,0.420632,0.312908,0.032229,0.03405,0.025178,1.352365
gbm-50k,R,2016H2-R,2016-12-31,20260913,2017Q3,3,20000,584,0.716737,0.433473,0.320977,0.02767293,0.0292,0.026469,1.103181
gbm-50k,R,2016H2-R,2016-12-31,20260913,2017Q4,4,20000,623,0.716853,0.433705,0.329012,0.02960251,0.03115,0.023966,1.299735
gbm-50k,R,2016H2-R,2016-12-31,20260913,2018Q1,5,20000,638,0.685607,0.371214,0.273619,0.03052651,0.0319,0.022335,1.428238
gbm,R,2017H1-R,2017-06-30,,2017Q3,1,20000,584,0.732715,0.465429,0.343273,0.02763324,0.0292,0.030224,0.96612
gbm,R,2017H1-R,2017-06-30,,2017Q4,2,20000,623,0.735133,0.470265,0.341601,0.02928171,0.03115,0.027694,1.124776
gbm,R,2017H1-R,2017-06-30,,2018Q1,3,20000,638,0.701852,0.403704,0.286385,0.03030588,0.0319,0.025967,1.228501
gbm-50k,R,2017H1-R,2017-06-30,20260911,2017Q3,1,20000,584,0.718597,0.437194,0.313341,0.02765108,0.0292,0.03106,0.940104
gbm-50k,R,2017H1-R,2017-06-30,20260911,2017Q4,2,20000,623,0.721237,0.442474,0.320323,0.02937126,0.03115,0.028148,1.106643
gbm-50k,R,2017H1-R,2017-06-30,20260911,2018Q1,3,20000,638,0.688084,0.376167,0.267156,0.0303989,0.0319,0.026353,1.210506
gbm-50k,R,2017H1-R,2017-06-30,20260912,2017Q3,1,20000,584,0.7203,0.4406,0.324163,0.02769688,0.0292,0.02923,0.998986
gbm-50k,R,2017H1-R,2017-06-30,20260912,2017Q4,2,20000,623,0.728708,0.457417,0.339403,0.02943549,0.03115,0.027445,1.134994
gbm-50k,R,2017H1-R,2017-06-30,20260912,2018Q1,3,20000,638,0.69221,0.384419,0.280149,0.03038033,0.0319,0.025785,1.237148
gbm-50k,R,2017H1-R,2017-06-30,20260913,2017Q3,1,20000,584,0.715557,0.431113,0.318456,0.02777947,0.0292,0.029765,0.981012
gbm-50k,R,2017H1-R,2017-06-30,20260913,2017Q4,2,20000,623,0.721667,0.443334,0.324441,0.02951682,0.03115,0.027339,1.139415
gbm-50k,R,2017H1-R,2017-06-30,20260913,2018Q1,3,20000,638,0.692721,0.385442,0.284918,0.0303121,0.0319,0.025827,1.235119
