build_id,arm,model,context_seed,cohort,age_quarters,rows,defaults,metric,value,ci_lo,ci_hi
2017H1-E,E,scorecard,,2017Q3,1,20000,584,auc,0.7165173405918577,0.6959474588924538,0.7370872222912616
2017H1-E,E,scorecard,,2017Q3,1,20000,584,gini,0.43303468118371535,0.3918949177849076,0.4741744445825231
2017H1-E,E,scorecard,,2017Q3,1,20000,584,ks,0.306321294116983,,
2017H1-E,E,scorecard,,2017Q3,1,20000,584,brier,0.02774600831049916,,
2017H1-E,E,scorecard,,2017Q3,1,20000,584,brier_miscalibration,0.00018439011448226003,,
2017H1-E,E,scorecard,,2017Q3,1,20000,584,brier_discrimination,0.0007857418039830984,,
2017H1-E,E,scorecard,,2017Q3,1,20000,584,brier_uncertainty,0.02834736,,
2017H1-E,E,scorecard,,2017Q3,1,20000,584,observed_over_expected,1.1626804709881036,1.0715072778182295,1.2593556846294045
2017H1-E,E,scorecard,,2017Q3,1,20000,584,log_oe,0.15072809029102743,0.06906632808596364,0.23060022876831957
2017H1-E,E,scorecard,,2017Q3,1,20000,584,cox_intercept,0.5484054843840582,0.1405739708648559,0.9562369979032606
2017H1-E,E,scorecard,,2017Q3,1,20000,584,cox_slope,1.115474131048626,0.9966249329775896,1.2343233291196625
2017H1-E,E,scorecard,,2017Q3,1,20000,584,psi,0.02243593781875084,,
2017H1-E,E,scorecard,,2017Q3,1,20000,584,psi_critical,0.0008612086342605087,,
2017H1-E,E,scorecard,,2017Q4,2,20000,623,auc,0.7188913798035118,0.7000080139616404,0.7377747456453833
2017H1-E,E,scorecard,,2017Q4,2,20000,623,gini,0.4377827596070236,0.4000160279232807,0.4755494912907665
2017H1-E,E,scorecard,,2017Q4,2,20000,623,ks,0.3386104771994333,,
2017H1-E,E,scorecard,,2017Q4,2,20000,623,brier,0.029641505894399713,,
2017H1-E,E,scorecard,,2017Q4,2,20000,623,brier_miscalibration,0.00019902704717960837,,
2017H1-E,E,scorecard,,2017Q4,2,20000,623,brier_discrimination,0.0007371986527798975,,
2017H1-E,E,scorecard,,2017Q4,2,20000,623,brier_uncertainty,0.0301796775,,
2017H1-E,E,scorecard,,2017Q4,2,20000,623,observed_over_expected,1.3075515775795425,1.2083086731972126,1.412568224858304
2017H1-E,E,scorecard,,2017Q4,2,20000,623,log_oe,0.2681563636584832,0.18922159104176067,0.34540948365665364
2017H1-E,E,scorecard,,2017Q4,2,20000,623,cox_intercept,0.6213804029516952,0.20978143542770633,1.032979370475684
2017H1-E,E,scorecard,,2017Q4,2,20000,623,cox_slope,1.098939119667162,0.9811761738350327,1.2167020654992915
2017H1-E,E,scorecard,,2017Q4,2,20000,623,psi,0.024394040959627317,,
2017H1-E,E,scorecard,,2017Q4,2,20000,623,psi_critical,0.0008612086342605087,,
2017H1-E,E,scorecard,,2018Q1,3,20000,638,auc,0.6832300706001058,0.6635621296334375,0.702898011566774
2017H1-E,E,scorecard,,2018Q1,3,20000,638,gini,0.36646014120021153,0.32712425926687505,0.405796023133548
2017H1-E,E,scorecard,,2018Q1,3,20000,638,ks,0.26979663814879606,,
2017H1-E,E,scorecard,,2018Q1,3,20000,638,brier,0.03054846171353429,,
2017H1-E,E,scorecard,,2018Q1,3,20000,638,brier_miscalibration,0.0002100560258486775,,
2017H1-E,E,scorecard,,2018Q1,3,20000,638,brier_discrimination,0.0005439843123143835,,
2017H1-E,E,scorecard,,2018Q1,3,20000,638,brier_uncertainty,0.030882389999999996,,
2017H1-E,E,scorecard,,2018Q1,3,20000,638,observed_over_expected,1.4201474739484912,1.313647182180377,1.5327605264060942
2017H1-E,E,scorecard,,2018Q1,3,20000,638,log_oe,0.3507607211139269,0.2728073772959957,0.4270703752972275
2017H1-E,E,scorecard,,2018Q1,3,20000,638,cox_intercept,-0.0425801654942641,-0.4476041355622138,0.36244380457368564
2017H1-E,E,scorecard,,2018Q1,3,20000,638,cox_slope,0.8848509251139646,0.7738444375578121,0.9958574126701171
2017H1-E,E,scorecard,,2018Q1,3,20000,638,psi,0.052908477772253805,,
2017H1-E,E,scorecard,,2018Q1,3,20000,638,psi_critical,0.0008612086342605087,,
2017H1-E,E,gbm,,2017Q3,1,20000,584,auc,0.7326633767659493,0.7128472914601938,0.7524794620717048
2017H1-E,E,gbm,,2017Q3,1,20000,584,gini,0.46532675353189856,0.42569458292038753,0.5049589241434096
2017H1-E,E,gbm,,2017Q3,1,20000,584,ks,0.3483999920980296,,
2017H1-E,E,gbm,,2017Q3,1,20000,584,brier,0.027633048149832758,,
2017H1-E,E,gbm,,2017Q3,1,20000,584,brier_miscalibration,0.0001250412732365265,,
2017H1-E,E,gbm,,2017Q3,1,20000,584,brier_discrimination,0.0008393531234037674,,
2017H1-E,E,gbm,,2017Q3,1,20000,584,brier_uncertainty,0.02834736,,
2017H1-E,E,gbm,,2017Q3,1,20000,584,observed_over_expected,1.075144356460545,0.9908354284764264,1.1645410677235535
2017H1-E,E,gbm,,2017Q3,1,20000,584,log_oe,0.0724549376437686,-0.009206824561295133,0.15232707612106078
2017H1-E,E,gbm,,2017Q3,1,20000,584,cox_intercept,0.15669692310382033,-0.1821468975081869,0.49554074371582757
2017H1-E,E,gbm,,2017Q3,1,20000,584,cox_slope,1.0246626620073167,0.9234353731848913,1.125889950829742
2017H1-E,E,gbm,,2017Q3,1,20000,584,psi,0.00788829659016333,,
2017H1-E,E,gbm,,2017Q3,1,20000,584,psi_critical,0.0008612086342605087,,
2017H1-E,E,gbm,,2017Q4,2,20000,623,auc,0.7378081657764567,0.7196369323588482,0.7559793991940652
2017H1-E,E,gbm,,2017Q4,2,20000,623,gini,0.4756163315529134,0.43927386471769636,0.5119587983881304
2017H1-E,E,gbm,,2017Q4,2,20000,623,ks,0.34504551945593187,,
2017H1-E,E,gbm,,2017Q4,2,20000,623,brier,0.029344314641415497,,
2017H1-E,E,gbm,,2017Q4,2,20000,623,brier_miscalibration,0.0002680847936582034,,
2017H1-E,E,gbm,,2017Q4,2,20000,623,brier_discrimination,0.0011034476522427082,,
2017H1-E,E,gbm,,2017Q4,2,20000,623,brier_uncertainty,0.0301796775,,
2017H1-E,E,gbm,,2017Q4,2,20000,623,observed_over_expected,1.2266188547977401,1.1335187279594552,1.3251353506886538
2017H1-E,E,gbm,,2017Q4,2,20000,623,log_oe,0.20426148568604457,0.12532671306932222,0.2815146056842151
2017H1-E,E,gbm,,2017Q4,2,20000,623,cox_intercept,0.611006772768579,0.2517615436661297,0.9702520018710282
2017H1-E,E,gbm,,2017Q4,2,20000,623,cox_slope,1.1191789487747863,1.0129152889321669,1.2254426086174057
2017H1-E,E,gbm,,2017Q4,2,20000,623,psi,0.005722739274663698,,
2017H1-E,E,gbm,,2017Q4,2,20000,623,psi_critical,0.0008612086342605087,,
2017H1-E,E,gbm,,2018Q1,3,20000,638,auc,0.7125360925757366,0.6932538171053524,0.7318183680461208
2017H1-E,E,gbm,,2018Q1,3,20000,638,gini,0.42507218515147316,0.3865076342107048,0.46363673609224154
2017H1-E,E,gbm,,2018Q1,3,20000,638,ks,0.3075420976161496,,
2017H1-E,E,gbm,,2018Q1,3,20000,638,brier,0.030283175669051893,,
2017H1-E,E,gbm,,2018Q1,3,20000,638,brier_miscalibration,0.00018272604065832504,,
2017H1-E,E,gbm,,2018Q1,3,20000,638,brier_discrimination,0.000781940371606428,,
2017H1-E,E,gbm,,2018Q1,3,20000,638,brier_uncertainty,0.030882389999999996,,
2017H1-E,E,gbm,,2018Q1,3,20000,638,observed_over_expected,1.3295238544949055,1.2298196469996838,1.434950750163418
2017H1-E,E,gbm,,2018Q1,3,20000,638,log_oe,0.2848208739957129,0.2068675301777816,0.36113052817901337
2017H1-E,E,gbm,,2018Q1,3,20000,638,cox_intercept,0.1644583178555865,-0.1963672056021683,0.5252838413133414
2017H1-E,E,gbm,,2018Q1,3,20000,638,cox_slope,0.9605518642748868,0.8579473197386004,1.0631564088111733
2017H1-E,E,gbm,,2018Q1,3,20000,638,psi,0.02106159831185906,,
2017H1-E,E,gbm,,2018Q1,3,20000,638,psi_critical,0.0008612086342605087,,
2017H1-E,E,gbm-50k,20260911,2017Q3,1,20000,584,auc,0.7139539625559488,0.6930821110348221,0.7348258140770755
2017H1-E,E,gbm-50k,20260911,2017Q3,1,20000,584,gini,0.42790792511189757,0.3861642220696442,0.46965162815415096
2017H1-E,E,gbm-50k,20260911,2017Q3,1,20000,584,ks,0.3079242652578582,,
2017H1-E,E,gbm-50k,20260911,2017Q3,1,20000,584,brier,0.027724876303724933,,
2017H1-E,E,gbm-50k,20260911,2017Q3,1,20000,584,brier_miscalibration,0.000254516298282062,,
2017H1-E,E,gbm-50k,20260911,2017Q3,1,20000,584,brier_discrimination,0.0008769999945571275,,
2017H1-E,E,gbm-50k,20260911,2017Q3,1,20000,584,brier_uncertainty,0.02834736,,
2017H1-E,E,gbm-50k,20260911,2017Q3,1,20000,584,observed_over_expected,1.1255822208292632,1.037318138126448,1.2191727681763276
2017H1-E,E,gbm-50k,20260911,2017Q3,1,20000,584,log_oe,0.11830043141012486,0.0366386692050612,0.19817256988741716
2017H1-E,E,gbm-50k,20260911,2017Q3,1,20000,584,cox_intercept,0.9614911713765285,0.5262753494176164,1.3967069933354406
2017H1-E,E,gbm-50k,20260911,2017Q3,1,20000,584,cox_slope,1.2476440933159045,1.119694337559272,1.375593849072537
2017H1-E,E,gbm-50k,20260911,2017Q3,1,20000,584,psi,0.006463075151532765,,
2017H1-E,E,gbm-50k,20260911,2017Q3,1,20000,584,psi_critical,0.0011843284323234315,,
2017H1-E,E,gbm-50k,20260911,2017Q4,2,20000,623,auc,0.7180818946789608,0.6987834696611506,0.737380319696771
2017H1-E,E,gbm-50k,20260911,2017Q4,2,20000,623,gini,0.43616378935792155,0.39756693932230114,0.47476063939354196
2017H1-E,E,gbm-50k,20260911,2017Q4,2,20000,623,ks,0.3237966177736657,,
2017H1-E,E,gbm-50k,20260911,2017Q4,2,20000,623,brier,0.02966834179214138,,
2017H1-E,E,gbm-50k,20260911,2017Q4,2,20000,623,brier_miscalibration,0.00023847988162151862,,
2017H1-E,E,gbm-50k,20260911,2017Q4,2,20000,623,brier_discrimination,0.0007498155894801392,,
2017H1-E,E,gbm-50k,20260911,2017Q4,2,20000,623,brier_uncertainty,0.0301796775,,
2017H1-E,E,gbm-50k,20260911,2017Q4,2,20000,623,observed_over_expected,1.3000069069171614,1.2013366415358326,1.4044176002654074
2017H1-E,E,gbm-50k,20260911,2017Q4,2,20000,623,log_oe,0.2623695774665781,0.1834348048498555,0.3396226974647484
2017H1-E,E,gbm-50k,20260911,2017Q4,2,20000,623,cox_intercept,1.2135708199180923,0.7525734300933044,1.6745682097428802
2017H1-E,E,gbm-50k,20260911,2017Q4,2,20000,623,cox_slope,1.2699539019926143,1.1379760540957928,1.4019317498894357
2017H1-E,E,gbm-50k,20260911,2017Q4,2,20000,623,psi,0.021304304553813044,,
2017H1-E,E,gbm-50k,20260911,2017Q4,2,20000,623,psi_critical,0.0011843284323234315,,
2017H1-E,E,gbm-50k,20260911,2018Q1,3,20000,638,auc,0.6886478021940659,0.6688493869708346,0.7084462174172971
2017H1-E,E,gbm-50k,20260911,2018Q1,3,20000,638,gini,0.3772956043881317,0.33769877394166925,0.41689243483459415
2017H1-E,E,gbm-50k,20260911,2018Q1,3,20000,638,ks,0.2764029921259333,,
2017H1-E,E,gbm-50k,20260911,2018Q1,3,20000,638,brier,0.030537082527116365,,
2017H1-E,E,gbm-50k,20260911,2018Q1,3,20000,638,brier_miscalibration,0.0002673647167628114,,
2017H1-E,E,gbm-50k,20260911,2018Q1,3,20000,638,brier_discrimination,0.0006126721896464425,,
2017H1-E,E,gbm-50k,20260911,2018Q1,3,20000,638,brier_uncertainty,0.030882389999999996,,
2017H1-E,E,gbm-50k,20260911,2018Q1,3,20000,638,observed_over_expected,1.395693564397351,1.2910271304150245,1.5063675017633222
2017H1-E,E,gbm-50k,20260911,2018Q1,3,20000,638,log_oe,0.33339147050037266,0.25543812668244126,0.4097011246836732
2017H1-E,E,gbm-50k,20260911,2018Q1,3,20000,638,cox_intercept,0.7180476580911614,0.24374777597942165,1.1923475402029013
2017H1-E,E,gbm-50k,20260911,2018Q1,3,20000,638,cox_slope,1.1041527510289355,0.9723937218141202,1.2359117802437507
2017H1-E,E,gbm-50k,20260911,2018Q1,3,20000,638,psi,0.047936942132910415,,
2017H1-E,E,gbm-50k,20260911,2018Q1,3,20000,638,psi_critical,0.0011843284323234315,,
2017H1-E,E,gbm-50k,20260912,2017Q3,1,20000,584,auc,0.7029959756393541,0.6816588236764536,0.7243331276022547
2017H1-E,E,gbm-50k,20260912,2017Q3,1,20000,584,gini,0.40599195127870824,0.36331764735290717,0.4486662552045093
2017H1-E,E,gbm-50k,20260912,2017Q3,1,20000,584,ks,0.29182682267413973,,
2017H1-E,E,gbm-50k,20260912,2017Q3,1,20000,584,brier,0.027831488237316834,,
2017H1-E,E,gbm-50k,20260912,2017Q3,1,20000,584,brier_miscalibration,0.0001317629090731541,,
2017H1-E,E,gbm-50k,20260912,2017Q3,1,20000,584,brier_discrimination,0.0006476346717563183,,
2017H1-E,E,gbm-50k,20260912,2017Q3,1,20000,584,brier_uncertainty,0.02834736,,
2017H1-E,E,gbm-50k,20260912,2017Q3,1,20000,584,observed_over_expected,1.1352710818031413,1.0462472337002788,1.2296672440443772
2017H1-E,E,gbm-50k,20260912,2017Q3,1,20000,584,log_oe,0.12687146100904587,0.0452096988039822,0.20674359948633808
2017H1-E,E,gbm-50k,20260912,2017Q3,1,20000,584,cox_intercept,0.5132274753487465,0.07503386934071715,0.9514210813567758
2017H1-E,E,gbm-50k,20260912,2017Q3,1,20000,584,cox_slope,1.1120707897997244,0.9846751805136631,1.2394663990857857
2017H1-E,E,gbm-50k,20260912,2017Q3,1,20000,584,psi,0.004471882774980323,,
2017H1-E,E,gbm-50k,20260912,2017Q3,1,20000,584,psi_critical,0.0011843284323234315,,
2017H1-E,E,gbm-50k,20260912,2017Q4,2,20000,623,auc,0.7125576474433831,0.692969303946532,0.7321459909402342
2017H1-E,E,gbm-50k,20260912,2017Q4,2,20000,623,gini,0.42511529488676625,0.385938607893064,0.4642919818804685
2017H1-E,E,gbm-50k,20260912,2017Q4,2,20000,623,ks,0.315011318460908,,
2017H1-E,E,gbm-50k,20260912,2017Q4,2,20000,623,brier,0.029638837239320467,,
2017H1-E,E,gbm-50k,20260912,2017Q4,2,20000,623,brier_miscalibration,0.0002499882994326623,,
2017H1-E,E,gbm-50k,20260912,2017Q4,2,20000,623,brier_discrimination,0.0007908285601121966,,
2017H1-E,E,gbm-50k,20260912,2017Q4,2,20000,623,brier_uncertainty,0.0301796775,,
2017H1-E,E,gbm-50k,20260912,2017Q4,2,20000,623,observed_over_expected,1.2799993375508871,1.1828476427006083,1.382803113136904
2017H1-E,E,gbm-50k,20260912,2017Q4,2,20000,623,log_oe,0.24685956039302245,0.1679247877762999,0.3241126803911928
2017H1-E,E,gbm-50k,20260912,2017Q4,2,20000,623,cox_intercept,0.8641665795352178,0.4242198834624538,1.3041132756079818
2017H1-E,E,gbm-50k,20260912,2017Q4,2,20000,623,cox_slope,1.1758133520936358,1.0493048153134779,1.3023218888737937
2017H1-E,E,gbm-50k,20260912,2017Q4,2,20000,623,psi,0.010588358606782117,,
2017H1-E,E,gbm-50k,20260912,2017Q4,2,20000,623,psi_critical,0.0011843284323234315,,
2017H1-E,E,gbm-50k,20260912,2018Q1,3,20000,638,auc,0.6919254792132344,0.6716053281540341,0.7122456302724348
2017H1-E,E,gbm-50k,20260912,2018Q1,3,20000,638,gini,0.3838509584264689,0.34321065630806813,0.42449126054486963
2017H1-E,E,gbm-50k,20260912,2018Q1,3,20000,638,ks,0.2732006816829915,,
2017H1-E,E,gbm-50k,20260912,2018Q1,3,20000,638,brier,0.03046224922786498,,
2017H1-E,E,gbm-50k,20260912,2018Q1,3,20000,638,brier_miscalibration,0.0002270481706291641,,
2017H1-E,E,gbm-50k,20260912,2018Q1,3,20000,638,brier_discrimination,0.0006471889427641792,,
2017H1-E,E,gbm-50k,20260912,2018Q1,3,20000,638,brier_uncertainty,0.030882389999999996,,
2017H1-E,E,gbm-50k,20260912,2018Q1,3,20000,638,observed_over_expected,1.3777618987424745,1.2744402037109719,1.4870139136376546
2017H1-E,E,gbm-50k,20260912,2018Q1,3,20000,638,log_oe,0.3204603701020887,0.24250702628415732,0.39677002428538927
2017H1-E,E,gbm-50k,20260912,2018Q1,3,20000,638,cox_intercept,0.44166964488028854,0.007719748946499627,0.8756195408140774
2017H1-E,E,gbm-50k,20260912,2018Q1,3,20000,638,cox_slope,1.0305054018963444,0.9093482974658843,1.1516625063268047
2017H1-E,E,gbm-50k,20260912,2018Q1,3,20000,638,psi,0.026415422440605893,,
2017H1-E,E,gbm-50k,20260912,2018Q1,3,20000,638,psi_critical,0.0011843284323234315,,
2017H1-E,E,gbm-50k,20260913,2017Q3,1,20000,584,auc,0.7036771678209187,0.6825864056049686,0.7247679300368688
2017H1-E,E,gbm-50k,20260913,2017Q3,1,20000,584,gini,0.40735433564183743,0.3651728112099373,0.4495358600737376
2017H1-E,E,gbm-50k,20260913,2017Q3,1,20000,584,ks,0.28394460718740644,,
2017H1-E,E,gbm-50k,20260913,2017Q3,1,20000,584,brier,0.02775536294481048,,
2017H1-E,E,gbm-50k,20260913,2017Q3,1,20000,584,brier_miscalibration,0.00016472983565981106,,
2017H1-E,E,gbm-50k,20260913,2017Q3,1,20000,584,brier_discrimination,0.000756726890849331,,
2017H1-E,E,gbm-50k,20260913,2017Q3,1,20000,584,brier_uncertainty,0.02834736,,
2017H1-E,E,gbm-50k,20260913,2017Q3,1,20000,584,observed_over_expected,1.1272525002174307,1.03885744025207,1.2209819289000992
2017H1-E,E,gbm-50k,20260913,2017Q3,1,20000,584,log_oe,0.11978325629613171,0.03812149409106798,0.19965539477342387
2017H1-E,E,gbm-50k,20260913,2017Q3,1,20000,584,cox_intercept,0.100156871483769,-0.27774315356467133,0.47805689653220934
2017H1-E,E,gbm-50k,20260913,2017Q3,1,20000,584,cox_slope,0.9924040754991552,0.8825828094246532,1.1022253415736574
2017H1-E,E,gbm-50k,20260913,2017Q3,1,20000,584,psi,0.00502452108346353,,
2017H1-E,E,gbm-50k,20260913,2017Q3,1,20000,584,psi_critical,0.0011843284323234315,,
2017H1-E,E,gbm-50k,20260913,2017Q4,2,20000,623,auc,0.7189342894734377,0.7000768736758535,0.737791705271022
2017H1-E,E,gbm-50k,20260913,2017Q4,2,20000,623,gini,0.4378685789468755,0.40015374735170695,0.475583410542044
2017H1-E,E,gbm-50k,20260913,2017Q4,2,20000,623,ks,0.3273720370272346,,
2017H1-E,E,gbm-50k,20260913,2017Q4,2,20000,623,brier,0.029586184115624883,,
2017H1-E,E,gbm-50k,20260913,2017Q4,2,20000,623,brier_miscalibration,0.00021070307992272427,,
2017H1-E,E,gbm-50k,20260913,2017Q4,2,20000,623,brier_discrimination,0.0008041964642978433,,
2017H1-E,E,gbm-50k,20260913,2017Q4,2,20000,623,brier_uncertainty,0.0301796775,,
2017H1-E,E,gbm-50k,20260913,2017Q4,2,20000,623,observed_over_expected,1.2858266451114169,1.1882326587776109,1.3890984437667815
2017H1-E,E,gbm-50k,20260913,2017Q4,2,20000,623,log_oe,0.2514018151047795,0.17246704248805703,0.3286549351029499
2017H1-E,E,gbm-50k,20260913,2017Q4,2,20000,623,cox_intercept,0.4823185414635287,0.09511270923602544,0.869524373691032
2017H1-E,E,gbm-50k,20260913,2017Q4,2,20000,623,cox_slope,1.0640171053130874,0.9528265342706096,1.1752076763555652
2017H1-E,E,gbm-50k,20260913,2017Q4,2,20000,623,psi,0.01706585709758346,,
2017H1-E,E,gbm-50k,20260913,2017Q4,2,20000,623,psi_critical,0.0011843284323234315,,
2017H1-E,E,gbm-50k,20260913,2018Q1,3,20000,638,auc,0.6918204841011333,0.6714876215538267,0.7121533466484399
2017H1-E,E,gbm-50k,20260913,2018Q1,3,20000,638,gini,0.38364096820226656,0.34297524310765337,0.42430669329687976
2017H1-E,E,gbm-50k,20260913,2018Q1,3,20000,638,ks,0.28099492947275134,,
2017H1-E,E,gbm-50k,20260913,2018Q1,3,20000,638,brier,0.030420990438393348,,
2017H1-E,E,gbm-50k,20260913,2018Q1,3,20000,638,brier_miscalibration,0.00019985160494252405,,
2017H1-E,E,gbm-50k,20260913,2018Q1,3,20000,638,brier_discrimination,0.0006612511665491719,,
2017H1-E,E,gbm-50k,20260913,2018Q1,3,20000,638,brier_uncertainty,0.030882389999999996,,
2017H1-E,E,gbm-50k,20260913,2018Q1,3,20000,638,observed_over_expected,1.3839056900317954,1.2801232572410968,1.4936448874931842
2017H1-E,E,gbm-50k,20260913,2018Q1,3,20000,638,log_oe,0.3249097118330251,0.24695636801509374,0.40121936601632574
2017H1-E,E,gbm-50k,20260913,2018Q1,3,20000,638,cox_intercept,0.06092050819905924,-0.32709498747320337,0.4489360038713219
2017H1-E,E,gbm-50k,20260913,2018Q1,3,20000,638,cox_slope,0.9203829098260247,0.812653897849481,1.0281119218025683
2017H1-E,E,gbm-50k,20260913,2018Q1,3,20000,638,psi,0.03474913112106817,,
2017H1-E,E,gbm-50k,20260913,2018Q1,3,20000,638,psi_critical,0.0011843284323234315,,
2017H1-E,E,tabicl,20260911,2017Q3,1,20000,584,auc,0.7237206127836948,0.7033426475605155,0.7440985780068742
2017H1-E,E,tabicl,20260911,2017Q3,1,20000,584,gini,0.44744122556738963,0.4066852951210309,0.48819715601374836
2017H1-E,E,tabicl,20260911,2017Q3,1,20000,584,ks,0.321787284600753,,
2017H1-E,E,tabicl,20260911,2017Q3,1,20000,584,brier,0.027727317890617997,,
2017H1-E,E,tabicl,20260911,2017Q3,1,20000,584,brier_miscalibration,0.0002714473254068206,,
2017H1-E,E,tabicl,20260911,2017Q3,1,20000,584,brier_discrimination,0.0008914894347888218,,
2017H1-E,E,tabicl,20260911,2017Q3,1,20000,584,brier_uncertainty,0.02834736,,
2017H1-E,E,tabicl,20260911,2017Q3,1,20000,584,observed_over_expected,1.4402759873060678,1.327334758752543,1.5600328700005175
2017H1-E,E,tabicl,20260911,2017Q3,1,20000,584,log_oe,0.36483475307532554,0.28317299087026176,0.4447068915526178
2017H1-E,E,tabicl,20260911,2017Q3,1,20000,584,cox_intercept,0.02857939395697913,-0.3100019281408175,0.36716071605477574
2017H1-E,E,tabicl,20260911,2017Q3,1,20000,584,cox_slope,0.8992052081234313,0.8072269987142435,0.9911834175326191
2017H1-E,E,tabicl,20260911,2017Q3,1,20000,584,psi,0.011429252433754965,,
2017H1-E,E,tabicl,20260911,2017Q3,1,20000,584,psi_critical,0.0011843284323234315,,
2017H1-E,E,tabicl,20260911,2017Q4,2,20000,623,auc,0.7286426437128097,0.7098968356309479,0.7473884517946716
2017H1-E,E,tabicl,20260911,2017Q4,2,20000,623,gini,0.45728528742561947,0.4197936712618957,0.49477690358934323
2017H1-E,E,tabicl,20260911,2017Q4,2,20000,623,ks,0.3352927644770226,,
2017H1-E,E,tabicl,20260911,2017Q4,2,20000,623,brier,0.029675537848257407,,
2017H1-E,E,tabicl,20260911,2017Q4,2,20000,623,brier_miscalibration,0.0003890229426782507,,
2017H1-E,E,tabicl,20260911,2017Q4,2,20000,623,brier_discrimination,0.0008931625944208453,,
2017H1-E,E,tabicl,20260911,2017Q4,2,20000,623,brier_uncertainty,0.0301796775,,
2017H1-E,E,tabicl,20260911,2017Q4,2,20000,623,observed_over_expected,1.7134583675570438,1.583407218638429,1.8510756180716865
2017H1-E,E,tabicl,20260911,2017Q4,2,20000,623,log_oe,0.5385137653096316,0.459578992692909,0.6157668853078019
2017H1-E,E,tabicl,20260911,2017Q4,2,20000,623,cox_intercept,0.35171793363014564,-0.01041800537650045,0.7138538726367918
2017H1-E,E,tabicl,20260911,2017Q4,2,20000,623,cox_slope,0.9418030939503306,0.8457424240088842,1.037863763891777
2017H1-E,E,tabicl,20260911,2017Q4,2,20000,623,psi,0.005595756859627595,,
2017H1-E,E,tabicl,20260911,2017Q4,2,20000,623,psi_critical,0.0011843284323234315,,
2017H1-E,E,tabicl,20260911,2018Q1,3,20000,638,auc,0.697501229665191,0.6780812214959788,0.7169212378344032
2017H1-E,E,tabicl,20260911,2018Q1,3,20000,638,gini,0.395002459330382,0.35616244299195765,0.4338424756688064
2017H1-E,E,tabicl,20260911,2018Q1,3,20000,638,ks,0.28962719530450853,,
2017H1-E,E,tabicl,20260911,2018Q1,3,20000,638,brier,0.030612653399842538,,
2017H1-E,E,tabicl,20260911,2018Q1,3,20000,638,brier_miscalibration,0.0004169167340590946,,
2017H1-E,E,tabicl,20260911,2018Q1,3,20000,638,brier_discrimination,0.0006866533342165526,,
2017H1-E,E,tabicl,20260911,2018Q1,3,20000,638,brier_uncertainty,0.030882389999999996,,
2017H1-E,E,tabicl,20260911,2018Q1,3,20000,638,observed_over_expected,1.893313605256465,1.7513294415922995,2.043447185225198
2017H1-E,E,tabicl,20260911,2018Q1,3,20000,638,log_oe,0.6383285242517549,0.5603751804338236,0.7146381784350555
2017H1-E,E,tabicl,20260911,2018Q1,3,20000,638,cox_intercept,-0.13556111843735064,-0.5000117298558434,0.22888949298114214
2017H1-E,E,tabicl,20260911,2018Q1,3,20000,638,cox_slope,0.7877895957555967,0.6954953037760879,0.8800838877351055
2017H1-E,E,tabicl,20260911,2018Q1,3,20000,638,psi,0.01664713386210751,,
2017H1-E,E,tabicl,20260911,2018Q1,3,20000,638,psi_critical,0.0011843284323234315,,
2017H1-E,E,tabicl,20260912,2017Q3,1,20000,584,auc,0.7224636615190974,0.7019550030421202,0.7429723199960745
2017H1-E,E,tabicl,20260912,2017Q3,1,20000,584,gini,0.4449273230381947,0.40391000608424044,0.485944639992149
2017H1-E,E,tabicl,20260912,2017Q3,1,20000,584,ks,0.32986140508322465,,
2017H1-E,E,tabicl,20260912,2017Q3,1,20000,584,brier,0.027810797321747644,,
2017H1-E,E,tabicl,20260912,2017Q3,1,20000,584,brier_miscalibration,0.0002760298269769666,,
2017H1-E,E,tabicl,20260912,2017Q3,1,20000,584,brier_discrimination,0.0008125925052293211,,
2017H1-E,E,tabicl,20260912,2017Q3,1,20000,584,brier_uncertainty,0.02834736,,
2017H1-E,E,tabicl,20260912,2017Q3,1,20000,584,observed_over_expected,1.4902222791922488,1.3733644432544205,1.6141321244238467
2017H1-E,E,tabicl,20260912,2017Q3,1,20000,584,log_oe,0.3989252894969776,0.31726352729191387,0.4787974279742698
2017H1-E,E,tabicl,20260912,2017Q3,1,20000,584,cox_intercept,0.31326485516074426,-0.07015323041376031,0.6966829407352488
2017H1-E,E,tabicl,20260912,2017Q3,1,20000,584,cox_slope,0.9710971213393255,0.8672469662999486,1.0749472763787025
2017H1-E,E,tabicl,20260912,2017Q3,1,20000,584,psi,0.019401453312696503,,
2017H1-E,E,tabicl,20260912,2017Q3,1,20000,584,psi_critical,0.0011843284323234315,,
2017H1-E,E,tabicl,20260912,2017Q4,2,20000,623,auc,0.730327552373613,0.7115668589424284,0.7490882458047976
2017H1-E,E,tabicl,20260912,2017Q4,2,20000,623,gini,0.46065510474722604,0.4231337178848569,0.4981764916095952
2017H1-E,E,tabicl,20260912,2017Q4,2,20000,623,ks,0.3453328817049155,,
2017H1-E,E,tabicl,20260912,2017Q4,2,20000,623,brier,0.029694396507971125,,
2017H1-E,E,tabicl,20260912,2017Q4,2,20000,623,brier_miscalibration,0.00043294177409131454,,
2017H1-E,E,tabicl,20260912,2017Q4,2,20000,623,brier_discrimination,0.0009182227661201914,,
2017H1-E,E,tabicl,20260912,2017Q4,2,20000,623,brier_uncertainty,0.0301796775,,
2017H1-E,E,tabicl,20260912,2017Q4,2,20000,623,observed_over_expected,1.686582024343269,1.5585707845230383,1.8220406881498838
2017H1-E,E,tabicl,20260912,2017Q4,2,20000,623,log_oe,0.5227040101763555,0.4437692375596329,0.5999571301745257
2017H1-E,E,tabicl,20260912,2017Q4,2,20000,623,cox_intercept,0.6203160985617604,0.22816271318903625,1.0124694839344845
2017H1-E,E,tabicl,20260912,2017Q4,2,20000,623,cox_slope,1.020348057418892,0.9151796375283099,1.125516477309474
2017H1-E,E,tabicl,20260912,2017Q4,2,20000,623,psi,0.009346653806509942,,
2017H1-E,E,tabicl,20260912,2017Q4,2,20000,623,psi_critical,0.0011843284323234315,,
2017H1-E,E,tabicl,20260912,2018Q1,3,20000,638,auc,0.7059879837668004,0.6864796913132307,0.72549627622037
2017H1-E,E,tabicl,20260912,2018Q1,3,20000,638,gini,0.4119759675336008,0.37295938262646144,0.4509925524407401
2017H1-E,E,tabicl,20260912,2018Q1,3,20000,638,ks,0.30642171800822415,,
2017H1-E,E,tabicl,20260912,2018Q1,3,20000,638,brier,0.030544471127647722,,
2017H1-E,E,tabicl,20260912,2018Q1,3,20000,638,brier_miscalibration,0.0005262751984152249,,
2017H1-E,E,tabicl,20260912,2018Q1,3,20000,638,brier_discrimination,0.0008641940707674982,,
2017H1-E,E,tabicl,20260912,2018Q1,3,20000,638,brier_uncertainty,0.030882389999999996,,
2017H1-E,E,tabicl,20260912,2018Q1,3,20000,638,observed_over_expected,1.8422605372052576,1.7041049665167172,1.9883457757615401
2017H1-E,E,tabicl,20260912,2018Q1,3,20000,638,log_oe,0.610993370396345,0.5330400265784137,0.6873030245796455
2017H1-E,E,tabicl,20260912,2018Q1,3,20000,638,cox_intercept,0.17804611165659667,-0.20501062913017332,0.5611028524433667
2017H1-E,E,tabicl,20260912,2018Q1,3,20000,638,cox_slope,0.8774742965460748,0.778570224327083,0.9763783687650666
2017H1-E,E,tabicl,20260912,2018Q1,3,20000,638,psi,0.006589510576741394,,
2017H1-E,E,tabicl,20260912,2018Q1,3,20000,638,psi_critical,0.0011843284323234315,,
2017H1-E,E,tabicl,20260913,2017Q3,1,20000,584,auc,0.7244087280085342,0.7041477773140927,0.7446696787029756
2017H1-E,E,tabicl,20260913,2017Q3,1,20000,584,gini,0.44881745601706835,0.40829555462818545,0.48933935740595125
2017H1-E,E,tabicl,20260913,2017Q3,1,20000,584,ks,0.32926381857075937,,
2017H1-E,E,tabicl,20260913,2017Q3,1,20000,584,brier,0.027730492914019446,,
2017H1-E,E,tabicl,20260913,2017Q3,1,20000,584,brier_miscalibration,0.00023693404065790527,,
2017H1-E,E,tabicl,20260913,2017Q3,1,20000,584,brier_discrimination,0.0008538011266384579,,
2017H1-E,E,tabicl,20260913,2017Q3,1,20000,584,brier_uncertainty,0.02834736,,
2017H1-E,E,tabicl,20260913,2017Q3,1,20000,584,observed_over_expected,1.4470987634022314,1.3336225174484047,1.5674229501438224
2017H1-E,E,tabicl,20260913,2017Q3,1,20000,584,log_oe,0.36956069922632734,0.28789893702126373,0.44943283770361964
2017H1-E,E,tabicl,20260913,2017Q3,1,20000,584,cox_intercept,0.07089041305627153,-0.2799683673671971,0.42174919347974016
2017H1-E,E,tabicl,20260913,2017Q3,1,20000,584,cox_slope,0.9102093536022254,0.8146582833387777,1.0057604238656732
2017H1-E,E,tabicl,20260913,2017Q3,1,20000,584,psi,0.009343755156691119,,
2017H1-E,E,tabicl,20260913,2017Q3,1,20000,584,psi_critical,0.0011843284323234315,,
2017H1-E,E,tabicl,20260913,2017Q4,2,20000,623,auc,0.7356742794882417,0.7172859807443303,0.7540625782321532
2017H1-E,E,tabicl,20260913,2017Q4,2,20000,623,gini,0.4713485589764834,0.4345719614886605,0.5081251564643063
2017H1-E,E,tabicl,20260913,2017Q4,2,20000,623,ks,0.36692713167660584,,
2017H1-E,E,tabicl,20260913,2017Q4,2,20000,623,brier,0.029613891230456723,,
2017H1-E,E,tabicl,20260913,2017Q4,2,20000,623,brier_miscalibration,0.000399227653987734,,
2017H1-E,E,tabicl,20260913,2017Q4,2,20000,623,brier_discrimination,0.0009650139235310128,,
2017H1-E,E,tabicl,20260913,2017Q4,2,20000,623,brier_uncertainty,0.0301796775,,
2017H1-E,E,tabicl,20260913,2017Q4,2,20000,623,observed_over_expected,1.6583939230481506,1.5325221545034848,1.791588645652043
2017H1-E,E,tabicl,20260913,2017Q4,2,20000,623,log_oe,0.5058496177864519,0.4269148451697294,0.5831027377846223
2017H1-E,E,tabicl,20260913,2017Q4,2,20000,623,cox_intercept,0.4355937955263454,0.07176353262659091,0.7994240584260999
2017H1-E,E,tabicl,20260913,2017Q4,2,20000,623,cox_slope,0.9737041514971161,0.8755465510558901,1.0718617519383422
2017H1-E,E,tabicl,20260913,2017Q4,2,20000,623,psi,0.0034879644154991894,,
2017H1-E,E,tabicl,20260913,2017Q4,2,20000,623,psi_critical,0.0011843284323234315,,
2017H1-E,E,tabicl,20260913,2018Q1,3,20000,638,auc,0.7036851746254095,0.684421443201027,0.7229489060497919
2017H1-E,E,tabicl,20260913,2018Q1,3,20000,638,gini,0.40737034925081894,0.3688428864020541,0.4458978120995838
2017H1-E,E,tabicl,20260913,2018Q1,3,20000,638,ks,0.29378134270048395,,
2017H1-E,E,tabicl,20260913,2018Q1,3,20000,638,brier,0.030536662228357103,,
2017H1-E,E,tabicl,20260913,2018Q1,3,20000,638,brier_miscalibration,0.0003806034619034983,,
2017H1-E,E,tabicl,20260913,2018Q1,3,20000,638,brier_discrimination,0.0007263312335463908,,
2017H1-E,E,tabicl,20260913,2018Q1,3,20000,638,brier_uncertainty,0.030882389999999996,,
2017H1-E,E,tabicl,20260913,2018Q1,3,20000,638,observed_over_expected,1.8091090311225584,1.673439572007025,1.9525654636132572
2017H1-E,E,tabicl,20260913,2018Q1,3,20000,638,log_oe,0.5928344760853286,0.5148811322673973,0.6691441302686292
2017H1-E,E,tabicl,20260913,2018Q1,3,20000,638,cox_intercept,-0.12473953373247312,-0.4807809916141016,0.23130192414915532
2017H1-E,E,tabicl,20260913,2018Q1,3,20000,638,cox_slope,0.7995333668846503,0.7078690493884946,0.8911976843808059
2017H1-E,E,tabicl,20260913,2018Q1,3,20000,638,psi,0.011193790749534136,,
2017H1-E,E,tabicl,20260913,2018Q1,3,20000,638,psi_critical,0.0011843284323234315,,
2017H1-E,E,tabicl@t1,20260911,2017Q3,1,20000,584,auc,0.7237206127836948,0.7033426475605155,0.7440985780068742
2017H1-E,E,tabicl@t1,20260911,2017Q3,1,20000,584,gini,0.44744122556738963,0.4066852951210309,0.48819715601374836
2017H1-E,E,tabicl@t1,20260911,2017Q3,1,20000,584,ks,0.321787284600753,,
2017H1-E,E,tabicl@t1,20260911,2017Q3,1,20000,584,brier,0.027617427178993115,,
2017H1-E,E,tabicl@t1,20260911,2017Q3,1,20000,584,brier_miscalibration,0.00016155661378193867,,
2017H1-E,E,tabicl@t1,20260911,2017Q3,1,20000,584,brier_discrimination,0.0008914894347888218,,
2017H1-E,E,tabicl@t1,20260911,2017Q3,1,20000,584,brier_uncertainty,0.02834736,,
2017H1-E,E,tabicl@t1,20260911,2017Q3,1,20000,584,observed_over_expected,1.030192497418345,0.9494085314767352,1.115851526072145
2017H1-E,E,tabicl@t1,20260911,2017Q3,1,20000,584,log_oe,0.029745675477075906,-0.0519160867279879,0.10961781395436801
2017H1-E,E,tabicl@t1,20260911,2017Q3,1,20000,584,cox_intercept,0.028579393956979733,-0.3100019281408158,0.36716071605477524
2017H1-E,E,tabicl@t1,20260911,2017Q3,1,20000,584,cox_slope,0.9991168979149238,0.896918887460271,1.1013149083695764
2017H1-E,E,tabicl@t1,20260911,2017Q3,1,20000,584,psi,0.011429252433754965,,
2017H1-E,E,tabicl@t1,20260911,2017Q3,1,20000,584,psi_critical,0.0011843284323234315,,
2017H1-E,E,tabicl@t1,20260911,2017Q4,2,20000,623,auc,0.7286426437128097,0.7098968356309479,0.7473884517946716
2017H1-E,E,tabicl@t1,20260911,2017Q4,2,20000,623,gini,0.45728528742561947,0.4197936712618957,0.49477690358934323
2017H1-E,E,tabicl@t1,20260911,2017Q4,2,20000,623,ks,0.3352927644770226,,
2017H1-E,E,tabicl@t1,20260911,2017Q4,2,20000,623,brier,0.02946790176899055,,
2017H1-E,E,tabicl@t1,20260911,2017Q4,2,20000,623,brier_miscalibration,0.00018138686341139312,,
2017H1-E,E,tabicl@t1,20260911,2017Q4,2,20000,623,brier_discrimination,0.0008931625944208453,,
2017H1-E,E,tabicl@t1,20260911,2017Q4,2,20000,623,brier_uncertainty,0.0301796775,,
2017H1-E,E,tabicl@t1,20260911,2017Q4,2,20000,623,observed_over_expected,1.2066979051103193,1.1151097743867064,1.3036144401410619
2017H1-E,E,tabicl@t1,20260911,2017Q4,2,20000,623,log_oe,0.18788762504744777,0.10895285243072524,0.265140745045618
2017H1-E,E,tabicl@t1,20260911,2017Q4,2,20000,623,cox_intercept,0.35171793363014425,-0.010418005376500672,0.7138538726367891
2017H1-E,E,tabicl@t1,20260911,2017Q4,2,20000,623,cox_slope,1.0464478821670335,0.9397138044543157,1.1531819598797513
2017H1-E,E,tabicl@t1,20260911,2017Q4,2,20000,623,psi,0.005595756859627595,,
2017H1-E,E,tabicl@t1,20260911,2017Q4,2,20000,623,psi_critical,0.0011843284323234315,,
2017H1-E,E,tabicl@t1,20260911,2018Q1,3,20000,638,auc,0.697501229665191,0.6780812214959788,0.7169212378344032
2017H1-E,E,tabicl@t1,20260911,2018Q1,3,20000,638,gini,0.395002459330382,0.35616244299195765,0.4338424756688064
2017H1-E,E,tabicl@t1,20260911,2018Q1,3,20000,638,ks,0.28962719530450853,,
2017H1-E,E,tabicl@t1,20260911,2018Q1,3,20000,638,brier,0.030399209268640186,,
2017H1-E,E,tabicl@t1,20260911,2018Q1,3,20000,638,brier_miscalibration,0.00020347260285674337,,
2017H1-E,E,tabicl@t1,20260911,2018Q1,3,20000,638,brier_discrimination,0.0006866533342165526,,
2017H1-E,E,tabicl@t1,20260911,2018Q1,3,20000,638,brier_uncertainty,0.030882389999999996,,
2017H1-E,E,tabicl@t1,20260911,2018Q1,3,20000,638,observed_over_expected,1.321676839905617,1.2225610990017868,1.426481492967788
2017H1-E,E,tabicl@t1,20260911,2018Q1,3,20000,638,log_oe,0.278901263669494,0.20094791985156266,0.3552109178527947
2017H1-E,E,tabicl@t1,20260911,2018Q1,3,20000,638,cox_intercept,-0.13556111843734925,-0.5000117298558435,0.22888949298114508
2017H1-E,E,tabicl@t1,20260911,2018Q1,3,20000,638,cox_slope,0.8753217730617744,0.7727725597512086,0.9778709863723402
2017H1-E,E,tabicl@t1,20260911,2018Q1,3,20000,638,psi,0.01664713386210751,,
2017H1-E,E,tabicl@t1,20260911,2018Q1,3,20000,638,psi_critical,0.0011843284323234315,,
2017H1-E,E,tabicl@t1,20260912,2017Q3,1,20000,584,auc,0.7224636615190974,0.7019550030421202,0.7429723199960745
2017H1-E,E,tabicl@t1,20260912,2017Q3,1,20000,584,gini,0.4449273230381947,0.40391000608424044,0.485944639992149
2017H1-E,E,tabicl@t1,20260912,2017Q3,1,20000,584,ks,0.32986140508322465,,
2017H1-E,E,tabicl@t1,20260912,2017Q3,1,20000,584,brier,0.02767078834445231,,
2017H1-E,E,tabicl@t1,20260912,2017Q3,1,20000,584,brier_miscalibration,0.0001360208496816312,,
2017H1-E,E,tabicl@t1,20260912,2017Q3,1,20000,584,brier_discrimination,0.0008125925052293211,,
2017H1-E,E,tabicl@t1,20260912,2017Q3,1,20000,584,brier_uncertainty,0.02834736,,
2017H1-E,E,tabicl@t1,20260912,2017Q3,1,20000,584,observed_over_expected,1.0543889117497642,0.9717075505969132,1.14205983755262
2017H1-E,E,tabicl@t1,20260912,2017Q3,1,20000,584,log_oe,0.05296136854025297,-0.028700393664810694,0.13283350701754532
2017H1-E,E,tabicl@t1,20260912,2017Q3,1,20000,584,cox_intercept,0.313264855160744,-0.0701532304137582,0.6966829407352462
2017H1-E,E,tabicl@t1,20260912,2017Q3,1,20000,584,cox_slope,1.0789968014881393,0.9636077403332768,1.1943858626430017
2017H1-E,E,tabicl@t1,20260912,2017Q3,1,20000,584,psi,0.019401453312696503,,
2017H1-E,E,tabicl@t1,20260912,2017Q3,1,20000,584,psi_critical,0.0011843284323234315,,
2017H1-E,E,tabicl@t1,20260912,2017Q4,2,20000,623,auc,0.730327552373613,0.7115668589424284,0.7490882458047976
2017H1-E,E,tabicl@t1,20260912,2017Q4,2,20000,623,gini,0.46065510474722604,0.4231337178848569,0.4981764916095952
2017H1-E,E,tabicl@t1,20260912,2017Q4,2,20000,623,ks,0.3453328817049155,,
2017H1-E,E,tabicl@t1,20260912,2017Q4,2,20000,623,brier,0.029480658670026024,,
2017H1-E,E,tabicl@t1,20260912,2017Q4,2,20000,623,brier_miscalibration,0.00021920393614621378,,
2017H1-E,E,tabicl@t1,20260912,2017Q4,2,20000,623,brier_discrimination,0.0009182227661201914,,
2017H1-E,E,tabicl@t1,20260912,2017Q4,2,20000,623,brier_uncertainty,0.0301796775,,
2017H1-E,E,tabicl@t1,20260912,2017Q4,2,20000,623,observed_over_expected,1.1842241650741656,1.0943417867443894,1.2793357106338388
2017H1-E,E,tabicl@t1,20260912,2017Q4,2,20000,623,log_oe,0.1690878471513517,0.09015307453462905,0.24634096714952197
2017H1-E,E,tabicl@t1,20260912,2017Q4,2,20000,623,cox_intercept,0.6203160985617606,0.22816271318903036,1.012469483934491
2017H1-E,E,tabicl@t1,20260912,2017Q4,2,20000,623,cox_slope,1.1337200637987688,1.0168662639203425,1.250573863677195
2017H1-E,E,tabicl@t1,20260912,2017Q4,2,20000,623,psi,0.009346653806509942,,
2017H1-E,E,tabicl@t1,20260912,2017Q4,2,20000,623,psi_critical,0.0011843284323234315,,
2017H1-E,E,tabicl@t1,20260912,2018Q1,3,20000,638,auc,0.7059879837668004,0.6864796913132307,0.72549627622037
2017H1-E,E,tabicl@t1,20260912,2018Q1,3,20000,638,gini,0.4119759675336008,0.37295938262646144,0.4509925524407401
2017H1-E,E,tabicl@t1,20260912,2018Q1,3,20000,638,ks,0.30642171800822415,,
2017H1-E,E,tabicl@t1,20260912,2018Q1,3,20000,638,brier,0.0303196819194716,,
2017H1-E,E,tabicl@t1,20260912,2018Q1,3,20000,638,brier_miscalibration,0.00030148599023910316,,
2017H1-E,E,tabicl@t1,20260912,2018Q1,3,20000,638,brier_discrimination,0.0008641940707674982,,
2017H1-E,E,tabicl@t1,20260912,2018Q1,3,20000,638,brier_uncertainty,0.030882389999999996,,
2017H1-E,E,tabicl@t1,20260912,2018Q1,3,20000,638,observed_over_expected,1.2855836839982144,1.1891746560981282,1.387526267779468
2017H1-E,E,tabicl@t1,20260912,2018Q1,3,20000,638,log_oe,0.25121284400889876,0.17325950019096742,0.3275224981921994
2017H1-E,E,tabicl@t1,20260912,2018Q1,3,20000,638,cox_intercept,0.17804611165659084,-0.20501062913017848,0.5611028524433601
2017H1-E,E,tabicl@t1,20260912,2018Q1,3,20000,638,cox_slope,0.974971440606748,0.8650780270300907,1.0848648541834054
2017H1-E,E,tabicl@t1,20260912,2018Q1,3,20000,638,psi,0.006589510576741394,,
2017H1-E,E,tabicl@t1,20260912,2018Q1,3,20000,638,psi_critical,0.0011843284323234315,,
2017H1-E,E,tabicl@t1,20260913,2017Q3,1,20000,584,auc,0.7244087280085342,0.7041477773140927,0.7446696787029756
2017H1-E,E,tabicl@t1,20260913,2017Q3,1,20000,584,gini,0.44881745601706835,0.40829555462818545,0.48933935740595125
2017H1-E,E,tabicl@t1,20260913,2017Q3,1,20000,584,ks,0.32926381857075937,,
2017H1-E,E,tabicl@t1,20260913,2017Q3,1,20000,584,brier,0.027613910869110112,,
2017H1-E,E,tabicl@t1,20260913,2017Q3,1,20000,584,brier_miscalibration,0.00012035199574857158,,
2017H1-E,E,tabicl@t1,20260913,2017Q3,1,20000,584,brier_discrimination,0.0008538011266384579,,
2017H1-E,E,tabicl@t1,20260913,2017Q3,1,20000,584,brier_uncertainty,0.02834736,,
2017H1-E,E,tabicl@t1,20260913,2017Q3,1,20000,584,observed_over_expected,1.0332166588097573,0.9521955490804983,1.1191271421459883
2017H1-E,E,tabicl@t1,20260913,2017Q3,1,20000,584,log_oe,0.03267690561881621,-0.048984856586247454,0.11254904409610852
2017H1-E,E,tabicl@t1,20260913,2017Q3,1,20000,584,cox_intercept,0.07089041305627301,-0.27996836736719627,0.4217491934797423
2017H1-E,E,tabicl@t1,20260913,2017Q3,1,20000,584,cox_slope,1.0113437262246954,0.9051758703764199,1.1175115820729709
2017H1-E,E,tabicl@t1,20260913,2017Q3,1,20000,584,psi,0.009343755156691119,,
2017H1-E,E,tabicl@t1,20260913,2017Q3,1,20000,584,psi_critical,0.0011843284323234315,,
2017H1-E,E,tabicl@t1,20260913,2017Q4,2,20000,623,auc,0.7356742794882417,0.7172859807443303,0.7540625782321532
2017H1-E,E,tabicl@t1,20260913,2017Q4,2,20000,623,gini,0.4713485589764834,0.4345719614886605,0.5081251564643063
2017H1-E,E,tabicl@t1,20260913,2017Q4,2,20000,623,ks,0.36692713167660584,,
2017H1-E,E,tabicl@t1,20260913,2017Q4,2,20000,623,brier,0.02940923103136057,,
2017H1-E,E,tabicl@t1,20260913,2017Q4,2,20000,623,brier_miscalibration,0.0001945674548915824,,
2017H1-E,E,tabicl@t1,20260913,2017Q4,2,20000,623,brier_discrimination,0.0009650139235310128,,
2017H1-E,E,tabicl@t1,20260913,2017Q4,2,20000,623,brier_uncertainty,0.0301796775,,
2017H1-E,E,tabicl@t1,20260913,2017Q4,2,20000,623,observed_over_expected,1.1726842067777667,1.0836777089848835,1.2668689149179417
2017H1-E,E,tabicl@t1,20260913,2017Q4,2,20000,623,log_oe,0.15929531499227406,0.08036054237555139,0.2365484349904443
2017H1-E,E,tabicl@t1,20260913,2017Q4,2,20000,623,cox_intercept,0.4355937955263446,0.0717635326265878,0.7994240584261014
2017H1-E,E,tabicl@t1,20260913,2017Q4,2,20000,623,cox_slope,1.0818935016634619,0.9728295011732101,1.1909575021537138
2017H1-E,E,tabicl@t1,20260913,2017Q4,2,20000,623,psi,0.0034879644154991894,,
2017H1-E,E,tabicl@t1,20260913,2017Q4,2,20000,623,psi_critical,0.0011843284323234315,,
2017H1-E,E,tabicl@t1,20260913,2018Q1,3,20000,638,auc,0.7036851746254095,0.684421443201027,0.7229489060497919
2017H1-E,E,tabicl@t1,20260913,2018Q1,3,20000,638,gini,0.40737034925081894,0.3688428864020541,0.4458978120995838
2017H1-E,E,tabicl@t1,20260913,2018Q1,3,20000,638,ks,0.29378134270048395,,
2017H1-E,E,tabicl@t1,20260913,2018Q1,3,20000,638,brier,0.030331421194036375,,
2017H1-E,E,tabicl@t1,20260913,2018Q1,3,20000,638,brier_miscalibration,0.00017536242758276963,,
2017H1-E,E,tabicl@t1,20260913,2018Q1,3,20000,638,brier_discrimination,0.0007263312335463908,,
2017H1-E,E,tabicl@t1,20260913,2018Q1,3,20000,638,brier_uncertainty,0.030882389999999996,,
2017H1-E,E,tabicl@t1,20260913,2018Q1,3,20000,638,observed_over_expected,1.2711941868572956,1.1758642621292505,1.371995730552153
2017H1-E,E,tabicl@t1,20260913,2018Q1,3,20000,638,log_oe,0.23995676327309723,0.16200341945516578,0.31626641745639766
2017H1-E,E,tabicl@t1,20260913,2018Q1,3,20000,638,cox_intercept,-0.12473953373247267,-0.4807809916141018,0.2313019241491565
2017H1-E,E,tabicl@t1,20260913,2018Q1,3,20000,638,cox_slope,0.8883704076496116,0.7865211659872162,0.990219649312007
2017H1-E,E,tabicl@t1,20260913,2018Q1,3,20000,638,psi,0.011193790749534136,,
2017H1-E,E,tabicl@t1,20260913,2018Q1,3,20000,638,psi_critical,0.0011843284323234315,,
