build_id,bootstrap_seed,cohorts,metric,pair,value,ci_lo,ci_hi,se,alpha,resamples,seed,excludes_zero
2013H1-E,20260905,all,gini,gbm - scorecard,0.019259857542915648,0.014317766971430789,0.025011000286394157,0.0031929411219072754,0.05,200,20260905,True
2013H1-E,20260905,all,gini,gbm-50k - scorecard,0.013918593792282608,0.005202483368590144,0.02326562510240917,0.004804673779933677,0.05,200,20260905,True
2013H1-E,20260905,all,gini,tabicl - scorecard,0.0034360351487468153,-0.0026163252300410163,0.009434031646458294,0.003253285343876924,0.05,200,20260905,False
2013H1-E,20260905,all,gini,tabicl@t1 - scorecard,0.0034360351487468153,-0.0026163252300410163,0.009434031646458294,0.003253285343876924,0.05,200,20260905,False
2013H1-E,20260905,all,gini,gbm-50k - gbm,-0.005341263750633041,-0.011191118300118309,-0.0008731554036975043,0.0033673431717213425,0.05,200,20260905,True
2013H1-E,20260905,all,gini,tabicl - gbm,-0.015823822394168834,-0.021792081339106848,-0.010675987865286065,0.0030114779292663495,0.05,200,20260905,True
2013H1-E,20260905,all,gini,tabicl@t1 - gbm,-0.015823822394168834,-0.021792081339106848,-0.010675987865286065,0.0030114779292663495,0.05,200,20260905,True
2013H1-E,20260905,all,gini,tabicl - gbm-50k,-0.010482558643535792,-0.01908958418931892,-0.0009163999616969245,0.004453645176723586,0.05,200,20260905,True
2013H1-E,20260905,all,gini,tabicl@t1 - gbm-50k,-0.010482558643535792,-0.01908958418931892,-0.0009163999616969245,0.004453645176723586,0.05,200,20260905,True
2013H1-E,20260905,all,gini,tabicl@t1 - tabicl,0.0,0.0,0.0,0.0,0.05,200,20260905,False
2013H1-E,20260905,all,abs_log_oe,gbm - scorecard,-0.06051083369926799,-0.07139408842146021,-0.05781859716734557,0.003574378143250559,0.05,200,20260905,True
2013H1-E,20260905,all,abs_log_oe,gbm-50k - scorecard,-0.06489398599385182,-0.07665172934827787,-0.05833991510139033,0.004775973683692764,0.05,200,20260905,True
2013H1-E,20260905,all,abs_log_oe,tabicl - scorecard,-0.06102815951896429,-0.06963473553968987,-0.05400661634980963,0.003835599202285601,0.05,200,20260905,True
2013H1-E,20260905,all,abs_log_oe,tabicl@t1 - scorecard,-0.07188359489375415,-0.09027028975130975,-0.04197168482897703,0.012900142167330554,0.05,200,20260905,True
2013H1-E,20260905,all,abs_log_oe,gbm-50k - gbm,-0.004383152294583831,-0.006937720229915682,0.0006745959757184468,0.002820323897211396,0.05,200,20260905,False
2013H1-E,20260905,all,abs_log_oe,tabicl - gbm,-0.000517325819696296,-0.0037197277797661223,0.009672536627132513,0.0030718902260336166,0.05,200,20260905,False
2013H1-E,20260905,all,abs_log_oe,tabicl@t1 - gbm,-0.011372761194486158,-0.02736735289930189,0.01997193738625304,0.01234494933009984,0.05,200,20260905,False
2013H1-E,20260905,all,abs_log_oe,tabicl - gbm-50k,0.003865826474887535,-0.002364232591022091,0.014210528089034556,0.004322114741519366,0.05,200,20260905,False
2013H1-E,20260905,all,abs_log_oe,tabicl@t1 - gbm-50k,-0.006989608899902328,-0.02442891173651478,0.0247759400108077,0.012980315057197916,0.05,200,20260905,False
2013H1-E,20260905,all,abs_log_oe,tabicl@t1 - tabicl,-0.010855435374789862,-0.0299742184780868,0.01804882997697441,0.012702197499522824,0.05,200,20260905,False
2013H1-E,20260905,all,cox_slope_deviation,gbm - scorecard,-0.06104805287179862,-0.07545699897188461,-0.030249677667660603,0.010872771333139268,0.05,200,20260905,True
2013H1-E,20260905,all,cox_slope_deviation,gbm-50k - scorecard,-0.029512662176589637,-0.07476706547269421,0.04641925082764937,0.04168326203980766,0.05,200,20260905,False
2013H1-E,20260905,all,cox_slope_deviation,tabicl - scorecard,0.11920694696554457,0.09859385128928783,0.13224095118874762,0.0088645265308295,0.05,200,20260905,True
2013H1-E,20260905,all,cox_slope_deviation,tabicl@t1 - scorecard,0.03764617816720956,0.019110775589033218,0.05171565000018128,0.008685473287321954,0.05,200,20260905,True
2013H1-E,20260905,all,cox_slope_deviation,gbm-50k - gbm,0.03153539069520898,-0.0069451456566890545,0.09975699058825348,0.04054981551733407,0.05,200,20260905,False
2013H1-E,20260905,all,cox_slope_deviation,tabicl - gbm,0.18025499983734317,0.14500053214447375,0.1892574116981458,0.011840103785930239,0.05,200,20260905,True
2013H1-E,20260905,all,cox_slope_deviation,tabicl@t1 - gbm,0.09869423103900817,0.06510601863538121,0.11072820959094459,0.012109897282049545,0.05,200,20260905,True
2013H1-E,20260905,all,cox_slope_deviation,tabicl - gbm-50k,0.1487196091421342,0.06920754556150636,0.19079786211648916,0.04204239455113654,0.05,200,20260905,True
2013H1-E,20260905,all,cox_slope_deviation,tabicl@t1 - gbm-50k,0.0671588403437992,-0.011560149098516074,0.1120249091095264,0.04225154856807987,0.05,200,20260905,False
2013H1-E,20260905,all,cox_slope_deviation,tabicl@t1 - tabicl,-0.081560768798335,-0.08393360881889028,-0.07390528619097296,0.002359443380256742,0.05,200,20260905,True
2013H1-E,20260905,all,psi,gbm - scorecard,-0.043293004464623745,-0.04467278332771775,-0.04189013581034821,0.0007212212158059035,0.05,200,20260905,True
2013H1-E,20260905,all,psi,gbm-50k - scorecard,-0.044627477335107135,-0.04682076138851026,-0.04227650675793061,0.0011859875088946238,0.05,200,20260905,True
2013H1-E,20260905,all,psi,tabicl - scorecard,0.06638774341290025,0.06109979367049252,0.07166943448577526,0.0030994552308353414,0.05,200,20260905,True
2013H1-E,20260905,all,psi,tabicl@t1 - scorecard,0.06638774341290025,0.06109979367049252,0.07166943448577526,0.0030994552308353414,0.05,200,20260905,True
2013H1-E,20260905,all,psi,gbm-50k - gbm,-0.0013344728704833924,-0.0025203342474050356,0.00011173052770435464,0.0008507469768296455,0.05,200,20260905,False
2013H1-E,20260905,all,psi,tabicl - gbm,0.109680747877524,0.10473207039872169,0.11456383266031897,0.0028935417765692767,0.05,200,20260905,True
2013H1-E,20260905,all,psi,tabicl@t1 - gbm,0.109680747877524,0.10473207039872169,0.11456383266031897,0.0028935417765692767,0.05,200,20260905,True
2013H1-E,20260905,all,psi,tabicl - gbm-50k,0.11101522074800739,0.10625464410038338,0.11660989247508474,0.0032427116802148685,0.05,200,20260905,True
2013H1-E,20260905,all,psi,tabicl@t1 - gbm-50k,0.11101522074800739,0.10625464410038338,0.11660989247508474,0.0032427116802148685,0.05,200,20260905,True
2013H1-E,20260905,all,psi,tabicl@t1 - tabicl,0.0,0.0,0.0,0.0,0.05,200,20260905,False
2013H1-E,20260905,nearest,gini,gbm - scorecard,0.0028761852229220453,-0.015200808260653665,0.01980532959296016,0.00852139676610257,0.05,200,20260905,False
2013H1-E,20260905,nearest,gini,gbm-50k - scorecard,-0.0020325106296122573,-0.02140137787134055,0.014422686594498503,0.009905725282730758,0.05,200,20260905,False
2013H1-E,20260905,nearest,gini,tabicl - scorecard,0.006703962767127518,-0.009398346169209282,0.024539627560884947,0.008929254090950831,0.05,200,20260905,False
2013H1-E,20260905,nearest,gini,tabicl@t1 - scorecard,0.006703962767127518,-0.009398346169209282,0.024539627560884947,0.008929254090950831,0.05,200,20260905,False
2013H1-E,20260905,nearest,gini,gbm-50k - gbm,-0.004908695852534302,-0.013987259085679141,0.003438503087502053,0.004762577413799463,0.05,200,20260905,False
2013H1-E,20260905,nearest,gini,tabicl - gbm,0.003827777544205472,-0.009567992322860232,0.017691181609040093,0.007405169453365148,0.05,200,20260905,False
2013H1-E,20260905,nearest,gini,tabicl@t1 - gbm,0.003827777544205472,-0.009567992322860232,0.017691181609040093,0.007405169453365148,0.05,200,20260905,False
2013H1-E,20260905,nearest,gini,tabicl - gbm-50k,0.008736473396739775,-0.006109469192046233,0.025394437234082565,0.008274160495178429,0.05,200,20260905,False
2013H1-E,20260905,nearest,gini,tabicl@t1 - gbm-50k,0.008736473396739775,-0.006109469192046233,0.025394437234082565,0.008274160495178429,0.05,200,20260905,False
2013H1-E,20260905,nearest,gini,tabicl@t1 - tabicl,0.0,0.0,0.0,0.0,0.05,200,20260905,False
2013H1-E,20260905,nearest,abs_log_oe,gbm - scorecard,0.08028901395675352,0.05633099368430158,0.0833826568979886,0.007348391091484695,0.05,200,20260905,True
2013H1-E,20260905,nearest,abs_log_oe,gbm-50k - scorecard,0.08938907965897801,0.06330713502366413,0.09554085877746021,0.008090508011843267,0.05,200,20260905,True
2013H1-E,20260905,nearest,abs_log_oe,tabicl - scorecard,-0.027001087819072025,-0.031263231878330355,0.01633101851621558,0.013765454105815788,0.05,200,20260905,False
2013H1-E,20260905,nearest,abs_log_oe,tabicl@t1 - scorecard,0.29956309106885215,0.27471544799702885,0.3036295533040732,0.0076301285793776595,0.05,200,20260905,True
2013H1-E,20260905,nearest,abs_log_oe,gbm-50k - gbm,0.009100065702224491,0.004062295784127647,0.013742702540329763,0.0033424738785679197,0.05,200,20260905,True
2013H1-E,20260905,nearest,abs_log_oe,tabicl - gbm,-0.10729010177582554,-0.11083851549902593,-0.04742973015584348,0.01758043217891618,0.05,200,20260905,True
2013H1-E,20260905,nearest,abs_log_oe,tabicl@t1 - gbm,0.2192740771120986,0.21567326999662684,0.22354893301774784,0.002144845149454779,0.05,200,20260905,True
2013H1-E,20260905,nearest,abs_log_oe,tabicl - gbm-50k,-0.11639016747805003,-0.12072628447377626,-0.05385579544228271,0.01762635494348129,0.05,200,20260905,True
2013H1-E,20260905,nearest,abs_log_oe,tabicl@t1 - gbm-50k,0.21017401140987413,0.20584809112000182,0.21566986830021934,0.0027085106631751306,0.05,200,20260905,True
2013H1-E,20260905,nearest,abs_log_oe,tabicl@t1 - tabicl,0.32656417888792416,0.2687295133113675,0.32739309988652865,0.017697668371835347,0.05,200,20260905,True
2013H1-E,20260905,nearest,cox_slope_deviation,gbm - scorecard,-0.035525265032271575,-0.06817774756379072,0.022090557424031383,0.023967070586678414,0.05,200,20260905,False
2013H1-E,20260905,nearest,cox_slope_deviation,gbm-50k - scorecard,-0.0018648442312763265,-0.07023492710475303,0.1001608101689793,0.05270500300603493,0.05,200,20260905,False
2013H1-E,20260905,nearest,cox_slope_deviation,tabicl - scorecard,0.12693265943837898,0.08249244776369218,0.16644761874570616,0.02268730075280875,0.05,200,20260905,True
2013H1-E,20260905,nearest,cox_slope_deviation,tabicl@t1 - scorecard,0.04879703275243825,0.0038889656316838496,0.08903995036022061,0.023149652334751733,0.05,200,20260905,True
2013H1-E,20260905,nearest,cox_slope_deviation,gbm-50k - gbm,0.033660420800995246,-0.017569495854749224,0.11373449809788548,0.04639460305657938,0.05,200,20260905,False
2013H1-E,20260905,nearest,cox_slope_deviation,tabicl - gbm,0.16245792447065058,0.10941083346697757,0.18944413124310472,0.022280298877522302,0.05,200,20260905,True
2013H1-E,20260905,nearest,cox_slope_deviation,tabicl@t1 - gbm,0.08432229778470983,0.02377180842567059,0.11482043365600103,0.023396631184262474,0.05,200,20260905,True
2013H1-E,20260905,nearest,cox_slope_deviation,tabicl - gbm-50k,0.12879750366965534,0.03179912946174233,0.1865971475173318,0.05130117360518539,0.05,200,20260905,True
2013H1-E,20260905,nearest,cox_slope_deviation,tabicl@t1 - gbm-50k,0.05066187698371458,-0.04672207515178632,0.10993682513681097,0.05187785573441865,0.05,200,20260905,False
2013H1-E,20260905,nearest,cox_slope_deviation,tabicl@t1 - tabicl,-0.07813562668594075,-0.08599156970973093,-0.07096285149093033,0.003817437967594938,0.05,200,20260905,True
2013H1-E,20260905,nearest,psi,gbm - scorecard,-0.013017211487896543,-0.015396402610263815,-0.010469006860687627,0.0012788338832196379,0.05,200,20260905,True
2013H1-E,20260905,nearest,psi,gbm-50k - scorecard,-0.013776393085958459,-0.016550530385966607,-0.010354664736132724,0.0017102207791853251,0.05,200,20260905,True
2013H1-E,20260905,nearest,psi,tabicl - scorecard,0.07858155089426909,0.07066635812103941,0.0865058266277988,0.004315389833584657,0.05,200,20260905,True
2013H1-E,20260905,nearest,psi,tabicl@t1 - scorecard,0.07858155089426909,0.07066635812103941,0.0865058266277988,0.004315389833584657,0.05,200,20260905,True
2013H1-E,20260905,nearest,psi,gbm-50k - gbm,-0.0007591815980619154,-0.0021423418768544574,0.0013231850366932493,0.0010604194927137968,0.05,200,20260905,False
2013H1-E,20260905,nearest,psi,tabicl - gbm,0.09159876238216562,0.08462791785085946,0.09779661804344822,0.003634606626872737,0.05,200,20260905,True
2013H1-E,20260905,nearest,psi,tabicl@t1 - gbm,0.09159876238216562,0.08462791785085946,0.09779661804344822,0.003634606626872737,0.05,200,20260905,True
2013H1-E,20260905,nearest,psi,tabicl - gbm-50k,0.09235794398022752,0.08592571928495814,0.09862831445114686,0.003442498805884122,0.05,200,20260905,True
2013H1-E,20260905,nearest,psi,tabicl@t1 - gbm-50k,0.09235794398022752,0.08592571928495814,0.09862831445114686,0.003442498805884122,0.05,200,20260905,True
2013H1-E,20260905,nearest,psi,tabicl@t1 - tabicl,0.0,0.0,0.0,0.0,0.05,200,20260905,False
2013H1-E,20260905,"all, cohorts resampled",gini,gbm - scorecard,0.019259857542915648,0.012020594847524086,0.027806926371919678,0.004235922244916738,0.05,200,20260905,True
2013H1-E,20260905,"all, cohorts resampled",gini,gbm-50k - scorecard,0.013918593792282608,0.004420754337326313,0.023310173279475526,0.005365767506715562,0.05,200,20260905,True
2013H1-E,20260905,"all, cohorts resampled",gini,tabicl - scorecard,0.0034360351487468153,-0.00737157639791785,0.016064456855454677,0.005969589696369991,0.05,200,20260905,False
2013H1-E,20260905,"all, cohorts resampled",gini,tabicl@t1 - scorecard,0.0034360351487468153,-0.00737157639791785,0.016064456855454677,0.005969589696369991,0.05,200,20260905,False
2013H1-E,20260905,"all, cohorts resampled",gini,gbm-50k - gbm,-0.005341263750633041,-0.011959229639375967,-0.0002667095720123191,0.003637762266672368,0.05,200,20260905,True
2013H1-E,20260905,"all, cohorts resampled",gini,tabicl - gbm,-0.015823822394168834,-0.028030323964390508,-0.0027457285506490023,0.00617460606518643,0.05,200,20260905,True
2013H1-E,20260905,"all, cohorts resampled",gini,tabicl@t1 - gbm,-0.015823822394168834,-0.028030323964390508,-0.0027457285506490023,0.00617460606518643,0.05,200,20260905,True
2013H1-E,20260905,"all, cohorts resampled",gini,tabicl - gbm-50k,-0.010482558643535792,-0.02414483768669778,0.006283324885945438,0.007652271588362034,0.05,200,20260905,False
2013H1-E,20260905,"all, cohorts resampled",gini,tabicl@t1 - gbm-50k,-0.010482558643535792,-0.02414483768669778,0.006283324885945438,0.007652271588362034,0.05,200,20260905,False
2013H1-E,20260905,"all, cohorts resampled",gini,tabicl@t1 - tabicl,0.0,0.0,0.0,0.0,0.05,200,20260905,False
2013H1-E,20260905,"all, cohorts resampled",abs_log_oe,gbm - scorecard,-0.06051083369926799,-0.1047512891002109,-0.017928766825257764,0.023016437427088903,0.05,200,20260905,True
2013H1-E,20260905,"all, cohorts resampled",abs_log_oe,gbm-50k - scorecard,-0.06489398599385182,-0.11641867620251027,-0.015040397591200804,0.025595190320395585,0.05,200,20260905,True
2013H1-E,20260905,"all, cohorts resampled",abs_log_oe,tabicl - scorecard,-0.06102815951896429,-0.08644636786318076,-0.03578459731269828,0.012809325899599372,0.05,200,20260905,True
2013H1-E,20260905,"all, cohorts resampled",abs_log_oe,tabicl@t1 - scorecard,-0.07188359489375415,-0.18637849521471972,0.055649999082787484,0.0694184029111474,0.05,200,20260905,False
2013H1-E,20260905,"all, cohorts resampled",abs_log_oe,gbm-50k - gbm,-0.004383152294583831,-0.011880996139528036,0.002854162968884908,0.003896282924461198,0.05,200,20260905,False
2013H1-E,20260905,"all, cohorts resampled",abs_log_oe,tabicl - gbm,-0.000517325819696296,-0.027338131184462187,0.023731178522685668,0.013030104749684161,0.05,200,20260905,False
2013H1-E,20260905,"all, cohorts resampled",abs_log_oe,tabicl@t1 - gbm,-0.011372761194486158,-0.1007412146879167,0.09053377704674519,0.05028226931465009,0.05,200,20260905,False
2013H1-E,20260905,"all, cohorts resampled",abs_log_oe,tabicl - gbm-50k,0.003865826474887535,-0.02755914522301467,0.03448093587866148,0.015480750003715798,0.05,200,20260905,False
2013H1-E,20260905,"all, cohorts resampled",abs_log_oe,tabicl@t1 - gbm-50k,-0.006989608899902328,-0.09428255474308121,0.09150367306747802,0.048727758219921036,0.05,200,20260905,False
2013H1-E,20260905,"all, cohorts resampled",abs_log_oe,tabicl@t1 - tabicl,-0.010855435374789862,-0.11450459988545646,0.10105138905834125,0.05960092338531713,0.05,200,20260905,False
2013H1-E,20260905,"all, cohorts resampled",cox_slope_deviation,gbm - scorecard,-0.06104805287179862,-0.07606213353981442,-0.02335507882313712,0.013306976691624325,0.05,200,20260905,True
2013H1-E,20260905,"all, cohorts resampled",cox_slope_deviation,gbm-50k - scorecard,-0.029512662176589637,-0.0739829497444907,0.050251480617086466,0.04277854735684706,0.05,200,20260905,False
2013H1-E,20260905,"all, cohorts resampled",cox_slope_deviation,tabicl - scorecard,0.11920694696554457,0.08958426226345816,0.13883569959242356,0.012774831668160435,0.05,200,20260905,True
2013H1-E,20260905,"all, cohorts resampled",cox_slope_deviation,tabicl@t1 - scorecard,0.03764617816720956,0.008324459349184906,0.05891185447895238,0.012776735067345711,0.05,200,20260905,True
2013H1-E,20260905,"all, cohorts resampled",cox_slope_deviation,gbm-50k - gbm,0.03153539069520898,-0.009389824867706885,0.10362940032764635,0.04179511660693793,0.05,200,20260905,False
2013H1-E,20260905,"all, cohorts resampled",cox_slope_deviation,tabicl - gbm,0.18025499983734317,0.1407093864706597,0.19402488288243971,0.014445231350821604,0.05,200,20260905,True
2013H1-E,20260905,"all, cohorts resampled",cox_slope_deviation,tabicl@t1 - gbm,0.09869423103900817,0.057222528631963455,0.11498465581410273,0.014613708826210048,0.05,200,20260905,True
2013H1-E,20260905,"all, cohorts resampled",cox_slope_deviation,tabicl - gbm-50k,0.1487196091421342,0.061510343068027606,0.19035583987889237,0.04497540646196727,0.05,200,20260905,True
2013H1-E,20260905,"all, cohorts resampled",cox_slope_deviation,tabicl@t1 - gbm-50k,0.0671588403437992,-0.018787144425445552,0.110329511842717,0.045023854564051224,0.05,200,20260905,False
2013H1-E,20260905,"all, cohorts resampled",cox_slope_deviation,tabicl@t1 - tabicl,-0.081560768798335,-0.08474856413292299,-0.07462225792939473,0.00251518444645451,0.05,200,20260905,True
2013H1-E,20260905,"all, cohorts resampled",psi,gbm - scorecard,-0.043293004464623745,-0.054476733000619657,-0.032293941991642226,0.005488189134521787,0.05,200,20260905,True
2013H1-E,20260905,"all, cohorts resampled",psi,gbm-50k - scorecard,-0.044627477335107135,-0.0564674927406427,-0.03318462440643268,0.005845313455490666,0.05,200,20260905,True
2013H1-E,20260905,"all, cohorts resampled",psi,tabicl - scorecard,0.06638774341290025,0.03599042235699215,0.09171097458849548,0.014634741992514083,0.05,200,20260905,True
2013H1-E,20260905,"all, cohorts resampled",psi,tabicl@t1 - scorecard,0.06638774341290025,0.03599042235699215,0.09171097458849548,0.014634741992514083,0.05,200,20260905,True
2013H1-E,20260905,"all, cohorts resampled",psi,gbm-50k - gbm,-0.0013344728704833924,-0.0031617036245030067,0.0005425129465697478,0.0009591965588290857,0.05,200,20260905,False
2013H1-E,20260905,"all, cohorts resampled",psi,tabicl - gbm,0.109680747877524,0.0862478277185155,0.1313215587946413,0.011548259873518306,0.05,200,20260905,True
2013H1-E,20260905,"all, cohorts resampled",psi,tabicl@t1 - gbm,0.109680747877524,0.0862478277185155,0.1313215587946413,0.011548259873518306,0.05,200,20260905,True
2013H1-E,20260905,"all, cohorts resampled",psi,tabicl - gbm-50k,0.11101522074800739,0.08781411455972997,0.1309548514737354,0.011343565332023697,0.05,200,20260905,True
2013H1-E,20260905,"all, cohorts resampled",psi,tabicl@t1 - gbm-50k,0.11101522074800739,0.08781411455972997,0.1309548514737354,0.011343565332023697,0.05,200,20260905,True
2013H1-E,20260905,"all, cohorts resampled",psi,tabicl@t1 - tabicl,0.0,0.0,0.0,0.0,0.05,200,20260905,False
2013H1-E,20260906,all,gini,gbm - scorecard,0.019259857542915648,0.012913449773700635,0.02457836728166418,0.0030879338546212056,0.05,200,20260906,True
2013H1-E,20260906,all,gini,gbm-50k - scorecard,0.013918593792282608,0.005255330776800439,0.021564765859347048,0.004473991826353844,0.05,200,20260906,True
2013H1-E,20260906,all,gini,tabicl - scorecard,0.0034360351487468153,-0.0031417587060688754,0.008975376540244894,0.0032551852789834542,0.05,200,20260906,False
2013H1-E,20260906,all,gini,tabicl@t1 - scorecard,0.0034360351487468153,-0.0031417587060688754,0.008975376540244894,0.0032551852789834542,0.05,200,20260906,False
2013H1-E,20260906,all,gini,gbm-50k - gbm,-0.005341263750633041,-0.011477190443529193,-0.0005755922871386709,0.0033971195263956117,0.05,200,20260906,True
2013H1-E,20260906,all,gini,tabicl - gbm,-0.015823822394168834,-0.022387946355751077,-0.01049768365784715,0.002875425295257557,0.05,200,20260906,True
2013H1-E,20260906,all,gini,tabicl@t1 - gbm,-0.015823822394168834,-0.022387946355751077,-0.01049768365784715,0.002875425295257557,0.05,200,20260906,True
2013H1-E,20260906,all,gini,tabicl - gbm-50k,-0.010482558643535792,-0.018250295249076,-0.0016495482784177286,0.0042007019121395785,0.05,200,20260906,True
2013H1-E,20260906,all,gini,tabicl@t1 - gbm-50k,-0.010482558643535792,-0.018250295249076,-0.0016495482784177286,0.0042007019121395785,0.05,200,20260906,True
2013H1-E,20260906,all,gini,tabicl@t1 - tabicl,0.0,0.0,0.0,0.0,0.05,200,20260906,False
2013H1-E,20260906,all,abs_log_oe,gbm - scorecard,-0.06051083369926799,-0.0705811212050265,-0.05838722762601283,0.0033363942165859127,0.05,200,20260906,True
2013H1-E,20260906,all,abs_log_oe,gbm-50k - scorecard,-0.06489398599385182,-0.07575728375812413,-0.059091463544365876,0.004556112159936702,0.05,200,20260906,True
2013H1-E,20260906,all,abs_log_oe,tabicl - scorecard,-0.06102815951896429,-0.06981573299885792,-0.053996722965364945,0.0038067979692604746,0.05,200,20260906,True
2013H1-E,20260906,all,abs_log_oe,tabicl@t1 - scorecard,-0.07188359489375415,-0.09148276913144839,-0.04529312224536187,0.011934117554317548,0.05,200,20260906,True
2013H1-E,20260906,all,abs_log_oe,gbm-50k - gbm,-0.004383152294583831,-0.00703896861856989,0.0005264805688297659,0.0029189488729783695,0.05,200,20260906,False
2013H1-E,20260906,all,abs_log_oe,tabicl - gbm,-0.000517325819696296,-0.002013018253244123,0.00758271951015851,0.002536646724970528,0.05,200,20260906,False
2013H1-E,20260906,all,abs_log_oe,tabicl@t1 - gbm,-0.011372761194486158,-0.029014567148876236,0.0178381878928721,0.01133832855773181,0.05,200,20260906,False
2013H1-E,20260906,all,abs_log_oe,tabicl - gbm-50k,0.003865826474887535,-0.0012630860647555586,0.013381324938917893,0.003749215893750657,0.05,200,20260906,False
2013H1-E,20260906,all,abs_log_oe,tabicl@t1 - gbm-50k,-0.006989608899902328,-0.024470932539599404,0.020473525729962534,0.011570794871304335,0.05,200,20260906,False
2013H1-E,20260906,all,abs_log_oe,tabicl@t1 - tabicl,-0.010855435374789862,-0.02947356957820174,0.01450503029522151,0.011526896860132252,0.05,200,20260906,False
2013H1-E,20260906,all,cox_slope_deviation,gbm - scorecard,-0.06104805287179862,-0.0719236599309115,-0.02945761325929892,0.011357781071802991,0.05,200,20260906,True
2013H1-E,20260906,all,cox_slope_deviation,gbm-50k - scorecard,-0.029512662176589637,-0.07032992385280654,0.04334406700645711,0.04134831646762635,0.05,200,20260906,False
2013H1-E,20260906,all,cox_slope_deviation,tabicl - scorecard,0.11920694696554457,0.09791657723567541,0.13472942498214863,0.00897708517825785,0.05,200,20260906,True
2013H1-E,20260906,all,cox_slope_deviation,tabicl@t1 - scorecard,0.03764617816720956,0.018810958232326015,0.05353808755527002,0.008920256089864938,0.05,200,20260906,True
2013H1-E,20260906,all,cox_slope_deviation,gbm-50k - gbm,0.03153539069520898,-0.00691535360352712,0.09946212980151369,0.04083135228417346,0.05,200,20260906,False
2013H1-E,20260906,all,cox_slope_deviation,tabicl - gbm,0.18025499983734317,0.14469407921785704,0.18784710445198857,0.011164583282820363,0.05,200,20260906,True
2013H1-E,20260906,all,cox_slope_deviation,tabicl@t1 - gbm,0.09869423103900817,0.06359110707254746,0.10749482503321015,0.011348386268254403,0.05,200,20260906,True
2013H1-E,20260906,all,cox_slope_deviation,tabicl - gbm-50k,0.1487196091421342,0.07211834102956227,0.18601840869159084,0.04199874755569757,0.05,200,20260906,True
2013H1-E,20260906,all,cox_slope_deviation,tabicl@t1 - gbm-50k,0.0671588403437992,-0.00998040345518641,0.10758463748671579,0.04200974192479946,0.05,200,20260906,False
2013H1-E,20260906,all,cox_slope_deviation,tabicl@t1 - tabicl,-0.081560768798335,-0.08372663194261261,-0.07368617007796742,0.0024686158647621976,0.05,200,20260906,True
2013H1-E,20260906,all,psi,gbm - scorecard,-0.043293004464623745,-0.04456685889452961,-0.042097466411870246,0.0006414477060655029,0.05,200,20260906,True
2013H1-E,20260906,all,psi,gbm-50k - scorecard,-0.044627477335107135,-0.046379754669308514,-0.04260126245785546,0.0010585171332331625,0.05,200,20260906,True
2013H1-E,20260906,all,psi,tabicl - scorecard,0.06638774341290025,0.060710616084538975,0.0711818281500542,0.0029674325510055228,0.05,200,20260906,True
2013H1-E,20260906,all,psi,tabicl@t1 - scorecard,0.06638774341290025,0.060710616084538975,0.0711818281500542,0.0029674325510055228,0.05,200,20260906,True
2013H1-E,20260906,all,psi,gbm-50k - gbm,-0.0013344728704833924,-0.0025496324428013256,-1.29911701146873e-05,0.0008245639179934408,0.05,200,20260906,True
2013H1-E,20260906,all,psi,tabicl - gbm,0.109680747877524,0.1046518296723696,0.11427885149286858,0.00282421251370734,0.05,200,20260906,True
2013H1-E,20260906,all,psi,tabicl@t1 - gbm,0.109680747877524,0.1046518296723696,0.11427885149286858,0.00282421251370734,0.05,200,20260906,True
2013H1-E,20260906,all,psi,tabicl - gbm-50k,0.11101522074800739,0.10591840386103266,0.11644046910987293,0.003124944227218118,0.05,200,20260906,True
2013H1-E,20260906,all,psi,tabicl@t1 - gbm-50k,0.11101522074800739,0.10591840386103266,0.11644046910987293,0.003124944227218118,0.05,200,20260906,True
2013H1-E,20260906,all,psi,tabicl@t1 - tabicl,0.0,0.0,0.0,0.0,0.05,200,20260906,False
2013H1-E,20260906,nearest,gini,gbm - scorecard,0.0028761852229220453,-0.012547362258121347,0.019641697602290294,0.00845117750087747,0.05,200,20260906,False
2013H1-E,20260906,nearest,gini,gbm-50k - scorecard,-0.0020325106296122573,-0.01943787488328546,0.01700267264521673,0.009741612216607307,0.05,200,20260906,False
2013H1-E,20260906,nearest,gini,tabicl - scorecard,0.006703962767127518,-0.009978497794261585,0.021645226250160778,0.008044921018271485,0.05,200,20260906,False
2013H1-E,20260906,nearest,gini,tabicl@t1 - scorecard,0.006703962767127518,-0.009978497794261585,0.021645226250160778,0.008044921018271485,0.05,200,20260906,False
2013H1-E,20260906,nearest,gini,gbm-50k - gbm,-0.004908695852534302,-0.012909374742380353,0.0038073869795803707,0.004776389912051118,0.05,200,20260906,False
2013H1-E,20260906,nearest,gini,tabicl - gbm,0.003827777544205472,-0.010576080245626172,0.017515406972088518,0.007477491147276183,0.05,200,20260906,False
2013H1-E,20260906,nearest,gini,tabicl@t1 - gbm,0.003827777544205472,-0.010576080245626172,0.017515406972088518,0.007477491147276183,0.05,200,20260906,False
2013H1-E,20260906,nearest,gini,tabicl - gbm-50k,0.008736473396739775,-0.008774099732796805,0.02549189173143075,0.00912318850716047,0.05,200,20260906,False
2013H1-E,20260906,nearest,gini,tabicl@t1 - gbm-50k,0.008736473396739775,-0.008774099732796805,0.02549189173143075,0.00912318850716047,0.05,200,20260906,False
2013H1-E,20260906,nearest,gini,tabicl@t1 - tabicl,0.0,0.0,0.0,0.0,0.05,200,20260906,False
2013H1-E,20260906,nearest,abs_log_oe,gbm - scorecard,0.08028901395675352,0.06192041902556344,0.08358729433654608,0.00472095132684574,0.05,200,20260906,True
2013H1-E,20260906,nearest,abs_log_oe,gbm-50k - scorecard,0.08938907965897801,0.0704659603445747,0.09557732980153391,0.006020935001742661,0.05,200,20260906,True
2013H1-E,20260906,nearest,abs_log_oe,tabicl - scorecard,-0.027001087819072025,-0.033830318472492946,0.016228631956617084,0.013811848066585789,0.05,200,20260906,False
2013H1-E,20260906,nearest,abs_log_oe,tabicl@t1 - scorecard,0.29956309106885215,0.27941586813140395,0.30379125908232385,0.0051534796037913805,0.05,200,20260906,True
2013H1-E,20260906,nearest,abs_log_oe,gbm-50k - gbm,0.009100065702224491,0.004326394772506657,0.013864462575932752,0.003349143177620907,0.05,200,20260906,True
2013H1-E,20260906,nearest,abs_log_oe,tabicl - gbm,-0.10729010177582554,-0.11114966991315982,-0.05714081761132602,0.015014587374406942,0.05,200,20260906,True
2013H1-E,20260906,nearest,abs_log_oe,tabicl@t1 - gbm,0.2192740771120986,0.21511256199055667,0.22298651974779385,0.0021162182670490383,0.05,200,20260906,True
2013H1-E,20260906,nearest,abs_log_oe,tabicl - gbm-50k,-0.11639016747805003,-0.12125715699828844,-0.06854332367010116,0.015159267157497866,0.05,200,20260906,True
2013H1-E,20260906,nearest,abs_log_oe,tabicl@t1 - gbm-50k,0.21017401140987413,0.20548473548385318,0.2154347809992248,0.0026054016200547413,0.05,200,20260906,True
2013H1-E,20260906,nearest,abs_log_oe,tabicl@t1 - tabicl,0.32656417888792416,0.2766134552914082,0.32754992203927286,0.01493501372485192,0.05,200,20260906,True
2013H1-E,20260906,nearest,cox_slope_deviation,gbm - scorecard,-0.035525265032271575,-0.06884908924029981,0.02610492690970278,0.023292023512052857,0.05,200,20260906,False
2013H1-E,20260906,nearest,cox_slope_deviation,gbm-50k - scorecard,-0.0018648442312763265,-0.06503320745713788,0.10066441970000332,0.0532042541183205,0.05,200,20260906,False
2013H1-E,20260906,nearest,cox_slope_deviation,tabicl - scorecard,0.12693265943837898,0.08838793664535716,0.16412068183144427,0.02015842375161676,0.05,200,20260906,True
2013H1-E,20260906,nearest,cox_slope_deviation,tabicl@t1 - scorecard,0.04879703275243825,0.009145504830779284,0.08682470836306501,0.020341143321212552,0.05,200,20260906,True
2013H1-E,20260906,nearest,cox_slope_deviation,gbm-50k - gbm,0.033660420800995246,-0.015511247075625019,0.11352112049839336,0.04859072318999777,0.05,200,20260906,False
2013H1-E,20260906,nearest,cox_slope_deviation,tabicl - gbm,0.16245792447065058,0.11137626597378551,0.19484352651957124,0.020746546115629396,0.05,200,20260906,True
2013H1-E,20260906,nearest,cox_slope_deviation,tabicl@t1 - gbm,0.08432229778470983,0.031076304384054867,0.11516698333537757,0.02118400665138347,0.05,200,20260906,True
2013H1-E,20260906,nearest,cox_slope_deviation,tabicl - gbm-50k,0.12879750366965534,0.031213162337070905,0.1950751027009943,0.05334713322021097,0.05,200,20260906,True
2013H1-E,20260906,nearest,cox_slope_deviation,tabicl@t1 - gbm-50k,0.05066187698371458,-0.05107043200937459,0.11938759127499969,0.0535413760166222,0.05,200,20260906,False
2013H1-E,20260906,nearest,cox_slope_deviation,tabicl@t1 - tabicl,-0.07813562668594075,-0.08382354410058904,-0.06994102361792298,0.0036158593480675825,0.05,200,20260906,True
2013H1-E,20260906,nearest,psi,gbm - scorecard,-0.013017211487896543,-0.015573144313926729,-0.010563545068254012,0.0012203481142189423,0.05,200,20260906,True
2013H1-E,20260906,nearest,psi,gbm-50k - scorecard,-0.013776393085958459,-0.01615215325898676,-0.01058929140687505,0.0015701789841455604,0.05,200,20260906,True
2013H1-E,20260906,nearest,psi,tabicl - scorecard,0.07858155089426909,0.07004827239162859,0.08636053495931333,0.004417014493053658,0.05,200,20260906,True
2013H1-E,20260906,nearest,psi,tabicl@t1 - scorecard,0.07858155089426909,0.07004827239162859,0.08636053495931333,0.004417014493053658,0.05,200,20260906,True
2013H1-E,20260906,nearest,psi,gbm-50k - gbm,-0.0007591815980619154,-0.0022479193340804735,0.0012501425553906674,0.001079549049373098,0.05,200,20260906,False
2013H1-E,20260906,nearest,psi,tabicl - gbm,0.09159876238216562,0.08334974420580149,0.09800810123375976,0.003906300308199783,0.05,200,20260906,True
2013H1-E,20260906,nearest,psi,tabicl@t1 - gbm,0.09159876238216562,0.08334974420580149,0.09800810123375976,0.003906300308199783,0.05,200,20260906,True
2013H1-E,20260906,nearest,psi,tabicl - gbm-50k,0.09235794398022752,0.08496535252928579,0.09888908607583372,0.0036576384165002015,0.05,200,20260906,True
2013H1-E,20260906,nearest,psi,tabicl@t1 - gbm-50k,0.09235794398022752,0.08496535252928579,0.09888908607583372,0.0036576384165002015,0.05,200,20260906,True
2013H1-E,20260906,nearest,psi,tabicl@t1 - tabicl,0.0,0.0,0.0,0.0,0.05,200,20260906,False
2013H1-E,20260906,"all, cohorts resampled",gini,gbm - scorecard,0.019259857542915648,0.00929297782623245,0.027353333536238013,0.00462076286786388,0.05,200,20260906,True
2013H1-E,20260906,"all, cohorts resampled",gini,gbm-50k - scorecard,0.013918593792282608,0.003424798365572132,0.023846124403179864,0.0054866099918084825,0.05,200,20260906,True
2013H1-E,20260906,"all, cohorts resampled",gini,tabicl - scorecard,0.0034360351487468153,-0.006539457836542725,0.013053534976630646,0.004982361684661916,0.05,200,20260906,False
2013H1-E,20260906,"all, cohorts resampled",gini,tabicl@t1 - scorecard,0.0034360351487468153,-0.006539457836542725,0.013053534976630646,0.004982361684661916,0.05,200,20260906,False
2013H1-E,20260906,"all, cohorts resampled",gini,gbm-50k - gbm,-0.005341263750633041,-0.012014400343029833,-0.000254602501236411,0.003550947481317967,0.05,200,20260906,True
2013H1-E,20260906,"all, cohorts resampled",gini,tabicl - gbm,-0.015823822394168834,-0.026183755952514078,-0.00493830335159143,0.00534908898880522,0.05,200,20260906,True
2013H1-E,20260906,"all, cohorts resampled",gini,tabicl@t1 - gbm,-0.015823822394168834,-0.026183755952514078,-0.00493830335159143,0.00534908898880522,0.05,200,20260906,True
2013H1-E,20260906,"all, cohorts resampled",gini,tabicl - gbm-50k,-0.010482558643535792,-0.023166587342412906,0.00038383059246335105,0.006179598667282927,0.05,200,20260906,False
2013H1-E,20260906,"all, cohorts resampled",gini,tabicl@t1 - gbm-50k,-0.010482558643535792,-0.023166587342412906,0.00038383059246335105,0.006179598667282927,0.05,200,20260906,False
2013H1-E,20260906,"all, cohorts resampled",gini,tabicl@t1 - tabicl,0.0,0.0,0.0,0.0,0.05,200,20260906,False
2013H1-E,20260906,"all, cohorts resampled",abs_log_oe,gbm - scorecard,-0.06051083369926799,-0.10619979232432813,-0.01562549469617908,0.02387949238809662,0.05,200,20260906,True
2013H1-E,20260906,"all, cohorts resampled",abs_log_oe,gbm-50k - scorecard,-0.06489398599385182,-0.11912228087604135,-0.014492234320139534,0.02669697481618121,0.05,200,20260906,True
2013H1-E,20260906,"all, cohorts resampled",abs_log_oe,tabicl - scorecard,-0.06102815951896429,-0.08393650437983133,-0.03369970344199928,0.013840765186783942,0.05,200,20260906,True
2013H1-E,20260906,"all, cohorts resampled",abs_log_oe,tabicl@t1 - scorecard,-0.07188359489375415,-0.204511533095571,0.07171574773245443,0.07660578198990667,0.05,200,20260906,False
2013H1-E,20260906,"all, cohorts resampled",abs_log_oe,gbm-50k - gbm,-0.004383152294583831,-0.01224509842243434,0.002045465734828764,0.0039193359471067545,0.05,200,20260906,False
2013H1-E,20260906,"all, cohorts resampled",abs_log_oe,tabicl - gbm,-0.000517325819696296,-0.02547935592449926,0.025021087136466617,0.013575555731664942,0.05,200,20260906,False
2013H1-E,20260906,"all, cohorts resampled",abs_log_oe,tabicl@t1 - gbm,-0.011372761194486158,-0.10874322459720158,0.10018164456489591,0.056271519428543214,0.05,200,20260906,False
2013H1-E,20260906,"all, cohorts resampled",abs_log_oe,tabicl - gbm-50k,0.003865826474887535,-0.02546536531765307,0.038522978107401025,0.016175729629309604,0.05,200,20260906,False
2013H1-E,20260906,"all, cohorts resampled",abs_log_oe,tabicl@t1 - gbm-50k,-0.006989608899902328,-0.09981185909836852,0.10219957843587273,0.05416254071896872,0.05,200,20260906,False
2013H1-E,20260906,"all, cohorts resampled",abs_log_oe,tabicl@t1 - tabicl,-0.010855435374789862,-0.12359390714494313,0.11995832853364063,0.06548955674386114,0.05,200,20260906,False
2013H1-E,20260906,"all, cohorts resampled",cox_slope_deviation,gbm - scorecard,-0.06104805287179862,-0.07869041985082467,-0.023219478866559912,0.015042046990588413,0.05,200,20260906,True
2013H1-E,20260906,"all, cohorts resampled",cox_slope_deviation,gbm-50k - scorecard,-0.029512662176589637,-0.07867538145300702,0.04649657319580568,0.0425525121231229,0.05,200,20260906,False
2013H1-E,20260906,"all, cohorts resampled",cox_slope_deviation,tabicl - scorecard,0.11920694696554457,0.0926407319080049,0.14008497270739517,0.012155950844871647,0.05,200,20260906,True
2013H1-E,20260906,"all, cohorts resampled",cox_slope_deviation,tabicl@t1 - scorecard,0.03764617816720956,0.012576957608496295,0.06095452439620872,0.012276616818670837,0.05,200,20260906,True
2013H1-E,20260906,"all, cohorts resampled",cox_slope_deviation,gbm-50k - gbm,0.03153539069520898,-0.008017831822669361,0.10021259817943257,0.03954473010062975,0.05,200,20260906,False
2013H1-E,20260906,"all, cohorts resampled",cox_slope_deviation,tabicl - gbm,0.18025499983734317,0.12973219222916774,0.19764220725510975,0.015673057043563594,0.05,200,20260906,True
2013H1-E,20260906,"all, cohorts resampled",cox_slope_deviation,tabicl@t1 - gbm,0.09869423103900817,0.050596285114324936,0.11741409133343418,0.015920088227154263,0.05,200,20260906,True
2013H1-E,20260906,"all, cohorts resampled",cox_slope_deviation,tabicl - gbm-50k,0.1487196091421342,0.0718738109579457,0.20130359884167517,0.04285525844838902,0.05,200,20260906,True
2013H1-E,20260906,"all, cohorts resampled",cox_slope_deviation,tabicl@t1 - gbm-50k,0.0671588403437992,-0.00884572900621971,0.12070937629713349,0.04298905940380959,0.05,200,20260906,False
2013H1-E,20260906,"all, cohorts resampled",cox_slope_deviation,tabicl@t1 - tabicl,-0.081560768798335,-0.08412193280621312,-0.07293335119461627,0.002705298104050835,0.05,200,20260906,True
2013H1-E,20260906,"all, cohorts resampled",psi,gbm - scorecard,-0.043293004464623745,-0.05409878921878127,-0.031972559189275246,0.005694056182830767,0.05,200,20260906,True
2013H1-E,20260906,"all, cohorts resampled",psi,gbm-50k - scorecard,-0.044627477335107135,-0.056457437652190696,-0.03165430762294644,0.00623149701371421,0.05,200,20260906,True
2013H1-E,20260906,"all, cohorts resampled",psi,tabicl - scorecard,0.06638774341290025,0.03802752918319271,0.09946202207348198,0.015067464809455174,0.05,200,20260906,True
2013H1-E,20260906,"all, cohorts resampled",psi,tabicl@t1 - scorecard,0.06638774341290025,0.03802752918319271,0.09946202207348198,0.015067464809455174,0.05,200,20260906,True
2013H1-E,20260906,"all, cohorts resampled",psi,gbm-50k - gbm,-0.0013344728704833924,-0.002969800201535112,0.0008379763108568856,0.0010577886301526476,0.05,200,20260906,False
2013H1-E,20260906,"all, cohorts resampled",psi,tabicl - gbm,0.109680747877524,0.08995390807771098,0.13564669952187688,0.011544359993718787,0.05,200,20260906,True
2013H1-E,20260906,"all, cohorts resampled",psi,tabicl@t1 - gbm,0.109680747877524,0.08995390807771098,0.13564669952187688,0.011544359993718787,0.05,200,20260906,True
2013H1-E,20260906,"all, cohorts resampled",psi,tabicl - gbm-50k,0.11101522074800739,0.09181475485846112,0.1368767372623353,0.011286015814922102,0.05,200,20260906,True
2013H1-E,20260906,"all, cohorts resampled",psi,tabicl@t1 - gbm-50k,0.11101522074800739,0.09181475485846112,0.1368767372623353,0.011286015814922102,0.05,200,20260906,True
2013H1-E,20260906,"all, cohorts resampled",psi,tabicl@t1 - tabicl,0.0,0.0,0.0,0.0,0.05,200,20260906,False
2013H1-E,20260907,all,gini,gbm - scorecard,0.019259857542915648,0.012728955833611843,0.024199246204875784,0.002975636422005554,0.05,200,20260907,True
2013H1-E,20260907,all,gini,gbm-50k - scorecard,0.013918593792282608,0.004895935339408239,0.021383426640537606,0.004561950805588886,0.05,200,20260907,True
2013H1-E,20260907,all,gini,tabicl - scorecard,0.0034360351487468153,-0.002387505621552627,0.00988201260171872,0.003319833301748762,0.05,200,20260907,False
2013H1-E,20260907,all,gini,tabicl@t1 - scorecard,0.0034360351487468153,-0.002387505621552627,0.00988201260171872,0.003319833301748762,0.05,200,20260907,False
2013H1-E,20260907,all,gini,gbm-50k - gbm,-0.005341263750633041,-0.011137043189606139,-0.0007930995790237564,0.0032057846082115355,0.05,200,20260907,True
2013H1-E,20260907,all,gini,tabicl - gbm,-0.015823822394168834,-0.021329705306176134,-0.010093294007151176,0.0029388752743375055,0.05,200,20260907,True
2013H1-E,20260907,all,gini,tabicl@t1 - gbm,-0.015823822394168834,-0.021329705306176134,-0.010093294007151176,0.0029388752743375055,0.05,200,20260907,True
2013H1-E,20260907,all,gini,tabicl - gbm-50k,-0.010482558643535792,-0.017934171590183633,-0.0018178929646174115,0.00434282943564979,0.05,200,20260907,True
2013H1-E,20260907,all,gini,tabicl@t1 - gbm-50k,-0.010482558643535792,-0.017934171590183633,-0.0018178929646174115,0.00434282943564979,0.05,200,20260907,True
2013H1-E,20260907,all,gini,tabicl@t1 - tabicl,0.0,0.0,0.0,0.0,0.05,200,20260907,False
2013H1-E,20260907,all,abs_log_oe,gbm - scorecard,-0.06051083369926799,-0.0695632217197529,-0.05773851280939136,0.0031525161024513323,0.05,200,20260907,True
2013H1-E,20260907,all,abs_log_oe,gbm-50k - scorecard,-0.06489398599385182,-0.07478358925546649,-0.058825645594458735,0.004309646508637219,0.05,200,20260907,True
2013H1-E,20260907,all,abs_log_oe,tabicl - scorecard,-0.06102815951896429,-0.06820476012239957,-0.05348227573679725,0.003653077550764207,0.05,200,20260907,True
2013H1-E,20260907,all,abs_log_oe,tabicl@t1 - scorecard,-0.07188359489375415,-0.0920275635252818,-0.044187057400180405,0.012564630781396234,0.05,200,20260907,True
2013H1-E,20260907,all,abs_log_oe,gbm-50k - gbm,-0.004383152294583831,-0.006989200936509088,0.0003986160745815192,0.0027521923795053574,0.05,200,20260907,False
2013H1-E,20260907,all,abs_log_oe,tabicl - gbm,-0.000517325819696296,-0.0019293155717508312,0.007743859631327703,0.0025578741570576095,0.05,200,20260907,False
2013H1-E,20260907,all,abs_log_oe,tabicl@t1 - gbm,-0.011372761194486158,-0.029393930407181648,0.016465745685205667,0.012192329212209,0.05,200,20260907,False
2013H1-E,20260907,all,abs_log_oe,tabicl - gbm-50k,0.003865826474887535,-0.0007900243994289721,0.013557737547996938,0.0035334583736107445,0.05,200,20260907,False
2013H1-E,20260907,all,abs_log_oe,tabicl@t1 - gbm-50k,-0.006989608899902328,-0.02527476388551587,0.02248624105723296,0.012289510182120612,0.05,200,20260907,False
2013H1-E,20260907,all,abs_log_oe,tabicl@t1 - tabicl,-0.010855435374789862,-0.029974786565228614,0.018374324570145126,0.012319068024635926,0.05,200,20260907,False
2013H1-E,20260907,all,cox_slope_deviation,gbm - scorecard,-0.06104805287179862,-0.07317548082964634,-0.026045700330031233,0.012491317973955416,0.05,200,20260907,True
2013H1-E,20260907,all,cox_slope_deviation,gbm-50k - scorecard,-0.029512662176589637,-0.07515358856489268,0.046735133758928606,0.0399124911650284,0.05,200,20260907,False
2013H1-E,20260907,all,cox_slope_deviation,tabicl - scorecard,0.11920694696554457,0.09359022985584785,0.13430710347042799,0.009633953152058426,0.05,200,20260907,True
2013H1-E,20260907,all,cox_slope_deviation,tabicl@t1 - scorecard,0.03764617816720956,0.013212871462964506,0.05375794444688188,0.009424697464182421,0.05,200,20260907,True
2013H1-E,20260907,all,cox_slope_deviation,gbm-50k - gbm,0.03153539069520898,-0.006025944593266377,0.09562477527902631,0.037160428763575094,0.05,200,20260907,False
2013H1-E,20260907,all,cox_slope_deviation,tabicl - gbm,0.18025499983734317,0.13882410336460863,0.1903599843552807,0.012850391203222365,0.05,200,20260907,True
2013H1-E,20260907,all,cox_slope_deviation,tabicl@t1 - gbm,0.09869423103900817,0.05987661368371208,0.10957317216302853,0.012496565630386276,0.05,200,20260907,True
2013H1-E,20260907,all,cox_slope_deviation,tabicl - gbm-50k,0.1487196091421342,0.07055944767463448,0.1883367557845615,0.04026176203849407,0.05,200,20260907,True
2013H1-E,20260907,all,cox_slope_deviation,tabicl@t1 - gbm-50k,0.0671588403437992,-0.00900967726409266,0.10799752472169469,0.040391034646063285,0.05,200,20260907,False
2013H1-E,20260907,all,cox_slope_deviation,tabicl@t1 - tabicl,-0.081560768798335,-0.08361359380534424,-0.07389616010836238,0.002385152826427047,0.05,200,20260907,True
2013H1-E,20260907,all,psi,gbm - scorecard,-0.043293004464623745,-0.044578151011035023,-0.042112860843786994,0.0006199478210776056,0.05,200,20260907,True
2013H1-E,20260907,all,psi,gbm-50k - scorecard,-0.044627477335107135,-0.046361891120884055,-0.042823319898377864,0.0010048418463282915,0.05,200,20260907,True
2013H1-E,20260907,all,psi,tabicl - scorecard,0.06638774341290025,0.060155897896776764,0.07215973323775723,0.003272450491190122,0.05,200,20260907,True
2013H1-E,20260907,all,psi,tabicl@t1 - scorecard,0.06638774341290025,0.060155897896776764,0.07215973323775723,0.003272450491190122,0.05,200,20260907,True
2013H1-E,20260907,all,psi,gbm-50k - gbm,-0.0013344728704833924,-0.0025516627488101087,-2.1513036697451405e-05,0.0008544856778033101,0.05,200,20260907,True
2013H1-E,20260907,all,psi,tabicl - gbm,0.109680747877524,0.10464829594959417,0.11489308908954418,0.003013856932159426,0.05,200,20260907,True
2013H1-E,20260907,all,psi,tabicl@t1 - gbm,0.109680747877524,0.10464829594959417,0.11489308908954418,0.003013856932159426,0.05,200,20260907,True
2013H1-E,20260907,all,psi,tabicl - gbm-50k,0.11101522074800739,0.10597021017690716,0.11692589385577619,0.0033982689757921696,0.05,200,20260907,True
2013H1-E,20260907,all,psi,tabicl@t1 - gbm-50k,0.11101522074800739,0.10597021017690716,0.11692589385577619,0.0033982689757921696,0.05,200,20260907,True
2013H1-E,20260907,all,psi,tabicl@t1 - tabicl,0.0,0.0,0.0,0.0,0.05,200,20260907,False
2013H1-E,20260907,nearest,gini,gbm - scorecard,0.0028761852229220453,-0.01164749863577921,0.02044116498766068,0.008133223323424093,0.05,200,20260907,False
2013H1-E,20260907,nearest,gini,gbm-50k - scorecard,-0.0020325106296122573,-0.018042345970579195,0.016023031324769742,0.009175947499433545,0.05,200,20260907,False
2013H1-E,20260907,nearest,gini,tabicl - scorecard,0.006703962767127518,-0.009377769197467358,0.02605886522261622,0.00915882606751501,0.05,200,20260907,False
2013H1-E,20260907,nearest,gini,tabicl@t1 - scorecard,0.006703962767127518,-0.009377769197467358,0.02605886522261622,0.00915882606751501,0.05,200,20260907,False
2013H1-E,20260907,nearest,gini,gbm-50k - gbm,-0.004908695852534302,-0.01252423226679954,0.0030319305859837047,0.004490156604349083,0.05,200,20260907,False
2013H1-E,20260907,nearest,gini,tabicl - gbm,0.003827777544205472,-0.011279973863515784,0.016595661597348998,0.0071386069937574076,0.05,200,20260907,False
2013H1-E,20260907,nearest,gini,tabicl@t1 - gbm,0.003827777544205472,-0.011279973863515784,0.016595661597348998,0.0071386069937574076,0.05,200,20260907,False
2013H1-E,20260907,nearest,gini,tabicl - gbm-50k,0.008736473396739775,-0.007987532194021384,0.02272024564967299,0.008068497163227217,0.05,200,20260907,False
2013H1-E,20260907,nearest,gini,tabicl@t1 - gbm-50k,0.008736473396739775,-0.007987532194021384,0.02272024564967299,0.008068497163227217,0.05,200,20260907,False
2013H1-E,20260907,nearest,gini,tabicl@t1 - tabicl,0.0,0.0,0.0,0.0,0.05,200,20260907,False
2013H1-E,20260907,nearest,abs_log_oe,gbm - scorecard,0.08028901395675352,0.06489847828615841,0.08341761915208316,0.0044914720179953845,0.05,200,20260907,True
2013H1-E,20260907,nearest,abs_log_oe,gbm-50k - scorecard,0.08938907965897801,0.07367535295364515,0.09577751097496752,0.005943548843615996,0.05,200,20260907,True
2013H1-E,20260907,nearest,abs_log_oe,tabicl - scorecard,-0.027001087819072025,-0.031619670981913,0.01636219162639595,0.0131837715358195,0.05,200,20260907,False
2013H1-E,20260907,nearest,abs_log_oe,tabicl@t1 - scorecard,0.29956309106885215,0.2823462751888699,0.3044264994001009,0.005008972293971858,0.05,200,20260907,True
2013H1-E,20260907,nearest,abs_log_oe,gbm-50k - gbm,0.009100065702224491,0.004186382532176013,0.01376043165412623,0.0032185121496385765,0.05,200,20260907,True
2013H1-E,20260907,nearest,abs_log_oe,tabicl - gbm,-0.10729010177582554,-0.11079037846796805,-0.05642269262762534,0.014921208895645284,0.05,200,20260907,True
2013H1-E,20260907,nearest,abs_log_oe,tabicl@t1 - gbm,0.2192740771120986,0.21614529088114737,0.22380231579896342,0.0020107764268844828,0.05,200,20260907,True
2013H1-E,20260907,nearest,abs_log_oe,tabicl - gbm-50k,-0.11639016747805003,-0.1211114596858558,-0.0619089064494676,0.015046186119188733,0.05,200,20260907,True
2013H1-E,20260907,nearest,abs_log_oe,tabicl@t1 - gbm-50k,0.21017401140987413,0.2057342204402423,0.21507648955017641,0.0026610032021448285,0.05,200,20260907,True
2013H1-E,20260907,nearest,abs_log_oe,tabicl@t1 - tabicl,0.32656417888792416,0.27358324741795864,0.32746069257227495,0.014820280879285006,0.05,200,20260907,True
2013H1-E,20260907,nearest,cox_slope_deviation,gbm - scorecard,-0.035525265032271575,-0.07187289505576057,0.02687409560673531,0.024424375223671756,0.05,200,20260907,False
2013H1-E,20260907,nearest,cox_slope_deviation,gbm-50k - scorecard,-0.0018648442312763265,-0.07165314596266163,0.09536085694730691,0.05022282498242542,0.05,200,20260907,False
2013H1-E,20260907,nearest,cox_slope_deviation,tabicl - scorecard,0.12693265943837898,0.07666184184604927,0.1667460832803329,0.02348196494270293,0.05,200,20260907,True
2013H1-E,20260907,nearest,cox_slope_deviation,tabicl@t1 - scorecard,0.04879703275243825,-0.004095260323510582,0.0892041919263385,0.02446310528370185,0.05,200,20260907,False
2013H1-E,20260907,nearest,cox_slope_deviation,gbm-50k - gbm,0.033660420800995246,-0.014284593355004722,0.11341943457166169,0.0447769896698242,0.05,200,20260907,False
2013H1-E,20260907,nearest,cox_slope_deviation,tabicl - gbm,0.16245792447065058,0.10700579069726335,0.19554495053126736,0.023650777614837467,0.05,200,20260907,True
2013H1-E,20260907,nearest,cox_slope_deviation,tabicl@t1 - gbm,0.08432229778470983,0.023560079874778768,0.11825956515496025,0.02488604838403877,0.05,200,20260907,True
2013H1-E,20260907,nearest,cox_slope_deviation,tabicl - gbm-50k,0.12879750366965534,0.03786606101649555,0.19212715435408215,0.049793943268020044,0.05,200,20260907,True
2013H1-E,20260907,nearest,cox_slope_deviation,tabicl@t1 - gbm-50k,0.05066187698371458,-0.0464861191181946,0.11785215004942903,0.05042074420770888,0.05,200,20260907,False
2013H1-E,20260907,nearest,cox_slope_deviation,tabicl@t1 - tabicl,-0.07813562668594075,-0.08598529345626435,-0.07061127292257713,0.003675116936413832,0.05,200,20260907,True
2013H1-E,20260907,nearest,psi,gbm - scorecard,-0.013017211487896543,-0.014896763492891684,-0.010810972248321317,0.0011049383264842994,0.05,200,20260907,True
2013H1-E,20260907,nearest,psi,gbm-50k - scorecard,-0.013776393085958459,-0.016274405897452552,-0.010659315367179093,0.0014528906881078854,0.05,200,20260907,True
2013H1-E,20260907,nearest,psi,tabicl - scorecard,0.07858155089426909,0.07153139526639248,0.0869185876667127,0.003925426880596371,0.05,200,20260907,True
2013H1-E,20260907,nearest,psi,tabicl@t1 - scorecard,0.07858155089426909,0.07153139526639248,0.0869185876667127,0.003925426880596371,0.05,200,20260907,True
2013H1-E,20260907,nearest,psi,gbm-50k - gbm,-0.0007591815980619154,-0.002287682378704146,0.001199593850962045,0.0010724998834491335,0.05,200,20260907,False
2013H1-E,20260907,nearest,psi,tabicl - gbm,0.09159876238216562,0.08496734273200897,0.09866884866716136,0.0035102386076385724,0.05,200,20260907,True
2013H1-E,20260907,nearest,psi,tabicl@t1 - gbm,0.09159876238216562,0.08496734273200897,0.09866884866716136,0.0035102386076385724,0.05,200,20260907,True
2013H1-E,20260907,nearest,psi,tabicl - gbm-50k,0.09235794398022752,0.08629561229247981,0.09960092611039494,0.0033992767326454613,0.05,200,20260907,True
2013H1-E,20260907,nearest,psi,tabicl@t1 - gbm-50k,0.09235794398022752,0.08629561229247981,0.09960092611039494,0.0033992767326454613,0.05,200,20260907,True
2013H1-E,20260907,nearest,psi,tabicl@t1 - tabicl,0.0,0.0,0.0,0.0,0.05,200,20260907,False
2013H1-E,20260907,"all, cohorts resampled",gini,gbm - scorecard,0.019259857542915648,0.010411741393430249,0.02646799455913816,0.004455352276071806,0.05,200,20260907,True
2013H1-E,20260907,"all, cohorts resampled",gini,gbm-50k - scorecard,0.013918593792282608,0.0015882766318496876,0.023470168343755232,0.005851974743999508,0.05,200,20260907,True
2013H1-E,20260907,"all, cohorts resampled",gini,tabicl - scorecard,0.0034360351487468153,-0.006828147867552398,0.01561501482501441,0.00559273420263522,0.05,200,20260907,False
2013H1-E,20260907,"all, cohorts resampled",gini,tabicl@t1 - scorecard,0.0034360351487468153,-0.006828147867552398,0.01561501482501441,0.00559273420263522,0.05,200,20260907,False
2013H1-E,20260907,"all, cohorts resampled",gini,gbm-50k - gbm,-0.005341263750633041,-0.011600436259827766,-0.000169776931373866,0.0035873968063379323,0.05,200,20260907,True
2013H1-E,20260907,"all, cohorts resampled",gini,tabicl - gbm,-0.015823822394168834,-0.02514681113828749,-0.004930963937841747,0.0052864452458534165,0.05,200,20260907,True
2013H1-E,20260907,"all, cohorts resampled",gini,tabicl@t1 - gbm,-0.015823822394168834,-0.02514681113828749,-0.004930963937841747,0.0052864452458534165,0.05,200,20260907,True
2013H1-E,20260907,"all, cohorts resampled",gini,tabicl - gbm-50k,-0.010482558643535792,-0.022965671921680093,0.002243201837967126,0.006296662589961458,0.05,200,20260907,False
2013H1-E,20260907,"all, cohorts resampled",gini,tabicl@t1 - gbm-50k,-0.010482558643535792,-0.022965671921680093,0.002243201837967126,0.006296662589961458,0.05,200,20260907,False
2013H1-E,20260907,"all, cohorts resampled",gini,tabicl@t1 - tabicl,0.0,0.0,0.0,0.0,0.05,200,20260907,False
2013H1-E,20260907,"all, cohorts resampled",abs_log_oe,gbm - scorecard,-0.06051083369926799,-0.10268846456163494,-0.02264957521231203,0.02029777544360284,0.05,200,20260907,True
2013H1-E,20260907,"all, cohorts resampled",abs_log_oe,gbm-50k - scorecard,-0.06489398599385182,-0.10854588115596048,-0.0238641763303589,0.02246688213622455,0.05,200,20260907,True
2013H1-E,20260907,"all, cohorts resampled",abs_log_oe,tabicl - scorecard,-0.06102815951896429,-0.08437653163680445,-0.0375132571673607,0.012101844064982912,0.05,200,20260907,True
2013H1-E,20260907,"all, cohorts resampled",abs_log_oe,tabicl@t1 - scorecard,-0.07188359489375415,-0.20934881037143632,0.04865408764434649,0.06530319211278424,0.05,200,20260907,False
2013H1-E,20260907,"all, cohorts resampled",abs_log_oe,gbm-50k - gbm,-0.004383152294583831,-0.010916027104052388,0.0016727726542058758,0.003644129310018631,0.05,200,20260907,False
2013H1-E,20260907,"all, cohorts resampled",abs_log_oe,tabicl - gbm,-0.000517325819696296,-0.020907328786904215,0.02228648053224731,0.011702764892586362,0.05,200,20260907,False
2013H1-E,20260907,"all, cohorts resampled",abs_log_oe,tabicl@t1 - gbm,-0.011372761194486158,-0.10921495308960145,0.07940954108908656,0.04968192948590396,0.05,200,20260907,False
2013H1-E,20260907,"all, cohorts resampled",abs_log_oe,tabicl - gbm-50k,0.003865826474887535,-0.020984892297866296,0.029987792777889266,0.01356063198378188,0.05,200,20260907,False
2013H1-E,20260907,"all, cohorts resampled",abs_log_oe,tabicl@t1 - gbm-50k,-0.006989608899902328,-0.10086532340661727,0.08152818840765859,0.04837201151038093,0.05,200,20260907,False
2013H1-E,20260907,"all, cohorts resampled",abs_log_oe,tabicl@t1 - tabicl,-0.010855435374789862,-0.12505108948306382,0.09600135149369805,0.05719956818841025,0.05,200,20260907,False
2013H1-E,20260907,"all, cohorts resampled",cox_slope_deviation,gbm - scorecard,-0.06104805287179862,-0.07905663047629313,-0.025159697707127542,0.014771302203073383,0.05,200,20260907,True
2013H1-E,20260907,"all, cohorts resampled",cox_slope_deviation,gbm-50k - scorecard,-0.029512662176589637,-0.07868603978269595,0.04864272734037572,0.04370186504718443,0.05,200,20260907,False
2013H1-E,20260907,"all, cohorts resampled",cox_slope_deviation,tabicl - scorecard,0.11920694696554457,0.08885121372653022,0.13542160282139146,0.012861536138998493,0.05,200,20260907,True
2013H1-E,20260907,"all, cohorts resampled",cox_slope_deviation,tabicl@t1 - scorecard,0.03764617816720956,0.009657268122780345,0.0567281511129543,0.012680447704419276,0.05,200,20260907,True
2013H1-E,20260907,"all, cohorts resampled",cox_slope_deviation,gbm-50k - gbm,0.03153539069520898,-0.008711976699257367,0.10390873373210864,0.041735768645712386,0.05,200,20260907,False
2013H1-E,20260907,"all, cohorts resampled",cox_slope_deviation,tabicl - gbm,0.18025499983734317,0.13747047292364795,0.19233824250016568,0.014643409782025257,0.05,200,20260907,True
2013H1-E,20260907,"all, cohorts resampled",cox_slope_deviation,tabicl@t1 - gbm,0.09869423103900817,0.05810424485802316,0.11433181099259719,0.0146879794224748,0.05,200,20260907,True
2013H1-E,20260907,"all, cohorts resampled",cox_slope_deviation,tabicl - gbm-50k,0.1487196091421342,0.0623322397629253,0.19374343590351675,0.04540433731650385,0.05,200,20260907,True
2013H1-E,20260907,"all, cohorts resampled",cox_slope_deviation,tabicl@t1 - gbm-50k,0.0671588403437992,-0.019239154269159175,0.11335934122845505,0.04536643116553472,0.05,200,20260907,False
2013H1-E,20260907,"all, cohorts resampled",cox_slope_deviation,tabicl@t1 - tabicl,-0.081560768798335,-0.08416020713384618,-0.07159231552622577,0.002927522565496832,0.05,200,20260907,True
2013H1-E,20260907,"all, cohorts resampled",psi,gbm - scorecard,-0.043293004464623745,-0.05323013216417084,-0.03355272230510504,0.0051352105822520065,0.05,200,20260907,True
2013H1-E,20260907,"all, cohorts resampled",psi,gbm-50k - scorecard,-0.044627477335107135,-0.056568251940260314,-0.03492945010866326,0.005613752856230668,0.05,200,20260907,True
2013H1-E,20260907,"all, cohorts resampled",psi,tabicl - scorecard,0.06638774341290025,0.040717802985047874,0.09506460247283163,0.014780955258761184,0.05,200,20260907,True
2013H1-E,20260907,"all, cohorts resampled",psi,tabicl@t1 - scorecard,0.06638774341290025,0.040717802985047874,0.09506460247283163,0.014780955258761184,0.05,200,20260907,True
2013H1-E,20260907,"all, cohorts resampled",psi,gbm-50k - gbm,-0.0013344728704833924,-0.0031795907535174923,0.00046525523384590204,0.0009573438340339533,0.05,200,20260907,False
2013H1-E,20260907,"all, cohorts resampled",psi,tabicl - gbm,0.109680747877524,0.08891358225495014,0.1324691627482113,0.011499563558485165,0.05,200,20260907,True
2013H1-E,20260907,"all, cohorts resampled",psi,tabicl@t1 - gbm,0.109680747877524,0.08891358225495014,0.1324691627482113,0.011499563558485165,0.05,200,20260907,True
2013H1-E,20260907,"all, cohorts resampled",psi,tabicl - gbm-50k,0.11101522074800739,0.09134347692978059,0.1336677392601717,0.011209573855035007,0.05,200,20260907,True
2013H1-E,20260907,"all, cohorts resampled",psi,tabicl@t1 - gbm-50k,0.11101522074800739,0.09134347692978059,0.1336677392601717,0.011209573855035007,0.05,200,20260907,True
2013H1-E,20260907,"all, cohorts resampled",psi,tabicl@t1 - tabicl,0.0,0.0,0.0,0.0,0.05,200,20260907,False
