build_id,cohorts,draw,metric,pair,is_difference,value,ci_lo,ci_hi,se,alpha,resamples,seed,excludes_zero
2013H1-E,all,,gini,scorecard,False,0.3467366794624966,0.336919213174292,0.3569821680640701,0.0052413921094937935,0.05,200,20260905,
2013H1-E,all,,gini,gbm,False,0.3659965370054122,0.3548214958030127,0.3747941364159129,0.0051787504743450756,0.05,200,20260905,
2013H1-E,all,,gini,gbm-50k,False,0.36065527325477914,0.3485433026787006,0.3727585349945369,0.00624484465094787,0.05,200,20260905,
2013H1-E,all,,gini,tabicl,False,0.3501727146112434,0.3410442812540011,0.36066162629506876,0.00534647553864194,0.05,200,20260905,
2013H1-E,all,,gini,tabicl@t1,False,0.3501727146112434,0.3410442812540011,0.36066162629506876,0.00534647553864194,0.05,200,20260905,
2013H1-E,all,,gini,gbm - scorecard,True,0.019259857542915648,0.014317766971430789,0.025011000286394157,0.0031929411219072754,0.05,200,20260905,True
2013H1-E,all,,gini,gbm-50k - scorecard,True,0.013918593792282608,0.005202483368590144,0.02326562510240917,0.004804673779933677,0.05,200,20260905,True
2013H1-E,all,,gini,tabicl - scorecard,True,0.0034360351487468153,-0.0026163252300410163,0.009434031646458294,0.003253285343876924,0.05,200,20260905,False
2013H1-E,all,,gini,tabicl@t1 - scorecard,True,0.0034360351487468153,-0.0026163252300410163,0.009434031646458294,0.003253285343876924,0.05,200,20260905,False
2013H1-E,all,,gini,gbm-50k - gbm,True,-0.005341263750633041,-0.011191118300118309,-0.0008731554036975043,0.0033673431717213425,0.05,200,20260905,True
2013H1-E,all,,gini,tabicl - gbm,True,-0.015823822394168834,-0.021792081339106848,-0.010675987865286065,0.0030114779292663495,0.05,200,20260905,True
2013H1-E,all,,gini,tabicl@t1 - gbm,True,-0.015823822394168834,-0.021792081339106848,-0.010675987865286065,0.0030114779292663495,0.05,200,20260905,True
2013H1-E,all,,gini,tabicl - gbm-50k,True,-0.010482558643535792,-0.01908958418931892,-0.0009163999616969245,0.004453645176723586,0.05,200,20260905,True
2013H1-E,all,,gini,tabicl@t1 - gbm-50k,True,-0.010482558643535792,-0.01908958418931892,-0.0009163999616969245,0.004453645176723586,0.05,200,20260905,True
2013H1-E,all,,gini,tabicl@t1 - tabicl,True,0.0,0.0,0.0,0.0,0.05,200,20260905,False
2013H1-E,all,,abs_log_oe,scorecard,False,0.2624505565122388,0.2471937975384116,0.28231042073695256,0.0090997108389395,0.05,200,20260905,
2013H1-E,all,,abs_log_oe,gbm,False,0.20193972281297082,0.18329998276976062,0.21820460311820736,0.009515347833906028,0.05,200,20260905,
2013H1-E,all,,abs_log_oe,gbm-50k,False,0.19755657051838701,0.17732992598480493,0.21489629540649127,0.010257264649846597,0.05,200,20260905,
2013H1-E,all,,abs_log_oe,tabicl,False,0.20142239699327455,0.18386054743565403,0.218616942602187,0.008928727358250786,0.05,200,20260905,
2013H1-E,all,,abs_log_oe,tabicl@t1,False,0.19056696161848466,0.17905205680316613,0.21373705701745216,0.009479647658524699,0.05,200,20260905,
2013H1-E,all,,abs_log_oe,gbm - scorecard,True,-0.06051083369926799,-0.07139408842146021,-0.05781859716734557,0.003574378143250559,0.05,200,20260905,True
2013H1-E,all,,abs_log_oe,gbm-50k - scorecard,True,-0.06489398599385182,-0.07665172934827787,-0.05833991510139033,0.004775973683692764,0.05,200,20260905,True
2013H1-E,all,,abs_log_oe,tabicl - scorecard,True,-0.06102815951896429,-0.06963473553968987,-0.05400661634980963,0.003835599202285601,0.05,200,20260905,True
2013H1-E,all,,abs_log_oe,tabicl@t1 - scorecard,True,-0.07188359489375415,-0.09027028975130975,-0.04197168482897703,0.012900142167330554,0.05,200,20260905,True
2013H1-E,all,,abs_log_oe,gbm-50k - gbm,True,-0.004383152294583831,-0.006937720229915682,0.0006745959757184468,0.002820323897211396,0.05,200,20260905,False
2013H1-E,all,,abs_log_oe,tabicl - gbm,True,-0.000517325819696296,-0.0037197277797661223,0.009672536627132513,0.0030718902260336166,0.05,200,20260905,False
2013H1-E,all,,abs_log_oe,tabicl@t1 - gbm,True,-0.011372761194486158,-0.02736735289930189,0.01997193738625304,0.01234494933009984,0.05,200,20260905,False
2013H1-E,all,,abs_log_oe,tabicl - gbm-50k,True,0.003865826474887535,-0.002364232591022091,0.014210528089034556,0.004322114741519366,0.05,200,20260905,False
2013H1-E,all,,abs_log_oe,tabicl@t1 - gbm-50k,True,-0.006989608899902328,-0.02442891173651478,0.0247759400108077,0.012980315057197916,0.05,200,20260905,False
2013H1-E,all,,abs_log_oe,tabicl@t1 - tabicl,True,-0.010855435374789862,-0.0299742184780868,0.01804882997697441,0.012702197499522824,0.05,200,20260905,False
2013H1-E,all,,cox_slope_deviation,scorecard,False,0.14674613384944085,0.12318434331857743,0.17361007074986304,0.01312751633709847,0.05,200,20260905,
2013H1-E,all,,cox_slope_deviation,gbm,False,0.08569808097764224,0.07848341082790058,0.122676902657783,0.011190888307388971,0.05,200,20260905,
2013H1-E,all,,cox_slope_deviation,gbm-50k,False,0.11723347167285121,0.0785187955373478,0.20400257425339427,0.04153226631864835,0.05,200,20260905,
2013H1-E,all,,cox_slope_deviation,tabicl,False,0.2659530808149854,0.24033135187967314,0.2889893350885407,0.012775424256575607,0.05,200,20260905,
2013H1-E,all,,cox_slope_deviation,tabicl@t1,False,0.1843923120166504,0.15751372092881252,0.21055085117482275,0.013848811428636185,0.05,200,20260905,
2013H1-E,all,,cox_slope_deviation,gbm - scorecard,True,-0.06104805287179862,-0.07545699897188461,-0.030249677667660603,0.010872771333139268,0.05,200,20260905,True
2013H1-E,all,,cox_slope_deviation,gbm-50k - scorecard,True,-0.029512662176589637,-0.07476706547269421,0.04641925082764937,0.04168326203980766,0.05,200,20260905,False
2013H1-E,all,,cox_slope_deviation,tabicl - scorecard,True,0.11920694696554457,0.09859385128928783,0.13224095118874762,0.0088645265308295,0.05,200,20260905,True
2013H1-E,all,,cox_slope_deviation,tabicl@t1 - scorecard,True,0.03764617816720956,0.019110775589033218,0.05171565000018128,0.008685473287321954,0.05,200,20260905,True
2013H1-E,all,,cox_slope_deviation,gbm-50k - gbm,True,0.03153539069520898,-0.0069451456566890545,0.09975699058825348,0.04054981551733407,0.05,200,20260905,False
2013H1-E,all,,cox_slope_deviation,tabicl - gbm,True,0.18025499983734317,0.14500053214447375,0.1892574116981458,0.011840103785930239,0.05,200,20260905,True
2013H1-E,all,,cox_slope_deviation,tabicl@t1 - gbm,True,0.09869423103900817,0.06510601863538121,0.11072820959094459,0.012109897282049545,0.05,200,20260905,True
2013H1-E,all,,cox_slope_deviation,tabicl - gbm-50k,True,0.1487196091421342,0.06920754556150636,0.19079786211648916,0.04204239455113654,0.05,200,20260905,True
2013H1-E,all,,cox_slope_deviation,tabicl@t1 - gbm-50k,True,0.0671588403437992,-0.011560149098516074,0.1120249091095264,0.04225154856807987,0.05,200,20260905,False
2013H1-E,all,,cox_slope_deviation,tabicl@t1 - tabicl,True,-0.081560768798335,-0.08393360881889028,-0.07390528619097296,0.002359443380256742,0.05,200,20260905,True
2013H1-E,all,,psi,scorecard,False,0.05801119137478713,0.056640995651710276,0.06001835398757993,0.0008688181358250709,0.05,200,20260905,
2013H1-E,all,,psi,gbm,False,0.014718186910163385,0.014385519441397624,0.015827761194240664,0.000383810393891169,0.05,200,20260905,
2013H1-E,all,,psi,gbm-50k,False,0.013383714039679993,0.012381469444750494,0.01541606973607086,0.0009167739290586392,0.05,200,20260905,
2013H1-E,all,,psi,tabicl,False,0.12439893478768739,0.11983301703423868,0.12947798474974526,0.002855986471606851,0.05,200,20260905,
2013H1-E,all,,psi,tabicl@t1,False,0.12439893478768739,0.11983301703423868,0.12947798474974526,0.002855986471606851,0.05,200,20260905,
2013H1-E,all,,psi,gbm - scorecard,True,-0.043293004464623745,-0.04467278332771775,-0.04189013581034821,0.0007212212158059035,0.05,200,20260905,True
2013H1-E,all,,psi,gbm-50k - scorecard,True,-0.044627477335107135,-0.04682076138851026,-0.04227650675793061,0.0011859875088946238,0.05,200,20260905,True
2013H1-E,all,,psi,tabicl - scorecard,True,0.06638774341290025,0.06109979367049252,0.07166943448577526,0.0030994552308353414,0.05,200,20260905,True
2013H1-E,all,,psi,tabicl@t1 - scorecard,True,0.06638774341290025,0.06109979367049252,0.07166943448577526,0.0030994552308353414,0.05,200,20260905,True
2013H1-E,all,,psi,gbm-50k - gbm,True,-0.0013344728704833924,-0.0025203342474050356,0.00011173052770435464,0.0008507469768296455,0.05,200,20260905,False
2013H1-E,all,,psi,tabicl - gbm,True,0.109680747877524,0.10473207039872169,0.11456383266031897,0.0028935417765692767,0.05,200,20260905,True
2013H1-E,all,,psi,tabicl@t1 - gbm,True,0.109680747877524,0.10473207039872169,0.11456383266031897,0.0028935417765692767,0.05,200,20260905,True
2013H1-E,all,,psi,tabicl - gbm-50k,True,0.11101522074800739,0.10625464410038338,0.11660989247508474,0.0032427116802148685,0.05,200,20260905,True
2013H1-E,all,,psi,tabicl@t1 - gbm-50k,True,0.11101522074800739,0.10625464410038338,0.11660989247508474,0.0032427116802148685,0.05,200,20260905,True
2013H1-E,all,,psi,tabicl@t1 - tabicl,True,0.0,0.0,0.0,0.0,0.05,200,20260905,False
2013H1-E,nearest,,gini,scorecard,False,0.33311174492877926,0.3037718718264293,0.3646781451500687,0.015625224632169542,0.05,200,20260905,
2013H1-E,nearest,,gini,gbm,False,0.3359879301517013,0.3062585699163197,0.3628533726592774,0.015079168937628427,0.05,200,20260905,
2013H1-E,nearest,,gini,gbm-50k,False,0.331079234299167,0.3019562538469347,0.3563202882009555,0.015288906063075322,0.05,200,20260905,
2013H1-E,nearest,,gini,tabicl,False,0.3398157076959068,0.3072546626112038,0.3705616333372252,0.015055987943655657,0.05,200,20260905,
2013H1-E,nearest,,gini,tabicl@t1,False,0.3398157076959068,0.3072546626112038,0.3705616333372252,0.015055987943655657,0.05,200,20260905,
2013H1-E,nearest,,gini,gbm - scorecard,True,0.0028761852229220453,-0.015200808260653665,0.01980532959296016,0.00852139676610257,0.05,200,20260905,False
2013H1-E,nearest,,gini,gbm-50k - scorecard,True,-0.0020325106296122573,-0.02140137787134055,0.014422686594498503,0.009905725282730758,0.05,200,20260905,False
2013H1-E,nearest,,gini,tabicl - scorecard,True,0.006703962767127518,-0.009398346169209282,0.024539627560884947,0.008929254090950831,0.05,200,20260905,False
2013H1-E,nearest,,gini,tabicl@t1 - scorecard,True,0.006703962767127518,-0.009398346169209282,0.024539627560884947,0.008929254090950831,0.05,200,20260905,False
2013H1-E,nearest,,gini,gbm-50k - gbm,True,-0.004908695852534302,-0.013987259085679141,0.003438503087502053,0.004762577413799463,0.05,200,20260905,False
2013H1-E,nearest,,gini,tabicl - gbm,True,0.003827777544205472,-0.009567992322860232,0.017691181609040093,0.007405169453365148,0.05,200,20260905,False
2013H1-E,nearest,,gini,tabicl@t1 - gbm,True,0.003827777544205472,-0.009567992322860232,0.017691181609040093,0.007405169453365148,0.05,200,20260905,False
2013H1-E,nearest,,gini,tabicl - gbm-50k,True,0.008736473396739775,-0.006109469192046233,0.025394437234082565,0.008274160495178429,0.05,200,20260905,False
2013H1-E,nearest,,gini,tabicl@t1 - gbm-50k,True,0.008736473396739775,-0.006109469192046233,0.025394437234082565,0.008274160495178429,0.05,200,20260905,False
2013H1-E,nearest,,gini,tabicl@t1 - tabicl,True,0.0,0.0,0.0,0.0,0.05,200,20260905,False
2013H1-E,nearest,,abs_log_oe,scorecard,False,0.10259101777065534,0.05523734214621592,0.16411197769694932,0.028743002278631965,0.05,200,20260905,
2013H1-E,nearest,,abs_log_oe,gbm,False,0.18288003172740885,0.13161785126304507,0.24445841823056785,0.030076936990327652,0.05,200,20260905,
2013H1-E,nearest,,abs_log_oe,gbm-50k,False,0.19198009742963337,0.13932754948650244,0.2536465688093631,0.030149865523068222,0.05,200,20260905,
2013H1-E,nearest,,abs_log_oe,tabicl,False,0.07558992995158331,0.04060936439264889,0.13877852460683043,0.026624092289452627,0.05,200,20260905,
2013H1-E,nearest,,abs_log_oe,tabicl@t1,False,0.4021541088395075,0.3516417174700871,0.46246547945853145,0.030085371724633245,0.05,200,20260905,
2013H1-E,nearest,,abs_log_oe,gbm - scorecard,True,0.08028901395675352,0.05633099368430158,0.0833826568979886,0.007348391091484695,0.05,200,20260905,True
2013H1-E,nearest,,abs_log_oe,gbm-50k - scorecard,True,0.08938907965897801,0.06330713502366413,0.09554085877746021,0.008090508011843267,0.05,200,20260905,True
2013H1-E,nearest,,abs_log_oe,tabicl - scorecard,True,-0.027001087819072025,-0.031263231878330355,0.01633101851621558,0.013765454105815788,0.05,200,20260905,False
2013H1-E,nearest,,abs_log_oe,tabicl@t1 - scorecard,True,0.29956309106885215,0.27471544799702885,0.3036295533040732,0.0076301285793776595,0.05,200,20260905,True
2013H1-E,nearest,,abs_log_oe,gbm-50k - gbm,True,0.009100065702224491,0.004062295784127647,0.013742702540329763,0.0033424738785679197,0.05,200,20260905,True
2013H1-E,nearest,,abs_log_oe,tabicl - gbm,True,-0.10729010177582554,-0.11083851549902593,-0.04742973015584348,0.01758043217891618,0.05,200,20260905,True
2013H1-E,nearest,,abs_log_oe,tabicl@t1 - gbm,True,0.2192740771120986,0.21567326999662684,0.22354893301774784,0.002144845149454779,0.05,200,20260905,True
2013H1-E,nearest,,abs_log_oe,tabicl - gbm-50k,True,-0.11639016747805003,-0.12072628447377626,-0.05385579544228271,0.01762635494348129,0.05,200,20260905,True
2013H1-E,nearest,,abs_log_oe,tabicl@t1 - gbm-50k,True,0.21017401140987413,0.20584809112000182,0.21566986830021934,0.0027085106631751306,0.05,200,20260905,True
2013H1-E,nearest,,abs_log_oe,tabicl@t1 - tabicl,True,0.32656417888792416,0.2687295133113675,0.32739309988652865,0.017697668371835347,0.05,200,20260905,True
2013H1-E,nearest,,cox_slope_deviation,scorecard,False,0.16984670038815172,0.0998219584261206,0.2490225854498999,0.04044172922593994,0.05,200,20260905,
2013H1-E,nearest,,cox_slope_deviation,gbm,False,0.13432143535588015,0.07744938227352945,0.2159004232812478,0.036729429086833514,0.05,200,20260905,
2013H1-E,nearest,,cox_slope_deviation,gbm-50k,False,0.16798185615687541,0.08170454493075786,0.2862744293857739,0.058376809004625295,0.05,200,20260905,
2013H1-E,nearest,,cox_slope_deviation,tabicl,False,0.2967793598265307,0.22607587261242199,0.3613343365816306,0.034356941708353975,0.05,200,20260905,
2013H1-E,nearest,,cox_slope_deviation,tabicl@t1,False,0.21864373314058996,0.14008430290269105,0.29037148509070027,0.03817437967594891,0.05,200,20260905,
2013H1-E,nearest,,cox_slope_deviation,gbm - scorecard,True,-0.035525265032271575,-0.06817774756379072,0.022090557424031383,0.023967070586678414,0.05,200,20260905,False
2013H1-E,nearest,,cox_slope_deviation,gbm-50k - scorecard,True,-0.0018648442312763265,-0.07023492710475303,0.1001608101689793,0.05270500300603493,0.05,200,20260905,False
2013H1-E,nearest,,cox_slope_deviation,tabicl - scorecard,True,0.12693265943837898,0.08249244776369218,0.16644761874570616,0.02268730075280875,0.05,200,20260905,True
2013H1-E,nearest,,cox_slope_deviation,tabicl@t1 - scorecard,True,0.04879703275243825,0.0038889656316838496,0.08903995036022061,0.023149652334751733,0.05,200,20260905,True
2013H1-E,nearest,,cox_slope_deviation,gbm-50k - gbm,True,0.033660420800995246,-0.017569495854749224,0.11373449809788548,0.04639460305657938,0.05,200,20260905,False
2013H1-E,nearest,,cox_slope_deviation,tabicl - gbm,True,0.16245792447065058,0.10941083346697757,0.18944413124310472,0.022280298877522302,0.05,200,20260905,True
2013H1-E,nearest,,cox_slope_deviation,tabicl@t1 - gbm,True,0.08432229778470983,0.02377180842567059,0.11482043365600103,0.023396631184262474,0.05,200,20260905,True
2013H1-E,nearest,,cox_slope_deviation,tabicl - gbm-50k,True,0.12879750366965534,0.03179912946174233,0.1865971475173318,0.05130117360518539,0.05,200,20260905,True
2013H1-E,nearest,,cox_slope_deviation,tabicl@t1 - gbm-50k,True,0.05066187698371458,-0.04672207515178632,0.10993682513681097,0.05187785573441865,0.05,200,20260905,False
2013H1-E,nearest,,cox_slope_deviation,tabicl@t1 - tabicl,True,-0.07813562668594075,-0.08599156970973093,-0.07096285149093033,0.003817437967594938,0.05,200,20260905,True
2013H1-E,nearest,,psi,scorecard,False,0.022526608975509944,0.020522344777168803,0.025632140305909816,0.0013790571642038813,0.05,200,20260905,
2013H1-E,nearest,,psi,gbm,False,0.0095093974876134,0.008143934074995331,0.011552190467062616,0.000856854964165982,0.05,200,20260905,
2013H1-E,nearest,,psi,gbm-50k,False,0.008750215889551485,0.007170576094153174,0.011663985072829355,0.0012272501591652244,0.05,200,20260905,
2013H1-E,nearest,,psi,tabicl,False,0.10110815986977902,0.09443362967440776,0.10787788997558391,0.003745100055546187,0.05,200,20260905,
2013H1-E,nearest,,psi,tabicl@t1,False,0.10110815986977902,0.09443362967440776,0.10787788997558391,0.003745100055546187,0.05,200,20260905,
2013H1-E,nearest,,psi,gbm - scorecard,True,-0.013017211487896543,-0.015396402610263815,-0.010469006860687627,0.0012788338832196379,0.05,200,20260905,True
2013H1-E,nearest,,psi,gbm-50k - scorecard,True,-0.013776393085958459,-0.016550530385966607,-0.010354664736132724,0.0017102207791853251,0.05,200,20260905,True
2013H1-E,nearest,,psi,tabicl - scorecard,True,0.07858155089426909,0.07066635812103941,0.0865058266277988,0.004315389833584657,0.05,200,20260905,True
2013H1-E,nearest,,psi,tabicl@t1 - scorecard,True,0.07858155089426909,0.07066635812103941,0.0865058266277988,0.004315389833584657,0.05,200,20260905,True
2013H1-E,nearest,,psi,gbm-50k - gbm,True,-0.0007591815980619154,-0.0021423418768544574,0.0013231850366932493,0.0010604194927137968,0.05,200,20260905,False
2013H1-E,nearest,,psi,tabicl - gbm,True,0.09159876238216562,0.08462791785085946,0.09779661804344822,0.003634606626872737,0.05,200,20260905,True
2013H1-E,nearest,,psi,tabicl@t1 - gbm,True,0.09159876238216562,0.08462791785085946,0.09779661804344822,0.003634606626872737,0.05,200,20260905,True
2013H1-E,nearest,,psi,tabicl - gbm-50k,True,0.09235794398022752,0.08592571928495814,0.09862831445114686,0.003442498805884122,0.05,200,20260905,True
2013H1-E,nearest,,psi,tabicl@t1 - gbm-50k,True,0.09235794398022752,0.08592571928495814,0.09862831445114686,0.003442498805884122,0.05,200,20260905,True
2013H1-E,nearest,,psi,tabicl@t1 - tabicl,True,0.0,0.0,0.0,0.0,0.05,200,20260905,False
2013H1-E,"all, cohorts resampled",,gini,scorecard,False,0.3467366794624966,0.33216920400540184,0.3616779951361987,0.008210082739717139,0.05,200,20260905,
2013H1-E,"all, cohorts resampled",,gini,gbm,False,0.3659965370054122,0.3489227304786176,0.38433777640237154,0.008738079549747639,0.05,200,20260905,
2013H1-E,"all, cohorts resampled",,gini,gbm-50k,False,0.36065527325477914,0.3420676586277051,0.37977682152666864,0.009504864361875988,0.05,200,20260905,
2013H1-E,"all, cohorts resampled",,gini,tabicl,False,0.3501727146112434,0.3362133187991825,0.36639931868124104,0.007990244365588801,0.05,200,20260905,
2013H1-E,"all, cohorts resampled",,gini,tabicl@t1,False,0.3501727146112434,0.3362133187991825,0.36639931868124104,0.007990244365588801,0.05,200,20260905,
2013H1-E,"all, cohorts resampled",,gini,gbm - scorecard,True,0.019259857542915648,0.012020594847524086,0.027806926371919678,0.004235922244916738,0.05,200,20260905,True
2013H1-E,"all, cohorts resampled",,gini,gbm-50k - scorecard,True,0.013918593792282608,0.004420754337326313,0.023310173279475526,0.005365767506715562,0.05,200,20260905,True
2013H1-E,"all, cohorts resampled",,gini,tabicl - scorecard,True,0.0034360351487468153,-0.00737157639791785,0.016064456855454677,0.005969589696369991,0.05,200,20260905,False
2013H1-E,"all, cohorts resampled",,gini,tabicl@t1 - scorecard,True,0.0034360351487468153,-0.00737157639791785,0.016064456855454677,0.005969589696369991,0.05,200,20260905,False
2013H1-E,"all, cohorts resampled",,gini,gbm-50k - gbm,True,-0.005341263750633041,-0.011959229639375967,-0.0002667095720123191,0.003637762266672368,0.05,200,20260905,True
2013H1-E,"all, cohorts resampled",,gini,tabicl - gbm,True,-0.015823822394168834,-0.028030323964390508,-0.0027457285506490023,0.00617460606518643,0.05,200,20260905,True
2013H1-E,"all, cohorts resampled",,gini,tabicl@t1 - gbm,True,-0.015823822394168834,-0.028030323964390508,-0.0027457285506490023,0.00617460606518643,0.05,200,20260905,True
2013H1-E,"all, cohorts resampled",,gini,tabicl - gbm-50k,True,-0.010482558643535792,-0.02414483768669778,0.006283324885945438,0.007652271588362034,0.05,200,20260905,False
2013H1-E,"all, cohorts resampled",,gini,tabicl@t1 - gbm-50k,True,-0.010482558643535792,-0.02414483768669778,0.006283324885945438,0.007652271588362034,0.05,200,20260905,False
2013H1-E,"all, cohorts resampled",,gini,tabicl@t1 - tabicl,True,0.0,0.0,0.0,0.0,0.05,200,20260905,False
2013H1-E,"all, cohorts resampled",,abs_log_oe,scorecard,False,0.2624505565122388,0.2019890426610028,0.32739848451278114,0.03514718678891735,0.05,200,20260905,
2013H1-E,"all, cohorts resampled",,abs_log_oe,gbm,False,0.20193972281297082,0.15946546997145997,0.24459505404397108,0.021208475556733348,0.05,200,20260905,
2013H1-E,"all, cohorts resampled",,abs_log_oe,gbm-50k,False,0.19755657051838701,0.15750492939294217,0.24004077137431284,0.02107543934627565,0.05,200,20260905,
2013H1-E,"all, cohorts resampled",,abs_log_oe,tabicl,False,0.20142239699327455,0.15244041143912818,0.25505680373752865,0.02641005724007743,0.05,200,20260905,
2013H1-E,"all, cohorts resampled",,abs_log_oe,tabicl@t1,False,0.19056696161848466,0.12765567977237766,0.263785791030938,0.03654993789949144,0.05,200,20260905,
2013H1-E,"all, cohorts resampled",,abs_log_oe,gbm - scorecard,True,-0.06051083369926799,-0.1047512891002109,-0.017928766825257764,0.023016437427088903,0.05,200,20260905,True
2013H1-E,"all, cohorts resampled",,abs_log_oe,gbm-50k - scorecard,True,-0.06489398599385182,-0.11641867620251027,-0.015040397591200804,0.025595190320395585,0.05,200,20260905,True
2013H1-E,"all, cohorts resampled",,abs_log_oe,tabicl - scorecard,True,-0.06102815951896429,-0.08644636786318076,-0.03578459731269828,0.012809325899599372,0.05,200,20260905,True
2013H1-E,"all, cohorts resampled",,abs_log_oe,tabicl@t1 - scorecard,True,-0.07188359489375415,-0.18637849521471972,0.055649999082787484,0.0694184029111474,0.05,200,20260905,False
2013H1-E,"all, cohorts resampled",,abs_log_oe,gbm-50k - gbm,True,-0.004383152294583831,-0.011880996139528036,0.002854162968884908,0.003896282924461198,0.05,200,20260905,False
2013H1-E,"all, cohorts resampled",,abs_log_oe,tabicl - gbm,True,-0.000517325819696296,-0.027338131184462187,0.023731178522685668,0.013030104749684161,0.05,200,20260905,False
2013H1-E,"all, cohorts resampled",,abs_log_oe,tabicl@t1 - gbm,True,-0.011372761194486158,-0.1007412146879167,0.09053377704674519,0.05028226931465009,0.05,200,20260905,False
2013H1-E,"all, cohorts resampled",,abs_log_oe,tabicl - gbm-50k,True,0.003865826474887535,-0.02755914522301467,0.03448093587866148,0.015480750003715798,0.05,200,20260905,False
2013H1-E,"all, cohorts resampled",,abs_log_oe,tabicl@t1 - gbm-50k,True,-0.006989608899902328,-0.09428255474308121,0.09150367306747802,0.048727758219921036,0.05,200,20260905,False
2013H1-E,"all, cohorts resampled",,abs_log_oe,tabicl@t1 - tabicl,True,-0.010855435374789862,-0.11450459988545646,0.10105138905834125,0.05960092338531713,0.05,200,20260905,False
2013H1-E,"all, cohorts resampled",,cox_slope_deviation,scorecard,False,0.14674613384944085,0.11084949076330099,0.18321062859581044,0.018165816412029807,0.05,200,20260905,
2013H1-E,"all, cohorts resampled",,cox_slope_deviation,gbm,False,0.08569808097764224,0.06490792463247853,0.12669439292235268,0.015006986658044058,0.05,200,20260905,
2013H1-E,"all, cohorts resampled",,cox_slope_deviation,gbm-50k,False,0.11723347167285121,0.07071152471764222,0.207282649114588,0.044671835955376396,0.05,200,20260905,
2013H1-E,"all, cohorts resampled",,cox_slope_deviation,tabicl,False,0.2659530808149854,0.23014127874727108,0.2930223518978839,0.016773168051774676,0.05,200,20260905,
2013H1-E,"all, cohorts resampled",,cox_slope_deviation,tabicl@t1,False,0.1843923120166504,0.14762313601943927,0.2144692798865376,0.018010565395300902,0.05,200,20260905,
2013H1-E,"all, cohorts resampled",,cox_slope_deviation,gbm - scorecard,True,-0.06104805287179862,-0.07606213353981442,-0.02335507882313712,0.013306976691624325,0.05,200,20260905,True
2013H1-E,"all, cohorts resampled",,cox_slope_deviation,gbm-50k - scorecard,True,-0.029512662176589637,-0.0739829497444907,0.050251480617086466,0.04277854735684706,0.05,200,20260905,False
2013H1-E,"all, cohorts resampled",,cox_slope_deviation,tabicl - scorecard,True,0.11920694696554457,0.08958426226345816,0.13883569959242356,0.012774831668160435,0.05,200,20260905,True
2013H1-E,"all, cohorts resampled",,cox_slope_deviation,tabicl@t1 - scorecard,True,0.03764617816720956,0.008324459349184906,0.05891185447895238,0.012776735067345711,0.05,200,20260905,True
2013H1-E,"all, cohorts resampled",,cox_slope_deviation,gbm-50k - gbm,True,0.03153539069520898,-0.009389824867706885,0.10362940032764635,0.04179511660693793,0.05,200,20260905,False
2013H1-E,"all, cohorts resampled",,cox_slope_deviation,tabicl - gbm,True,0.18025499983734317,0.1407093864706597,0.19402488288243971,0.014445231350821604,0.05,200,20260905,True
2013H1-E,"all, cohorts resampled",,cox_slope_deviation,tabicl@t1 - gbm,True,0.09869423103900817,0.057222528631963455,0.11498465581410273,0.014613708826210048,0.05,200,20260905,True
2013H1-E,"all, cohorts resampled",,cox_slope_deviation,tabicl - gbm-50k,True,0.1487196091421342,0.061510343068027606,0.19035583987889237,0.04497540646196727,0.05,200,20260905,True
2013H1-E,"all, cohorts resampled",,cox_slope_deviation,tabicl@t1 - gbm-50k,True,0.0671588403437992,-0.018787144425445552,0.110329511842717,0.045023854564051224,0.05,200,20260905,False
2013H1-E,"all, cohorts resampled",,cox_slope_deviation,tabicl@t1 - tabicl,True,-0.081560768798335,-0.08474856413292299,-0.07462225792939473,0.00251518444645451,0.05,200,20260905,True
2013H1-E,"all, cohorts resampled",,psi,scorecard,False,0.05801119137478713,0.04654894356628797,0.07204260775259108,0.00676157953421416,0.05,200,20260905,
2013H1-E,"all, cohorts resampled",,psi,gbm,False,0.014718186910163385,0.011952197173768112,0.018867145404658274,0.0018324859235086866,0.05,200,20260905,
2013H1-E,"all, cohorts resampled",,psi,gbm-50k,False,0.013383714039679993,0.01055652473967084,0.017390874515713698,0.0017806735925286806,0.05,200,20260905,
2013H1-E,"all, cohorts resampled",,psi,tabicl,False,0.12439893478768739,0.10428807517247388,0.14389554485526784,0.010551638678535124,0.05,200,20260905,
2013H1-E,"all, cohorts resampled",,psi,tabicl@t1,False,0.12439893478768739,0.10428807517247388,0.14389554485526784,0.010551638678535124,0.05,200,20260905,
2013H1-E,"all, cohorts resampled",,psi,gbm - scorecard,True,-0.043293004464623745,-0.054476733000619657,-0.032293941991642226,0.005488189134521787,0.05,200,20260905,True
2013H1-E,"all, cohorts resampled",,psi,gbm-50k - scorecard,True,-0.044627477335107135,-0.0564674927406427,-0.03318462440643268,0.005845313455490666,0.05,200,20260905,True
2013H1-E,"all, cohorts resampled",,psi,tabicl - scorecard,True,0.06638774341290025,0.03599042235699215,0.09171097458849548,0.014634741992514083,0.05,200,20260905,True
2013H1-E,"all, cohorts resampled",,psi,tabicl@t1 - scorecard,True,0.06638774341290025,0.03599042235699215,0.09171097458849548,0.014634741992514083,0.05,200,20260905,True
2013H1-E,"all, cohorts resampled",,psi,gbm-50k - gbm,True,-0.0013344728704833924,-0.0031617036245030067,0.0005425129465697478,0.0009591965588290857,0.05,200,20260905,False
2013H1-E,"all, cohorts resampled",,psi,tabicl - gbm,True,0.109680747877524,0.0862478277185155,0.1313215587946413,0.011548259873518306,0.05,200,20260905,True
2013H1-E,"all, cohorts resampled",,psi,tabicl@t1 - gbm,True,0.109680747877524,0.0862478277185155,0.1313215587946413,0.011548259873518306,0.05,200,20260905,True
2013H1-E,"all, cohorts resampled",,psi,tabicl - gbm-50k,True,0.11101522074800739,0.08781411455972997,0.1309548514737354,0.011343565332023697,0.05,200,20260905,True
2013H1-E,"all, cohorts resampled",,psi,tabicl@t1 - gbm-50k,True,0.11101522074800739,0.08781411455972997,0.1309548514737354,0.011343565332023697,0.05,200,20260905,True
2013H1-E,"all, cohorts resampled",,psi,tabicl@t1 - tabicl,True,0.0,0.0,0.0,0.0,0.05,200,20260905,False
2013H1-E,all,20260911,gini,scorecard,False,0.34673667946249653,0.3375478134876802,0.35673488771369055,0.005273010690551618,0.05,200,20260905,
2013H1-E,all,20260911,gini,gbm,False,0.3659965370054122,0.35469867927479476,0.3743400323581418,0.005187954513182496,0.05,200,20260905,
2013H1-E,all,20260911,gini,gbm-50k,False,0.3617869556422932,0.35096673293261066,0.37108245468110646,0.0051726316521171324,0.05,200,20260905,
2013H1-E,all,20260911,gini,tabicl,False,0.3499763667567971,0.3407542942483224,0.36029034507477203,0.005389345488368376,0.05,200,20260905,
2013H1-E,all,20260911,gini,tabicl@t1,False,0.3499763667567971,0.3407542942483224,0.36029034507477203,0.005389345488368376,0.05,200,20260905,
2013H1-E,all,20260911,gini,gbm - scorecard,True,0.019259857542915648,0.014377831982136893,0.025766523413987795,0.0031783021027544166,0.05,200,20260905,True
2013H1-E,all,20260911,gini,gbm-50k - scorecard,True,0.015050276179796651,0.009745569592567092,0.021012471729022764,0.0031711546363302804,0.05,200,20260905,True
2013H1-E,all,20260911,gini,tabicl - scorecard,True,0.003239687294300575,-0.0026234237373412334,0.009507812519092128,0.003312369477591227,0.05,200,20260905,False
2013H1-E,all,20260911,gini,tabicl@t1 - scorecard,True,0.003239687294300575,-0.0026234237373412334,0.009507812519092128,0.003312369477591227,0.05,200,20260905,False
2013H1-E,all,20260911,gini,gbm-50k - gbm,True,-0.004209581363118997,-0.006130194591767664,-0.0024419749820384982,0.0008898048786364002,0.05,200,20260905,True
2013H1-E,all,20260911,gini,tabicl - gbm,True,-0.016020170248615073,-0.02216997527464073,-0.010584856879936128,0.003045292701983925,0.05,200,20260905,True
2013H1-E,all,20260911,gini,tabicl@t1 - gbm,True,-0.016020170248615073,-0.02216997527464073,-0.010584856879936128,0.003045292701983925,0.05,200,20260905,True
2013H1-E,all,20260911,gini,tabicl - gbm-50k,True,-0.011810588885496076,-0.01774461014408924,-0.006344502252802004,0.0029597607161048053,0.05,200,20260905,True
2013H1-E,all,20260911,gini,tabicl@t1 - gbm-50k,True,-0.011810588885496076,-0.01774461014408924,-0.006344502252802004,0.0029597607161048053,0.05,200,20260905,True
2013H1-E,all,20260911,gini,tabicl@t1 - tabicl,True,0.0,0.0,0.0,0.0,0.05,200,20260905,False
2013H1-E,all,20260911,abs_log_oe,scorecard,False,0.2624505565122388,0.24693390158689305,0.281143139421631,0.009117708763227931,0.05,200,20260905,
2013H1-E,all,20260911,abs_log_oe,gbm,False,0.20193972281297082,0.18270297417430323,0.21833777411016686,0.009543641079276391,0.05,200,20260905,
2013H1-E,all,20260911,abs_log_oe,gbm-50k,False,0.19520558446914865,0.17600064027449286,0.21248388680596314,0.009626230315784348,0.05,200,20260905,
2013H1-E,all,20260911,abs_log_oe,tabicl,False,0.20128493993696614,0.1835041150324355,0.21859879518873046,0.008934925523950425,0.05,200,20260905,
2013H1-E,all,20260911,abs_log_oe,tabicl@t1,False,0.1917141922075666,0.1790790504414909,0.21422564121656282,0.00940726360728023,0.05,200,20260905,
2013H1-E,all,20260911,abs_log_oe,gbm - scorecard,True,-0.06051083369926799,-0.07123789202151828,-0.057536813471828596,0.003541898600505554,0.05,200,20260905,True
2013H1-E,all,20260911,abs_log_oe,gbm-50k - scorecard,True,-0.06724497204309016,-0.07780601810870512,-0.06249547551824354,0.0037665241157729943,0.05,200,20260905,True
2013H1-E,all,20260911,abs_log_oe,tabicl - scorecard,True,-0.06116561657527267,-0.06939987089318839,-0.05390350089575885,0.00384147491903169,0.05,200,20260905,True
2013H1-E,all,20260911,abs_log_oe,tabicl@t1 - scorecard,True,-0.0707363643046722,-0.09034884039196098,-0.042288405449583975,0.012568618090293006,0.05,200,20260905,True
2013H1-E,all,20260911,abs_log_oe,gbm-50k - gbm,True,-0.006734138343822166,-0.0071359790438671735,-0.004803157234498567,0.0007060953734673009,0.05,200,20260905,True
2013H1-E,all,20260911,abs_log_oe,tabicl - gbm,True,-0.0006547828760046781,-0.0036949737981253573,0.009179840353867002,0.0030279602580655924,0.05,200,20260905,False
2013H1-E,all,20260911,abs_log_oe,tabicl@t1 - gbm,True,-0.01022553060540421,-0.02689078601505537,0.02155135126158147,0.01202512637966426,0.05,200,20260905,False
2013H1-E,all,20260911,abs_log_oe,tabicl - gbm-50k,True,0.006079355467817488,0.0011762065591942935,0.015865897517884343,0.003267971336392319,0.05,200,20260905,True
2013H1-E,all,20260911,abs_log_oe,tabicl@t1 - gbm-50k,True,-0.0034913922615820436,-0.020320684950358596,0.026610695715124994,0.011926114513950722,0.05,200,20260905,False
2013H1-E,all,20260911,abs_log_oe,tabicl@t1 - tabicl,True,-0.009570747729399531,-0.02926855109120662,0.019706407476611378,0.012369629756510684,0.05,200,20260905,False
2013H1-E,all,20260911,cox_slope_deviation,scorecard,False,0.14674613384944085,0.12410002170959084,0.17323861372919894,0.0131783536591912,0.05,200,20260905,
2013H1-E,all,20260911,cox_slope_deviation,gbm,False,0.08569808097764224,0.07908665554152677,0.1224206938367826,0.011115179872784205,0.05,200,20260905,
2013H1-E,all,20260911,cox_slope_deviation,gbm-50k,False,0.08600654272019644,0.08225737371191266,0.1246221421844445,0.011158361514125545,0.05,200,20260905,
2013H1-E,all,20260911,cox_slope_deviation,tabicl,False,0.26544706027739534,0.23829069071390865,0.2894328979910988,0.012880156929607455,0.05,200,20260905,
2013H1-E,all,20260911,cox_slope_deviation,tabicl@t1,False,0.18383006697488344,0.15503754023160612,0.21048099776788737,0.013930914592489171,0.05,200,20260905,
2013H1-E,all,20260911,cox_slope_deviation,gbm - scorecard,True,-0.06104805287179861,-0.0751638702144196,-0.030487066554465793,0.010919394660950555,0.05,200,20260905,True
2013H1-E,all,20260911,cox_slope_deviation,gbm-50k - scorecard,True,-0.060739591129244416,-0.0710084626311814,-0.027663668502780056,0.010515213564974672,0.05,200,20260905,True
2013H1-E,all,20260911,cox_slope_deviation,tabicl - scorecard,True,0.11870092642795449,0.09770726771338274,0.13093848987698614,0.008983542785074568,0.05,200,20260905,True
2013H1-E,all,20260911,cox_slope_deviation,tabicl@t1 - scorecard,True,0.037083933125442586,0.017954855810888643,0.051032789633370435,0.008767534257974961,0.05,200,20260905,True
2013H1-E,all,20260911,cox_slope_deviation,gbm-50k - gbm,True,0.0003084617425541947,-0.004153908981846453,0.00737259510954716,0.0030556765971173996,0.05,200,20260905,False
2013H1-E,all,20260911,cox_slope_deviation,tabicl - gbm,True,0.1797489792997531,0.14558737096505947,0.19043915414494197,0.011915564170989405,0.05,200,20260905,True
2013H1-E,all,20260911,cox_slope_deviation,tabicl@t1 - gbm,True,0.0981319859972412,0.06385299629775484,0.11044024111303143,0.012212509994634984,0.05,200,20260905,True
2013H1-E,all,20260911,cox_slope_deviation,tabicl - gbm-50k,True,0.17944051755719892,0.14512401999384028,0.18656402761828847,0.01150760408635596,0.05,200,20260905,True
2013H1-E,all,20260911,cox_slope_deviation,tabicl@t1 - gbm-50k,True,0.097823524254687,0.06346980905790214,0.10722203383746523,0.011835424773014866,0.05,200,20260905,True
2013H1-E,all,20260911,cox_slope_deviation,tabicl@t1 - tabicl,True,-0.0816169933025119,-0.08414443893917789,-0.07410399939539739,0.002416613276370607,0.05,200,20260905,True
2013H1-E,all,20260911,psi,scorecard,False,0.05801119137478713,0.05676141091284371,0.060018455195454026,0.0008593546385871028,0.05,200,20260905,
2013H1-E,all,20260911,psi,gbm,False,0.014718186910163385,0.014375707714929535,0.015824363150347822,0.0003818756606984431,0.05,200,20260905,
2013H1-E,all,20260911,psi,gbm-50k,False,0.014417588452447557,0.014055629972923667,0.015664240451368248,0.0004060420349312943,0.05,200,20260905,
2013H1-E,all,20260911,psi,tabicl,False,0.12462348731694384,0.12294214063194689,0.12716295463836758,0.0011857149682449428,0.05,200,20260905,
2013H1-E,all,20260911,psi,tabicl@t1,False,0.12462348731694384,0.12294214063194689,0.12716295463836758,0.0011857149682449428,0.05,200,20260905,
2013H1-E,all,20260911,psi,gbm - scorecard,True,-0.043293004464623745,-0.044656980665687324,-0.04183799444731252,0.0007178032469835836,0.05,200,20260905,True
2013H1-E,all,20260911,psi,gbm-50k - scorecard,True,-0.043593602922339575,-0.04509431393869762,-0.04201329520891965,0.0007711682441253208,0.05,200,20260905,True
2013H1-E,all,20260911,psi,tabicl - scorecard,True,0.0666122959421567,0.06378726168632882,0.06966597745248358,0.0016805690372539228,0.05,200,20260905,True
2013H1-E,all,20260911,psi,tabicl@t1 - scorecard,True,0.0666122959421567,0.06378726168632882,0.06966597745248358,0.0016805690372539228,0.05,200,20260905,True
2013H1-E,all,20260911,psi,gbm-50k - gbm,True,-0.0003005984577158279,-0.0007684314276643796,0.0001003909634351637,0.0002189711185318323,0.05,200,20260905,False
2013H1-E,all,20260911,psi,tabicl - gbm,True,0.10990530040678045,0.10763701178172025,0.11226952609327868,0.0012404718151264825,0.05,200,20260905,True
2013H1-E,all,20260911,psi,tabicl@t1 - gbm,True,0.10990530040678045,0.10763701178172025,0.11226952609327868,0.0012404718151264825,0.05,200,20260905,True
2013H1-E,all,20260911,psi,tabicl - gbm-50k,True,0.11020589886449628,0.10801075681322794,0.11226097864169753,0.001174106614461312,0.05,200,20260905,True
2013H1-E,all,20260911,psi,tabicl@t1 - gbm-50k,True,0.11020589886449628,0.10801075681322794,0.11226097864169753,0.001174106614461312,0.05,200,20260905,True
2013H1-E,all,20260911,psi,tabicl@t1 - tabicl,True,0.0,0.0,0.0,0.0,0.05,200,20260905,False
2013H1-E,all,20260912,gini,scorecard,False,0.34673667946249653,0.3375478134876802,0.35673488771369055,0.005273010690551618,0.05,200,20260905,
2013H1-E,all,20260912,gini,gbm,False,0.3659965370054122,0.35469867927479476,0.3743400323581418,0.005187954513182496,0.05,200,20260905,
2013H1-E,all,20260912,gini,gbm-50k,False,0.36401017019631243,0.35284165776844284,0.37300435816304384,0.00526768063377823,0.05,200,20260905,
2013H1-E,all,20260912,gini,tabicl,False,0.3502223876562645,0.34094198852790636,0.3605204237490536,0.005366526121484355,0.05,200,20260905,
2013H1-E,all,20260912,gini,tabicl@t1,False,0.3502223876562645,0.34094198852790636,0.3605204237490536,0.005366526121484355,0.05,200,20260905,
2013H1-E,all,20260912,gini,gbm - scorecard,True,0.019259857542915648,0.014377831982136893,0.025766523413987795,0.0031783021027544166,0.05,200,20260905,True
2013H1-E,all,20260912,gini,gbm-50k - scorecard,True,0.0172734907338159,0.011937827973708692,0.023468295625244794,0.0032117184097677355,0.05,200,20260905,True
2013H1-E,all,20260912,gini,tabicl - scorecard,True,0.003485708193767978,-0.0025648461823938166,0.009670506110308012,0.0033155918356971396,0.05,200,20260905,False
2013H1-E,all,20260912,gini,tabicl@t1 - scorecard,True,0.003485708193767978,-0.0025648461823938166,0.009670506110308012,0.0033155918356971396,0.05,200,20260905,False
2013H1-E,all,20260912,gini,gbm-50k - gbm,True,-0.001986366809099749,-0.004157430026665225,-2.0950598711210876e-05,0.0009750471403792605,0.05,200,20260905,True
2013H1-E,all,20260912,gini,tabicl - gbm,True,-0.01577414934914767,-0.02184653593741762,-0.010464103776455427,0.003051652607957535,0.05,200,20260905,True
2013H1-E,all,20260912,gini,tabicl@t1 - gbm,True,-0.01577414934914767,-0.02184653593741762,-0.010464103776455427,0.003051652607957535,0.05,200,20260905,True
2013H1-E,all,20260912,gini,tabicl - gbm-50k,True,-0.013787782540047921,-0.01927314815521197,-0.008007472999345889,0.003004454105310977,0.05,200,20260905,True
2013H1-E,all,20260912,gini,tabicl@t1 - gbm-50k,True,-0.013787782540047921,-0.01927314815521197,-0.008007472999345889,0.003004454105310977,0.05,200,20260905,True
2013H1-E,all,20260912,gini,tabicl@t1 - tabicl,True,0.0,0.0,0.0,0.0,0.05,200,20260905,False
2013H1-E,all,20260912,abs_log_oe,scorecard,False,0.2624505565122388,0.24693390158689305,0.281143139421631,0.009117708763227931,0.05,200,20260905,
2013H1-E,all,20260912,abs_log_oe,gbm,False,0.20193972281297082,0.18270297417430323,0.21833777411016686,0.009543641079276391,0.05,200,20260905,
2013H1-E,all,20260912,abs_log_oe,gbm-50k,False,0.19589488144009906,0.1764384799246599,0.21258131439628528,0.00959219185988822,0.05,200,20260905,
2013H1-E,all,20260912,abs_log_oe,tabicl,False,0.2013950729388225,0.18366239311166657,0.21883666788805106,0.00892520784214622,0.05,200,20260905,
2013H1-E,all,20260912,abs_log_oe,tabicl@t1,False,0.19054339224952416,0.17802427755005254,0.21334116787195503,0.009402203046800388,0.05,200,20260905,
2013H1-E,all,20260912,abs_log_oe,gbm - scorecard,True,-0.06051083369926799,-0.07123789202151828,-0.057536813471828596,0.003541898600505554,0.05,200,20260905,True
2013H1-E,all,20260912,abs_log_oe,gbm-50k - scorecard,True,-0.06655567507213975,-0.07723632835404165,-0.062166907935552296,0.003678338413152891,0.05,200,20260905,True
2013H1-E,all,20260912,abs_log_oe,tabicl - scorecard,True,-0.06105548357341631,-0.06933538455586985,-0.05397618662060677,0.00383935539845181,0.05,200,20260905,True
2013H1-E,all,20260912,abs_log_oe,tabicl@t1 - scorecard,True,-0.07190716426271465,-0.09128260787957436,-0.04306829838335296,0.012550322969566298,0.05,200,20260905,True
2013H1-E,all,20260912,abs_log_oe,gbm-50k - gbm,True,-0.0060448413728717565,-0.0064012935011287485,-0.004624078970970504,0.0005008154947711786,0.05,200,20260905,True
2013H1-E,all,20260912,abs_log_oe,tabicl - gbm,True,-0.0005446498741483174,-0.0037066663954627307,0.009486700464531653,0.00306079236626915,0.05,200,20260905,False
2013H1-E,all,20260912,abs_log_oe,tabicl@t1 - gbm,True,-0.01139633056344666,-0.027943720251296916,0.020502977490256372,0.012005999857896542,0.05,200,20260905,False
2013H1-E,all,20260912,abs_log_oe,tabicl - gbm-50k,True,0.005500191498723439,0.0011533817409555662,0.015645497482093873,0.003194080204431478,0.05,200,20260905,True
2013H1-E,all,20260912,abs_log_oe,tabicl@t1 - gbm-50k,True,-0.005351489190574904,-0.021745653041673543,0.02534583381085389,0.01193664849419645,0.05,200,20260905,False
2013H1-E,all,20260912,abs_log_oe,tabicl@t1 - tabicl,True,-0.010851680689298343,-0.030401526701315927,0.018434115765888194,0.012359630482950051,0.05,200,20260905,False
2013H1-E,all,20260912,cox_slope_deviation,scorecard,False,0.14674613384944085,0.12410002170959084,0.17323861372919894,0.0131783536591912,0.05,200,20260905,
2013H1-E,all,20260912,cox_slope_deviation,gbm,False,0.08569808097764224,0.07908665554152677,0.1224206938367826,0.011115179872784205,0.05,200,20260905,
2013H1-E,all,20260912,cox_slope_deviation,gbm-50k,False,0.08366381488964729,0.07755459351078667,0.11967875465814089,0.01142577488764894,0.05,200,20260905,
2013H1-E,all,20260912,cox_slope_deviation,tabicl,False,0.26799675851358074,0.24146113665044447,0.2916433927083595,0.012686342295654227,0.05,200,20260905,
2013H1-E,all,20260912,cox_slope_deviation,tabicl@t1,False,0.1866630650150897,0.15762390044283506,0.21293710300928834,0.013727635440306765,0.05,200,20260905,
2013H1-E,all,20260912,cox_slope_deviation,gbm - scorecard,True,-0.06104805287179861,-0.0751638702144196,-0.030487066554465793,0.010919394660950555,0.05,200,20260905,True
2013H1-E,all,20260912,cox_slope_deviation,gbm-50k - scorecard,True,-0.06308231895979356,-0.07685850532344446,-0.029994315882255835,0.011788243078312704,0.05,200,20260905,True
2013H1-E,all,20260912,cox_slope_deviation,tabicl - scorecard,True,0.12125062466413988,0.10025806794437682,0.13348640258919958,0.008919643693573922,0.05,200,20260905,True
2013H1-E,all,20260912,cox_slope_deviation,tabicl@t1 - scorecard,True,0.039916931165648845,0.02071667841511023,0.05362145745511015,0.008741839699488113,0.05,200,20260905,True
2013H1-E,all,20260912,cox_slope_deviation,gbm-50k - gbm,True,-0.0020342660879949515,-0.007978541449688618,0.0054280581080308,0.0033536904725082156,0.05,200,20260905,False
2013H1-E,all,20260912,cox_slope_deviation,tabicl - gbm,True,0.18229867753593848,0.14854041334410628,0.19291729143307035,0.011751409610842678,0.05,200,20260905,True
2013H1-E,all,20260912,cox_slope_deviation,tabicl@t1 - gbm,True,0.10096498403744746,0.06694638907029658,0.11290533872137738,0.012086708459012045,0.05,200,20260905,True
2013H1-E,all,20260912,cox_slope_deviation,tabicl - gbm-50k,True,0.18433294362393343,0.1479259015922324,0.19535978831548184,0.012819070354777046,0.05,200,20260905,True
2013H1-E,all,20260912,cox_slope_deviation,tabicl@t1 - gbm-50k,True,0.10299925012544241,0.0674748822751092,0.11533444931053943,0.013154039793945192,0.05,200,20260905,True
2013H1-E,all,20260912,cox_slope_deviation,tabicl@t1 - tabicl,True,-0.08133369349849104,-0.0837488431361474,-0.07440362574513407,0.002275779727537396,0.05,200,20260905,True
2013H1-E,all,20260912,psi,scorecard,False,0.05801119137478713,0.05676141091284371,0.060018455195454026,0.0008593546385871028,0.05,200,20260905,
2013H1-E,all,20260912,psi,gbm,False,0.014718186910163385,0.014375707714929535,0.015824363150347822,0.0003818756606984431,0.05,200,20260905,
2013H1-E,all,20260912,psi,gbm-50k,False,0.012437903794873476,0.012212749877179456,0.013559883919863657,0.0003635155067610676,0.05,200,20260905,
2013H1-E,all,20260912,psi,tabicl,False,0.12747238418244575,0.12583895141149812,0.13004322451497646,0.0011983633017773833,0.05,200,20260905,
2013H1-E,all,20260912,psi,tabicl@t1,False,0.12747238418244575,0.12583895141149812,0.13004322451497646,0.0011983633017773833,0.05,200,20260905,
2013H1-E,all,20260912,psi,gbm - scorecard,True,-0.043293004464623745,-0.044656980665687324,-0.04183799444731252,0.0007178032469835836,0.05,200,20260905,True
2013H1-E,all,20260912,psi,gbm-50k - scorecard,True,-0.04557328757991365,-0.046908622354641015,-0.04402755157483779,0.0007824654692307459,0.05,200,20260905,True
2013H1-E,all,20260912,psi,tabicl - scorecard,True,0.06946119280765861,0.06670191890085132,0.0725318366941832,0.0016927517984662917,0.05,200,20260905,True
2013H1-E,all,20260912,psi,tabicl@t1 - scorecard,True,0.06946119280765861,0.06670191890085132,0.0725318366941832,0.0016927517984662917,0.05,200,20260905,True
2013H1-E,all,20260912,psi,gbm-50k - gbm,True,-0.002280283115289909,-0.002657098544297552,-0.001856357548189496,0.0002068550049273331,0.05,200,20260905,True
2013H1-E,all,20260912,psi,tabicl - gbm,True,0.11275419727228236,0.11059848092902572,0.11484907626368826,0.0012541858238888418,0.05,200,20260905,True
2013H1-E,all,20260912,psi,tabicl@t1 - gbm,True,0.11275419727228236,0.11059848092902572,0.11484907626368826,0.0012541858238888418,0.05,200,20260905,True
2013H1-E,all,20260912,psi,tabicl - gbm-50k,True,0.11503448038757227,0.1126120992326526,0.11716491639988451,0.0012083576446831055,0.05,200,20260905,True
2013H1-E,all,20260912,psi,tabicl@t1 - gbm-50k,True,0.11503448038757227,0.1126120992326526,0.11716491639988451,0.0012083576446831055,0.05,200,20260905,True
2013H1-E,all,20260912,psi,tabicl@t1 - tabicl,True,0.0,0.0,0.0,0.0,0.05,200,20260905,False
2013H1-E,all,20260913,gini,scorecard,False,0.34673667946249653,0.3375478134876802,0.35673488771369055,0.005273010690551618,0.05,200,20260905,
2013H1-E,all,20260913,gini,gbm,False,0.3659965370054122,0.35469867927479476,0.3743400323581418,0.005187954513182496,0.05,200,20260905,
2013H1-E,all,20260913,gini,gbm-50k,False,0.3561686939257318,0.3456303926776731,0.36576115159975997,0.0052677320413221035,0.05,200,20260905,
2013H1-E,all,20260913,gini,tabicl,False,0.3503193894206684,0.34096969987379583,0.3604717480302046,0.005356827791970725,0.05,200,20260905,
2013H1-E,all,20260913,gini,tabicl@t1,False,0.3503193894206684,0.34096969987379583,0.3604717480302046,0.005356827791970725,0.05,200,20260905,
2013H1-E,all,20260913,gini,gbm - scorecard,True,0.019259857542915648,0.014377831982136893,0.025766523413987795,0.0031783021027544166,0.05,200,20260905,True
2013H1-E,all,20260913,gini,gbm-50k - scorecard,True,0.009432014463235272,0.0037930493332731046,0.016530668893467947,0.003414012882334653,0.05,200,20260905,True
2013H1-E,all,20260913,gini,tabicl - scorecard,True,0.0035827099581718924,-0.00235321893088031,0.009690430652394777,0.003283302706406387,0.05,200,20260905,False
2013H1-E,all,20260913,gini,tabicl@t1 - scorecard,True,0.0035827099581718924,-0.00235321893088031,0.009690430652394777,0.003283302706406387,0.05,200,20260905,False
2013H1-E,all,20260913,gini,gbm-50k - gbm,True,-0.009827843079680376,-0.011696089771705642,-0.0073540483947973825,0.001098223584439274,0.05,200,20260905,True
2013H1-E,all,20260913,gini,tabicl - gbm,True,-0.015677147584743756,-0.021662916948965518,-0.010236999853449436,0.003026856444878013,0.05,200,20260905,True
2013H1-E,all,20260913,gini,tabicl@t1 - gbm,True,-0.015677147584743756,-0.021662916948965518,-0.010236999853449436,0.003026856444878013,0.05,200,20260905,True
2013H1-E,all,20260913,gini,tabicl - gbm-50k,True,-0.00584930450506338,-0.012439701609747783,-0.00023993190182695405,0.00310873023833205,0.05,200,20260905,True
2013H1-E,all,20260913,gini,tabicl@t1 - gbm-50k,True,-0.00584930450506338,-0.012439701609747783,-0.00023993190182695405,0.00310873023833205,0.05,200,20260905,True
2013H1-E,all,20260913,gini,tabicl@t1 - tabicl,True,0.0,0.0,0.0,0.0,0.05,200,20260905,False
2013H1-E,all,20260913,abs_log_oe,scorecard,False,0.2624505565122388,0.24693390158689305,0.281143139421631,0.009117708763227931,0.05,200,20260905,
2013H1-E,all,20260913,abs_log_oe,gbm,False,0.20193972281297082,0.18270297417430323,0.21833777411016686,0.009543641079276391,0.05,200,20260905,
2013H1-E,all,20260913,abs_log_oe,gbm-50k,False,0.20156924564591325,0.18239502948650507,0.21829598884877466,0.00957694370945047,0.05,200,20260905,
2013H1-E,all,20260913,abs_log_oe,tabicl,False,0.20158717810403493,0.1838222113600126,0.21889235311539132,0.008907135641662789,0.05,200,20260905,
2013H1-E,all,20260913,abs_log_oe,tabicl@t1,False,0.1894433003983632,0.17707243014272736,0.21248564382615034,0.009398010920201287,0.05,200,20260905,
2013H1-E,all,20260913,abs_log_oe,gbm - scorecard,True,-0.06051083369926799,-0.07123789202151828,-0.057536813471828596,0.003541898600505554,0.05,200,20260905,True
2013H1-E,all,20260913,abs_log_oe,gbm-50k - scorecard,True,-0.06088131086632556,-0.0713687741801759,-0.056732110637452586,0.0036666114658422586,0.05,200,20260905,True
2013H1-E,all,20260913,abs_log_oe,tabicl - scorecard,True,-0.06086337840820388,-0.06915080454025586,-0.05388395608071381,0.0038015672026443475,0.05,200,20260905,True
2013H1-E,all,20260913,abs_log_oe,tabicl@t1 - scorecard,True,-0.0730072561138756,-0.09205046762700907,-0.043764320087457176,0.012536948986812443,0.05,200,20260905,True
2013H1-E,all,20260913,abs_log_oe,gbm-50k - gbm,True,-0.00037047716705757017,-0.0009253139732736857,0.0008843895422849989,0.0004801698178174989,0.05,200,20260905,False
2013H1-E,all,20260913,abs_log_oe,tabicl - gbm,True,-0.0003525447089358924,-0.003567271453769988,0.009629132539439937,0.0030840340699011056,0.05,200,20260905,False
2013H1-E,all,20260913,abs_log_oe,tabicl@t1 - gbm,True,-0.012496422414607605,-0.02876292547822845,0.019341795164613946,0.011992276289389998,0.05,200,20260905,False
2013H1-E,all,20260913,abs_log_oe,tabicl - gbm-50k,True,1.7932458121677763e-05,-0.0042227931705159285,0.010206006966610693,0.0031876120295174478,0.05,200,20260905,False
2013H1-E,all,20260913,abs_log_oe,tabicl@t1 - gbm-50k,True,-0.012125945247550035,-0.028457628921622503,0.019363897909361157,0.011930568357885911,0.05,200,20260905,False
2013H1-E,all,20260913,abs_log_oe,tabicl@t1 - tabicl,True,-0.012143877705671713,-0.03179358216390239,0.016918595709820697,0.012350860655549618,0.05,200,20260905,False
2013H1-E,all,20260913,cox_slope_deviation,scorecard,False,0.14674613384944085,0.12410002170959084,0.17323861372919894,0.0131783536591912,0.05,200,20260905,
2013H1-E,all,20260913,cox_slope_deviation,gbm,False,0.08569808097764224,0.07908665554152677,0.1224206938367826,0.011115179872784205,0.05,200,20260905,
2013H1-E,all,20260913,cox_slope_deviation,gbm-50k,False,0.18203005740870992,0.16023933695706438,0.20825458098168265,0.012947861731437225,0.05,200,20260905,
2013H1-E,all,20260913,cox_slope_deviation,tabicl,False,0.2644154236539802,0.23805708139498633,0.2881059656662341,0.01275964637076813,0.05,200,20260905,
2013H1-E,all,20260913,cox_slope_deviation,tabicl@t1,False,0.1826838040599781,0.15404764940992163,0.2090066285180375,0.01380186671836557,0.05,200,20260905,
2013H1-E,all,20260913,cox_slope_deviation,gbm - scorecard,True,-0.06104805287179861,-0.0751638702144196,-0.030487066554465793,0.010919394660950555,0.05,200,20260905,True
2013H1-E,all,20260913,cox_slope_deviation,gbm-50k - scorecard,True,0.03528392355926907,0.012771702188514299,0.048874731784654644,0.00940932681382467,0.05,200,20260905,True
2013H1-E,all,20260913,cox_slope_deviation,tabicl - scorecard,True,0.11766928980453933,0.09679309226688283,0.12980117610731243,0.008880202412287808,0.05,200,20260905,True
2013H1-E,all,20260913,cox_slope_deviation,tabicl@t1 - scorecard,True,0.03593767021053726,0.01711955143180365,0.04997930311677299,0.008627382410431733,0.05,200,20260905,True
2013H1-E,all,20260913,cox_slope_deviation,gbm-50k - gbm,True,0.09633197643106768,0.06455290518798797,0.10117581605116435,0.00956995706049433,0.05,200,20260905,True
2013H1-E,all,20260913,cox_slope_deviation,tabicl - gbm,True,0.17871734267633793,0.1449687712397985,0.18971969721691234,0.011798310491391002,0.05,200,20260905,True
2013H1-E,all,20260913,cox_slope_deviation,tabicl@t1 - gbm,True,0.09698572308233587,0.06359226330085498,0.10904703513771306,0.012068838170593796,0.05,200,20260905,True
2013H1-E,all,20260913,cox_slope_deviation,tabicl - gbm-50k,True,0.08238536624527026,0.06804410376207456,0.09676665221501694,0.007719977558059242,0.05,200,20260905,True
2013H1-E,all,20260913,cox_slope_deviation,tabicl@t1 - gbm-50k,True,0.0006537466512681889,-0.01425754722330429,0.01764235047932317,0.00807636794142685,0.05,200,20260905,False
2013H1-E,all,20260913,cox_slope_deviation,tabicl@t1 - tabicl,True,-0.08173161959400208,-0.08419515381343055,-0.07409958531655339,0.002439228093640558,0.05,200,20260905,True
2013H1-E,all,20260913,psi,scorecard,False,0.05801119137478713,0.05676141091284371,0.060018455195454026,0.0008593546385871028,0.05,200,20260905,
2013H1-E,all,20260913,psi,gbm,False,0.014718186910163385,0.014375707714929535,0.015824363150347822,0.0003818756606984431,0.05,200,20260905,
2013H1-E,all,20260913,psi,gbm-50k,False,0.013295649871718945,0.013002594844842438,0.014386724498185446,0.00037782266774957334,0.05,200,20260905,
2013H1-E,all,20260913,psi,tabicl,False,0.12110093286367256,0.11945646676745157,0.12354576303117844,0.0011622389016430435,0.05,200,20260905,
2013H1-E,all,20260913,psi,tabicl@t1,False,0.12110093286367256,0.11945646676745157,0.12354576303117844,0.0011622389016430435,0.05,200,20260905,
2013H1-E,all,20260913,psi,gbm - scorecard,True,-0.043293004464623745,-0.044656980665687324,-0.04183799444731252,0.0007178032469835836,0.05,200,20260905,True
2013H1-E,all,20260913,psi,gbm-50k - scorecard,True,-0.04471554150306818,-0.04613931523530809,-0.04334666822476011,0.0007517664850526913,0.05,200,20260905,True
2013H1-E,all,20260913,psi,tabicl - scorecard,True,0.06308974148888544,0.06035574275544958,0.06619616696680222,0.0016562597555823733,0.05,200,20260905,True
2013H1-E,all,20260913,psi,tabicl@t1 - scorecard,True,0.06308974148888544,0.06035574275544958,0.06619616696680222,0.0016562597555823733,0.05,200,20260905,True
2013H1-E,all,20260913,psi,gbm-50k - gbm,True,-0.00142253703844444,-0.0017665046065544472,-0.001034051844937693,0.00019787243272288327,0.05,200,20260905,True
2013H1-E,all,20260913,psi,tabicl - gbm,True,0.10638274595350918,0.10429172268306054,0.10866864663953792,0.001219488533300423,0.05,200,20260905,True
2013H1-E,all,20260913,psi,tabicl@t1 - gbm,True,0.10638274595350918,0.10429172268306054,0.10866864663953792,0.001219488533300423,0.05,200,20260905,True
2013H1-E,all,20260913,psi,tabicl - gbm-50k,True,0.10780528299195362,0.10550470969568834,0.10995181587997101,0.0011865463511532978,0.05,200,20260905,True
2013H1-E,all,20260913,psi,tabicl@t1 - gbm-50k,True,0.10780528299195362,0.10550470969568834,0.10995181587997101,0.0011865463511532978,0.05,200,20260905,True
2013H1-E,all,20260913,psi,tabicl@t1 - tabicl,True,0.0,0.0,0.0,0.0,0.05,200,20260905,False
