arm,cohorts,ranking,criterion,high_build,low_build,metric,model,pair,known_answer,is_difference,value,ci_lo,ci_hi,se,alpha,resamples,seed,excludes_zero
E,arm E,pool,True,2010H2-E,2006H2-E,oe_high,gbm-50k,gbm-50k,True,False,0.9920361657932197,0.9247772628179312,1.0417826794457605,0.030900216008940322,0.05,200,20260905,
E,arm E,pool,True,2010H2-E,2006H2-E,oe_low,gbm-50k,gbm-50k,True,False,0.9906253488779205,0.9095104348131744,1.0769350927990369,0.04404412793094725,0.05,200,20260905,
E,arm E,pool,True,2010H2-E,2006H2-E,h5,gbm-50k,gbm-50k,True,True,0.0014108169152991328,-0.11111682527271996,0.1031208227519809,0.05653012467800804,0.05,200,20260905,False
E,arm E,pool,True,2010H2-E,2006H2-E,oe_high,gbm-50k@t0.9,gbm-50k@t0.9,True,False,1.4303407284039995,1.3298005935072115,1.5170886149527711,0.04767018934002928,0.05,200,20260905,
E,arm E,pool,True,2010H2-E,2006H2-E,oe_low,gbm-50k@t0.9,gbm-50k@t0.9,True,False,1.4942152976415606,1.365467341817516,1.6520886010183233,0.07087373866975963,0.05,200,20260905,
E,arm E,pool,True,2010H2-E,2006H2-E,h5,gbm-50k@t0.9,gbm-50k@t0.9,True,True,-0.06387456923756078,-0.26650036957630613,0.12311850896022034,0.09389734556838629,0.05,200,20260905,False
R,arm R,pool,True,2010H2-R,2018H2-R,oe_high,gbm-50k,gbm-50k,True,False,0.9991224523514658,0.9582700853356523,1.0338542048645674,0.01856698265769825,0.05,200,20260905,
R,arm R,pool,True,2010H2-R,2018H2-R,oe_low,gbm-50k,gbm-50k,True,False,0.9942560858988015,0.8900773581138827,1.129333699666926,0.06241779597113513,0.05,200,20260905,
R,arm R,pool,True,2010H2-R,2018H2-R,h5,gbm-50k,gbm-50k,True,True,0.0048663664526640655,-0.1368106157661888,0.12176202927720417,0.06539774339512044,0.05,200,20260905,False
R,arm R,pool,True,2010H2-R,2018H2-R,oe_high,gbm-50k@t0.9,gbm-50k@t0.9,True,False,1.2430911156976228,1.1893784994444554,1.2884160280443804,0.02310594717791664,0.05,200,20260905,
R,arm R,pool,True,2010H2-R,2018H2-R,oe_low,gbm-50k@t0.9,gbm-50k@t0.9,True,False,1.638007803606189,1.4579816683977291,1.857370612419349,0.10303689482489128,0.05,200,20260905,
R,arm R,pool,True,2010H2-R,2018H2-R,h5,gbm-50k@t0.9,gbm-50k@t0.9,True,True,-0.39491668790856643,-0.623725714808552,-0.21999082941140646,0.10570203138519724,0.05,200,20260905,True
