build_id,model,draws,cohorts,between_draws,between_adjacent_cohorts,draws_move_more
2013H1-E,gbm-50k,3,19,0.004802695831759337,0.013257083554349342,False
2013H1-E,tabicl,3,19,0.0005019702500893914,0.012648117630669116,False
2013H1-E,tabicl@t1,3,19,0.0005019702500893914,0.012648117630669116,False
2013H1-E,tabpfn,3,19,0.0010630468357496013,0.011694757317488555,False
2013H1-E,tabpfn@t1,3,19,0.001062053160072486,0.011700039947139591,False
2013H2-E,gbm-50k,3,17,0.01285351303430224,0.011720755093611207,True
2013H2-E,tabicl,3,17,0.005749045197946109,0.011666446554731395,False
2013H2-E,tabicl@t1,3,17,0.005749045197946109,0.011666446554731395,False
2013H2-E,tabpfn,3,17,0.010579214133150909,0.011466231406771376,False
2013H2-E,tabpfn@t1,3,17,0.010581830441468053,0.011468612327581963,False
2014H1-E,gbm-50k,3,15,0.00875189814164991,0.010999026496182137,False
2014H1-E,tabicl,3,15,0.005409576581445252,0.011518880484735374,False
2014H1-E,tabicl@t1,3,15,0.005409576581445252,0.011518880484735374,False
2014H1-E,tabpfn,3,15,0.007756971046802545,0.01112967430902898,False
2014H1-E,tabpfn@t1,3,15,0.007760316751652718,0.011127196559877331,False
2014H2-E,gbm-50k,3,13,0.010445262578707652,0.011306883815228812,False
2014H2-E,tabicl,3,13,0.006940254930482422,0.011326914242220367,False
2014H2-E,tabicl@t1,3,13,0.006940254930482422,0.011326914242220367,False
2014H2-E,tabpfn,3,13,0.008459504888524597,0.011732908757373178,False
2014H2-E,tabpfn@t1,3,13,0.008464994294269492,0.011731648607693492,False
2015H1-E,gbm-50k,3,11,0.006824372150860019,0.013264322146166104,False
2015H1-E,tabicl,3,11,0.004799843079074914,0.012333067560962615,False
2015H1-E,tabicl@t1,3,11,0.004799843079074914,0.012333067560962615,False
2015H1-E,tabpfn,3,11,0.0059800931936938384,0.012330957744623111,False
2015H1-E,tabpfn@t1,3,11,0.005971001732870584,0.012345029090735397,False
2015H2-E,gbm-50k,3,9,0.008576796357999683,0.013389041986232647,False
2015H2-E,tabicl,3,9,0.005887274954044915,0.013530292317764689,False
2015H2-E,tabicl@t1,3,9,0.005887274954044915,0.013530292317764689,False
2015H2-E,tabpfn,3,9,0.011406253983582169,0.012541269857594092,False
2015H2-E,tabpfn@t1,3,9,0.011407662025903487,0.01254388312313475,False
2016H1-E,gbm-50k,3,7,0.008038585260407969,0.010625639218691437,False
2016H1-E,tabicl,3,7,0.0035972474885402894,0.01007139149438783,False
2016H1-E,tabicl@t1,3,7,0.0035972474885402894,0.01007139149438783,False
2016H1-E,tabpfn,3,7,0.0049478334793537125,0.009905601408976556,False
2016H1-E,tabpfn@t1,3,7,0.004948849902214654,0.009904333799961931,False
2016H2-E,gbm-50k,3,5,0.009254048770103118,0.011586989239138942,False
2016H2-E,tabicl,3,5,0.006876946348192669,0.011601243902427958,False
2016H2-E,tabicl@t1,3,5,0.006876946348192669,0.011601243902427958,False
2016H2-E,tabpfn,3,5,0.00952791233626371,0.009068948046700795,True
2016H2-E,tabpfn@t1,3,5,0.009533637556969853,0.009068601076630156,True
2017H1-E,gbm-50k,3,3,0.006870768655272623,0.017687798611151346,False
2017H1-E,tabicl,3,3,0.00582115212215939,0.01858692679676695,False
2017H1-E,tabicl@t1,3,3,0.00582115212215939,0.01858692679676695,False
2017H1-E,tabpfn,3,3,0.006373904952617693,0.01830083209340172,False
2017H1-E,tabpfn@t1,3,3,0.0063898246468766145,0.018296273077125946,False
