cohorts,bootstrap_seed,scope,metric,kind,model,arm,pair,is_difference,value,ci_lo,ci_hi,se,alpha,resamples,seed,excludes_zero,reads_derived
all,20260905,arm,cox_slope_deviation,reduction,scorecard,,scorecard: E - R,True,-0.007780663643133318,-0.018416276693334916,0.0010685868330486158,0.005028983942361662,0.05,200,20260905,False,False
all,20260905,arm,cox_slope_deviation,reduction,gbm,,gbm: E - R,True,0.01351169042169971,0.004547620134791343,0.0187178706883801,0.0038025155822188736,0.05,200,20260905,True,False
all,20260905,arm,cox_slope_deviation,reduction,gbm-50k,,gbm-50k: E - R,True,0.04016986436142333,-0.005431567698803061,0.07862638383641918,0.029348025966268124,0.05,200,20260905,False,False
all,20260905,arm,cox_slope_deviation,reduction,tabpfn,,tabpfn: E - R,True,-0.0010555960806334086,-0.014138922496113012,0.018210098147937427,0.010405879898209926,0.05,200,20260905,False,False
all,20260905,arm,cox_slope_deviation,reduction,tabicl,,tabicl: E - R,True,-0.004527005757827819,-0.016671616793587734,0.015515809630491784,0.011715638806246839,0.05,200,20260905,False,False
all,20260905,arm,cox_slope_deviation,reduction,tabicl@t1,,tabicl@t1: E - R,True,0.0008594681534888025,-0.007032617256256393,0.010586143128828426,0.004693830937659809,0.05,200,20260905,False,True
all,20260905,arm,cox_slope_deviation,reduction,tabpfn@t1,,tabpfn@t1: E - R,True,0.007781139917251277,-0.00982340558276308,0.018931277877504742,0.008034125803987765,0.05,200,20260905,False,False
all,20260905,arm,cox_slope_deviation,h4,scorecard,,scorecard - gbm-50k: E - R,True,-0.047950528004556646,-0.09175459110746845,-0.0022338576063362027,0.02913931312126827,0.05,200,20260905,True,False
all,20260905,arm,cox_slope_deviation,h4,gbm,,gbm - gbm-50k: E - R,True,-0.026658173939723615,-0.06764124339029443,0.018905773294637065,0.02951544590669098,0.05,200,20260905,False,False
all,20260905,arm,cox_slope_deviation,h4,tabpfn,,tabpfn - gbm-50k: E - R,True,-0.04122546044205674,-0.08850928943135844,0.018129312473475337,0.03847132377956063,0.05,200,20260905,False,False
all,20260905,arm,cox_slope_deviation,h4,tabicl,,tabicl - gbm-50k: E - R,True,-0.04469687011925114,-0.0915500617388685,0.016744729491857412,0.03964000894043462,0.05,200,20260905,False,False
all,20260905,arm,cox_slope_deviation,h4,tabicl@t1,,tabicl@t1 - gbm-50k: E - R,True,-0.03931039620793452,-0.08064118200972596,0.005784216310285327,0.030311894256338418,0.05,200,20260905,False,True
all,20260905,arm,cox_slope_deviation,h4,tabpfn@t1,,tabpfn@t1 - gbm-50k: E - R,True,-0.03238872444417205,-0.0699816044099009,-0.000578534771275248,0.02358892425679379,0.05,200,20260905,True,False
all,20260905,2013H1,cox_slope_deviation,reduction,scorecard,,scorecard: E - R,True,-0.04005868064197296,-0.046140605711115674,-0.029895151801927485,0.004361101700695446,0.05,200,20260905,True,False
all,20260905,2013H1,cox_slope_deviation,reduction,gbm,,gbm: E - R,True,0.006094994631100428,-0.008751797459925392,0.019779296171859806,0.007422469806207046,0.05,200,20260905,False,False
all,20260905,2013H1,cox_slope_deviation,reduction,gbm-50k,,gbm-50k: E - R,True,0.0376303853263091,-0.007023156491755595,0.10286672108791646,0.04040113904966224,0.05,200,20260905,False,False
all,20260905,2013H1,cox_slope_deviation,reduction,tabpfn,,tabpfn: E - R,True,0.031953052082325024,0.021487814509152225,0.03855976794243565,0.004149646279617703,0.05,200,20260905,True,False
all,20260905,2013H1,cox_slope_deviation,reduction,tabicl,,tabicl: E - R,True,0.03570830831660347,0.027643228705584128,0.042273173254359156,0.0035747639312149098,0.05,200,20260905,True,False
all,20260905,2013H1,cox_slope_deviation,reduction,tabicl@t1,,tabicl@t1: E - R,True,0.03967589812955986,0.026311286650056685,0.04459058532435878,0.004972360387443386,0.05,200,20260905,True,True
all,20260905,2013H1,cox_slope_deviation,reduction,tabpfn@t1,,tabpfn@t1: E - R,True,0.026536313207692962,0.012359608032500836,0.0358228779819389,0.0060179659917432154,0.05,200,20260905,True,False
all,20260905,2013H1,cox_slope_deviation,h4,scorecard,,scorecard - gbm-50k: E - R,True,-0.07768906596828205,-0.14324713298763375,-0.026703830966581927,0.0407778530296993,0.05,200,20260905,True,False
all,20260905,2013H1,cox_slope_deviation,h4,gbm,,gbm - gbm-50k: E - R,True,-0.03153539069520867,-0.09975699058825373,0.006945145656688949,0.040549815517334165,0.05,200,20260905,False,False
all,20260905,2013H1,cox_slope_deviation,h4,tabpfn,,tabpfn - gbm-50k: E - R,True,-0.005677333243984076,-0.07238482465065049,0.03864715957114963,0.040165759921375756,0.05,200,20260905,False,False
all,20260905,2013H1,cox_slope_deviation,h4,tabicl,,tabicl - gbm-50k: E - R,True,-0.0019220770097056333,-0.07033874754292814,0.04609252150514319,0.041475091754185706,0.05,200,20260905,False,False
all,20260905,2013H1,cox_slope_deviation,h4,tabicl@t1,,tabicl@t1 - gbm-50k: E - R,True,0.002045512803250757,-0.06688658376435555,0.04847682299120981,0.041385055414952715,0.05,200,20260905,False,True
all,20260905,2013H1,cox_slope_deviation,h4,tabpfn@t1,,tabpfn@t1 - gbm-50k: E - R,True,-0.011094072118616141,-0.07883613308486435,0.03477772632736023,0.04031469704656102,0.05,200,20260905,False,False
all,20260905,2013H2,cox_slope_deviation,reduction,scorecard,,scorecard: E - R,True,-0.038420622055713574,-0.0447394873064917,-0.01580820302253436,0.00758870705205844,0.05,200,20260905,True,False
all,20260905,2013H2,cox_slope_deviation,reduction,gbm,,gbm: E - R,True,0.07879604888932207,0.049812367206064606,0.09469188073458538,0.01176574096625473,0.05,200,20260905,True,False
all,20260905,2013H2,cox_slope_deviation,reduction,gbm-50k,,gbm-50k: E - R,True,0.17312233493617343,-0.07307369446119646,0.5090636505664172,0.2272857912394715,0.05,200,20260905,False,False
all,20260905,2013H2,cox_slope_deviation,reduction,tabpfn,,tabpfn: E - R,True,0.010293231132015348,-0.050318819413965446,0.05115064158598511,0.031871043502465356,0.05,200,20260905,False,False
all,20260905,2013H2,cox_slope_deviation,reduction,tabicl,,tabicl: E - R,True,0.0011902853618868114,-0.043463574595562535,0.02885295371947414,0.02612913064736171,0.05,200,20260905,False,False
all,20260905,2013H2,cox_slope_deviation,reduction,tabicl@t1,,tabicl@t1: E - R,True,0.013622854142288789,-0.007367991341320687,0.031068468494806666,0.009119726984095832,0.05,200,20260905,False,True
all,20260905,2013H2,cox_slope_deviation,reduction,tabpfn@t1,,tabpfn@t1: E - R,True,0.030931437959631422,-0.00010232762979728478,0.06781069087541405,0.01827290660506105,0.05,200,20260905,False,False
all,20260905,2013H2,cox_slope_deviation,h4,scorecard,,scorecard - gbm-50k: E - R,True,-0.21154295699188705,-0.5418105869610996,0.042798675059820684,0.22614609978112657,0.05,200,20260905,False,False
all,20260905,2013H2,cox_slope_deviation,h4,gbm,,gbm - gbm-50k: E - R,True,-0.09432628604685138,-0.4332011110644107,0.15723477021449253,0.22705512699330102,0.05,200,20260905,False,False
all,20260905,2013H2,cox_slope_deviation,h4,tabpfn,,tabpfn - gbm-50k: E - R,True,-0.16282910380415808,-0.5430642214070457,0.1182764084234344,0.25780708997383806,0.05,200,20260905,False,False
all,20260905,2013H2,cox_slope_deviation,h4,tabicl,,tabicl - gbm-50k: E - R,True,-0.17193204957428668,-0.5449782089821757,0.09900855476539239,0.25237526643588887,0.05,200,20260905,False,False
all,20260905,2013H2,cox_slope_deviation,h4,tabicl@t1,,tabicl@t1 - gbm-50k: E - R,True,-0.15949948079388465,-0.4947631577225838,0.08811394776224482,0.22927085025962057,0.05,200,20260905,False,True
all,20260905,2013H2,cox_slope_deviation,h4,tabpfn@t1,,tabpfn@t1 - gbm-50k: E - R,True,-0.14219089697654202,-0.4645747150489753,0.0867187616799334,0.2144533455527493,0.05,200,20260905,False,False
all,20260905,2014H1,cox_slope_deviation,reduction,scorecard,,scorecard: E - R,True,-0.0034132699027960497,-0.022863846415147385,0.02037245880126483,0.011016162063883983,0.05,200,20260905,False,False
all,20260905,2014H1,cox_slope_deviation,reduction,gbm,,gbm: E - R,True,-0.01945625845542502,-0.04374972063368059,0.0021517883455683846,0.011414994701435522,0.05,200,20260905,False,False
all,20260905,2014H1,cox_slope_deviation,reduction,gbm-50k,,gbm-50k: E - R,True,-0.01120871655857105,-0.04365037364134402,0.018239540903777357,0.015740088927826596,0.05,200,20260905,False,False
all,20260905,2014H1,cox_slope_deviation,reduction,tabpfn,,tabpfn: E - R,True,0.04165278482382899,-0.002242653592039911,0.07666110913427523,0.02075634584954873,0.05,200,20260905,False,False
all,20260905,2014H1,cox_slope_deviation,reduction,tabicl,,tabicl: E - R,True,0.05178775690736662,0.002177736723646219,0.08686069450968475,0.024566575750546767,0.05,200,20260905,True,False
all,20260905,2014H1,cox_slope_deviation,reduction,tabicl@t1,,tabicl@t1: E - R,True,-0.018515396140358246,-0.04883599389740682,0.010369482673646367,0.015478734570965042,0.05,200,20260905,False,True
all,20260905,2014H1,cox_slope_deviation,reduction,tabpfn@t1,,tabpfn@t1: E - R,True,-0.06357215962492276,-0.10543337723787237,-0.011122750881795642,0.02550287121857501,0.05,200,20260905,True,False
all,20260905,2014H1,cox_slope_deviation,h4,scorecard,,scorecard - gbm-50k: E - R,True,0.007795446655774999,-0.02588174565788722,0.04492417977105113,0.018565193142754084,0.05,200,20260905,False,False
all,20260905,2014H1,cox_slope_deviation,h4,gbm,,gbm - gbm-50k: E - R,True,-0.008247541896853972,-0.039938565694787743,0.02133535019862583,0.0177372733264077,0.05,200,20260905,False,False
all,20260905,2014H1,cox_slope_deviation,h4,tabpfn,,tabpfn - gbm-50k: E - R,True,0.052861501382400033,0.0020393382651505273,0.0822531999535745,0.02114657242667959,0.05,200,20260905,True,False
all,20260905,2014H1,cox_slope_deviation,h4,tabicl,,tabicl - gbm-50k: E - R,True,0.06299647346593766,0.018754182257037413,0.09960088161617339,0.020490391823185693,0.05,200,20260905,True,False
all,20260905,2014H1,cox_slope_deviation,h4,tabicl@t1,,tabicl@t1 - gbm-50k: E - R,True,-0.007306679581787196,-0.046571556721966806,0.02139197726533893,0.01861875187330853,0.05,200,20260905,False,True
all,20260905,2014H1,cox_slope_deviation,h4,tabpfn@t1,,tabpfn@t1 - gbm-50k: E - R,True,-0.05236344306635171,-0.10450002559691358,0.0033901836501642408,0.027323732303523973,0.05,200,20260905,False,False
all,20260905,2014H2,cox_slope_deviation,reduction,scorecard,,scorecard: E - R,True,-0.02523605352315074,-0.04155539438302601,0.006432614393875171,0.011642231857600964,0.05,200,20260905,False,False
all,20260905,2014H2,cox_slope_deviation,reduction,gbm,,gbm: E - R,True,-0.005306755918634512,-0.017708051875952348,0.013897071275196978,0.007912506657331956,0.05,200,20260905,False,False
all,20260905,2014H2,cox_slope_deviation,reduction,gbm-50k,,gbm-50k: E - R,True,0.014401625756158451,-0.10159120041345819,0.13459789012642479,0.08165046554074283,0.05,200,20260905,False,False
all,20260905,2014H2,cox_slope_deviation,reduction,tabpfn,,tabpfn: E - R,True,-2.2584670795075996e-05,-0.015196962237116782,0.024177487637388504,0.010065015567372637,0.05,200,20260905,False,False
all,20260905,2014H2,cox_slope_deviation,reduction,tabicl,,tabicl: E - R,True,0.002330041238797431,-0.01572683444271127,0.015898245270917377,0.00803458125930928,0.05,200,20260905,False,False
all,20260905,2014H2,cox_slope_deviation,reduction,tabicl@t1,,tabicl@t1: E - R,True,0.00538857678239302,-0.012212339944779913,0.02277208591486015,0.008844009324752563,0.05,200,20260905,False,True
all,20260905,2014H2,cox_slope_deviation,reduction,tabpfn@t1,,tabpfn@t1: E - R,True,0.010340076970753849,-0.013901924546805238,0.03856377111346971,0.014861242023246084,0.05,200,20260905,False,False
all,20260905,2014H2,cox_slope_deviation,h4,scorecard,,scorecard - gbm-50k: E - R,True,-0.0396376792793092,-0.1631290030644056,0.0817981800361043,0.08275172374217282,0.05,200,20260905,False,False
all,20260905,2014H2,cox_slope_deviation,h4,gbm,,gbm - gbm-50k: E - R,True,-0.019708381674792972,-0.14461342730420793,0.09796372661351954,0.08280077969488187,0.05,200,20260905,False,False
all,20260905,2014H2,cox_slope_deviation,h4,tabpfn,,tabpfn - gbm-50k: E - R,True,-0.01442421042695353,-0.14038472408039995,0.11692667844094579,0.08424023001111842,0.05,200,20260905,False,False
all,20260905,2014H2,cox_slope_deviation,h4,tabicl,,tabicl - gbm-50k: E - R,True,-0.012071584517361034,-0.14842464038990952,0.11014943366364331,0.08524889510130147,0.05,200,20260905,False,False
all,20260905,2014H2,cox_slope_deviation,h4,tabicl@t1,,tabicl@t1 - gbm-50k: E - R,True,-0.009013048973765439,-0.13478907658191672,0.11218511697863613,0.08054276526658305,0.05,200,20260905,False,True
all,20260905,2014H2,cox_slope_deviation,h4,tabpfn@t1,,tabpfn@t1 - gbm-50k: E - R,True,-0.00406154878540461,-0.108030137420557,0.09885909716996469,0.07064911695439861,0.05,200,20260905,False,False
all,20260905,2015H1,cox_slope_deviation,reduction,scorecard,,scorecard: E - R,True,0.022378611121897526,-0.002833289069811596,0.04146266005191526,0.011164060399648405,0.05,200,20260905,False,False
all,20260905,2015H1,cox_slope_deviation,reduction,gbm,,gbm: E - R,True,-0.008710627474930954,-0.03499732137320941,0.008922682052624057,0.01161326721188981,0.05,200,20260905,False,False
all,20260905,2015H1,cox_slope_deviation,reduction,gbm-50k,,gbm-50k: E - R,True,0.015832360918318567,-0.07378386394182826,0.12429629042556635,0.0579879954945638,0.05,200,20260905,False,False
all,20260905,2015H1,cox_slope_deviation,reduction,tabpfn,,tabpfn: E - R,True,-0.03817154471219188,-0.09593852010925337,0.017393884024017293,0.03299953151340972,0.05,200,20260905,False,False
all,20260905,2015H1,cox_slope_deviation,reduction,tabicl,,tabicl: E - R,True,-0.04400715875912286,-0.08692925641134062,0.017472165511709416,0.03505526479437214,0.05,200,20260905,False,False
all,20260905,2015H1,cox_slope_deviation,reduction,tabicl@t1,,tabicl@t1: E - R,True,-0.008353048815147616,-0.04695066674908193,0.05257360739533001,0.0271753498258919,0.05,200,20260905,False,True
all,20260905,2015H1,cox_slope_deviation,reduction,tabpfn@t1,,tabpfn@t1: E - R,True,0.02696495463678572,-0.02411839660797242,0.10746210016171952,0.038598008950050465,0.05,200,20260905,False,False
all,20260905,2015H1,cox_slope_deviation,h4,scorecard,,scorecard - gbm-50k: E - R,True,0.006546250203578958,-0.10283873415970118,0.11043400038895142,0.05855155148986342,0.05,200,20260905,False,False
all,20260905,2015H1,cox_slope_deviation,h4,gbm,,gbm - gbm-50k: E - R,True,-0.02454298839324952,-0.1531093593075562,0.054442995309712035,0.05924954597106269,0.05,200,20260905,False,False
all,20260905,2015H1,cox_slope_deviation,h4,tabpfn,,tabpfn - gbm-50k: E - R,True,-0.05400390563051043,-0.17790826142710933,0.03463680435701148,0.07288605114422916,0.05,200,20260905,False,False
all,20260905,2015H1,cox_slope_deviation,h4,tabicl,,tabicl - gbm-50k: E - R,True,-0.059839519677441416,-0.18832599414108087,0.021050032250142306,0.07149736982611904,0.05,200,20260905,False,False
all,20260905,2015H1,cox_slope_deviation,h4,tabicl@t1,,tabicl@t1 - gbm-50k: E - R,True,-0.024185409733466185,-0.08296418665859882,0.04304977454889259,0.03545485738851905,0.05,200,20260905,False,True
all,20260905,2015H1,cox_slope_deviation,h4,tabpfn@t1,,tabpfn@t1 - gbm-50k: E - R,True,0.011132593718467152,-0.029794858399382007,0.08057464506341991,0.030787303496414797,0.05,200,20260905,False,False
all,20260905,2015H2,cox_slope_deviation,reduction,scorecard,,scorecard: E - R,True,0.03985726943117936,-0.006964173728979548,0.05926041815430827,0.017366279907641443,0.05,200,20260905,False,False
all,20260905,2015H2,cox_slope_deviation,reduction,gbm,,gbm: E - R,True,0.03369741954735974,0.0059643433286227275,0.055561377530698196,0.012625654602853602,0.05,200,20260905,True,False
all,20260905,2015H2,cox_slope_deviation,reduction,gbm-50k,,gbm-50k: E - R,True,-0.018759201212932296,-0.04847013885575995,0.019962837522586784,0.020418212189655487,0.05,200,20260905,False,False
all,20260905,2015H2,cox_slope_deviation,reduction,tabpfn,,tabpfn: E - R,True,-0.00736630193181854,-0.0538399749572687,0.032633628968932016,0.02703230267376274,0.05,200,20260905,False,False
all,20260905,2015H2,cox_slope_deviation,reduction,tabicl,,tabicl: E - R,True,-0.035131060975065846,-0.08632552089510459,0.028246623852848828,0.0381750688755557,0.05,200,20260905,False,False
all,20260905,2015H2,cox_slope_deviation,reduction,tabicl@t1,,tabicl@t1: E - R,True,0.003343633192736617,-0.02887878107019027,0.04850841244452595,0.019361603559415453,0.05,200,20260905,False,True
all,20260905,2015H2,cox_slope_deviation,reduction,tabpfn@t1,,tabpfn@t1: E - R,True,0.014062596496559103,-0.02055663438265153,0.0608436342817866,0.023082225497490616,0.05,200,20260905,False,False
all,20260905,2015H2,cox_slope_deviation,h4,scorecard,,scorecard - gbm-50k: E - R,True,0.05861647064411165,-0.006260885863587831,0.09052170928965772,0.02776228195145894,0.05,200,20260905,False,False
all,20260905,2015H2,cox_slope_deviation,h4,gbm,,gbm - gbm-50k: E - R,True,0.05245662076029203,0.0034586447669277174,0.09206844227150236,0.024613467385855667,0.05,200,20260905,True,False
all,20260905,2015H2,cox_slope_deviation,h4,tabpfn,,tabpfn - gbm-50k: E - R,True,0.011392899281113757,-0.03680203540665956,0.06721580632189209,0.027925570806018922,0.05,200,20260905,False,False
all,20260905,2015H2,cox_slope_deviation,h4,tabicl,,tabicl - gbm-50k: E - R,True,-0.016371859762133553,-0.0673786571524245,0.06475344199747525,0.0425582269185875,0.05,200,20260905,False,False
all,20260905,2015H2,cox_slope_deviation,h4,tabicl@t1,,tabicl@t1 - gbm-50k: E - R,True,0.022102834405668913,-0.034273616106281865,0.07800525660576678,0.03274216295835289,0.05,200,20260905,False,True
all,20260905,2015H2,cox_slope_deviation,h4,tabpfn@t1,,tabpfn@t1 - gbm-50k: E - R,True,0.0328217977094914,-0.014984297576573028,0.09507567790703711,0.032534909317949764,0.05,200,20260905,False,False
all,20260905,2016H1,cox_slope_deviation,reduction,scorecard,,scorecard: E - R,True,0.017205989854476814,-0.036461105103707626,0.03312768599357317,0.019226403254389807,0.05,200,20260905,False,False
all,20260905,2016H1,cox_slope_deviation,reduction,gbm,,gbm: E - R,True,-0.0015988725077936555,-0.01921923205823895,0.014784718195230064,0.009202407920806503,0.05,200,20260905,False,False
all,20260905,2016H1,cox_slope_deviation,reduction,gbm-50k,,gbm-50k: E - R,True,0.013846980729146243,-0.0584593168905387,0.11853684368212974,0.05182859938657139,0.05,200,20260905,False,False
all,20260905,2016H1,cox_slope_deviation,reduction,tabpfn,,tabpfn: E - R,True,-0.06332839967228122,-0.1008604597646983,-0.013860731895927915,0.025497567984389395,0.05,200,20260905,True,False
all,20260905,2016H1,cox_slope_deviation,reduction,tabicl,,tabicl: E - R,True,-0.07808706226839583,-0.09479363853942863,-0.05165562590690484,0.012832643031864734,0.05,200,20260905,True,False
all,20260905,2016H1,cox_slope_deviation,reduction,tabicl@t1,,tabicl@t1: E - R,True,-0.04691935881009259,-0.07262046991723839,0.007931766511519427,0.02148345494780267,0.05,200,20260905,False,True
all,20260905,2016H1,cox_slope_deviation,reduction,tabpfn@t1,,tabpfn@t1: E - R,True,0.02041547139086081,-0.0409105284887728,0.06319616348387935,0.029886336589728186,0.05,200,20260905,False,False
all,20260905,2016H1,cox_slope_deviation,h4,scorecard,,scorecard - gbm-50k: E - R,True,0.0033590091253305706,-0.1071970584558963,0.07967792682591392,0.054371742502943646,0.05,200,20260905,False,False
all,20260905,2016H1,cox_slope_deviation,h4,gbm,,gbm - gbm-50k: E - R,True,-0.015445853236939899,-0.11716356126495617,0.06515422785073727,0.052044150914122435,0.05,200,20260905,False,False
all,20260905,2016H1,cox_slope_deviation,h4,tabpfn,,tabpfn - gbm-50k: E - R,True,-0.07717538040142748,-0.1985041276210414,0.035607503353954593,0.0728087182795293,0.05,200,20260905,False,False
all,20260905,2016H1,cox_slope_deviation,h4,tabicl,,tabicl - gbm-50k: E - R,True,-0.09193404299754208,-0.20078136917288505,0.0009709175000253828,0.058602559596650214,0.05,200,20260905,False,False
all,20260905,2016H1,cox_slope_deviation,h4,tabicl@t1,,tabicl@t1 - gbm-50k: E - R,True,-0.060766339539238844,-0.14823172645092364,0.030618792183432254,0.05004777429185163,0.05,200,20260905,False,True
all,20260905,2016H1,cox_slope_deviation,h4,tabpfn@t1,,tabpfn@t1 - gbm-50k: E - R,True,0.006568490661714564,-0.0851505843632092,0.07052303753868791,0.049770263119528896,0.05,200,20260905,False,False
all,20260905,2016H2,cox_slope_deviation,reduction,scorecard,,scorecard: E - R,True,0.0327697028108191,-0.036611551653285196,0.061071554582867935,0.02470891715981289,0.05,200,20260905,False,False
all,20260905,2016H2,cox_slope_deviation,reduction,gbm,,gbm: E - R,True,0.007439089012556653,-0.024434868639756434,0.025765418667347505,0.0132587295328422,0.05,200,20260905,False,False
all,20260905,2016H2,cox_slope_deviation,reduction,gbm-50k,,gbm-50k: E - R,True,0.01095367773078986,-0.09727939047740641,0.07893932711471383,0.04256980080294825,0.05,200,20260905,False,False
all,20260905,2016H2,cox_slope_deviation,reduction,tabpfn,,tabpfn: E - R,True,-0.056252934179004975,-0.10846791570073178,0.028059373919257925,0.05032914062860618,0.05,200,20260905,False,False
all,20260905,2016H2,cox_slope_deviation,reduction,tabicl,,tabicl: E - R,True,-0.059992535636389545,-0.10413835392956187,0.006868033059848912,0.03864727438486483,0.05,200,20260905,False,False
all,20260905,2016H2,cox_slope_deviation,reduction,tabicl@t1,,tabicl@t1: E - R,True,-0.036205945185641734,-0.08146359378978853,0.01289524700691705,0.027655764011038374,0.05,200,20260905,False,True
all,20260905,2016H2,cox_slope_deviation,reduction,tabpfn@t1,,tabpfn@t1: E - R,True,0.00229467485106064,-0.051025733507024114,0.04880984686552761,0.02669664997433163,0.05,200,20260905,False,False
all,20260905,2016H2,cox_slope_deviation,h4,scorecard,,scorecard - gbm-50k: E - R,True,0.021816025080029233,-0.05923203034049686,0.14561585183401352,0.04651635608631497,0.05,200,20260905,False,False
all,20260905,2016H2,cox_slope_deviation,h4,gbm,,gbm - gbm-50k: E - R,True,-0.003514588718233206,-0.06872233706461289,0.1081016299187108,0.04313638150899333,0.05,200,20260905,False,False
all,20260905,2016H2,cox_slope_deviation,h4,tabpfn,,tabpfn - gbm-50k: E - R,True,-0.06720661190979484,-0.1703256803294826,0.10837325410563257,0.08271554430481666,0.05,200,20260905,False,False
all,20260905,2016H2,cox_slope_deviation,h4,tabicl,,tabicl - gbm-50k: E - R,True,-0.07094621336717939,-0.16023518402270395,0.08597030429643747,0.07220605900804773,0.05,200,20260905,False,False
all,20260905,2016H2,cox_slope_deviation,h4,tabicl@t1,,tabicl@t1 - gbm-50k: E - R,True,-0.04715962291643159,-0.10537945230542403,0.09711258148042291,0.05403558045292313,0.05,200,20260905,False,True
all,20260905,2016H2,cox_slope_deviation,h4,tabpfn@t1,,tabpfn@t1 - gbm-50k: E - R,True,-0.008659002879729219,-0.06552108470138307,0.09086617623651293,0.04027237721749332,0.05,200,20260905,False,False
all,20260905,2017H1,cox_slope_deviation,reduction,scorecard,,scorecard: E - R,True,0.044692320186798584,-0.04125033721440528,0.06067904557670018,0.027935874169973857,0.05,200,20260905,False,False
all,20260905,2017H1,cox_slope_deviation,reduction,gbm,,gbm: E - R,True,0.003229371734094988,-0.023948171241758756,0.034805413700407066,0.013987189842519728,0.05,200,20260905,False,False
all,20260905,2017H1,cox_slope_deviation,reduction,gbm-50k,,gbm-50k: E - R,True,0.047549585757169256,-0.05133686686665737,0.18180213841615106,0.06487795882615768,0.05,200,20260905,False,False
all,20260905,2017H1,cox_slope_deviation,reduction,tabpfn,,tabpfn: E - R,True,-0.10011597486892364,-0.14838606072064245,-0.007376054930777686,0.03974378266713632,0.05,200,20260905,True,False
all,20260905,2017H1,cox_slope_deviation,reduction,tabicl,,tabicl: E - R,True,-0.10238091990690024,-0.12912219971632014,-0.036428759990709755,0.024895013891414887,0.05,200,20260905,True,False
all,20260905,2017H1,cox_slope_deviation,reduction,tabicl@t1,,tabicl@t1: E - R,True,-0.04046923930667984,-0.1232833483935726,0.07209400168775319,0.049938507092380846,0.05,200,20260905,False,True
all,20260905,2017H1,cox_slope_deviation,reduction,tabpfn@t1,,tabpfn@t1: E - R,True,-0.006029898054328939,-0.12444954045965949,0.09831339167880047,0.060037620074514554,0.05,200,20260905,False,False
all,20260905,2017H1,cox_slope_deviation,h4,scorecard,,scorecard - gbm-50k: E - R,True,-0.00285726557037067,-0.1380361398465877,0.07236493220042615,0.05868341468018314,0.05,200,20260905,False,False
all,20260905,2017H1,cox_slope_deviation,h4,gbm,,gbm - gbm-50k: E - R,True,-0.04432021402307427,-0.16864482088699878,0.05108107572770999,0.06214876741431598,0.05,200,20260905,False,False
all,20260905,2017H1,cox_slope_deviation,h4,tabpfn,,tabpfn - gbm-50k: E - R,True,-0.1476655606260929,-0.3210541604298954,-0.025526375178555435,0.0832367931232101,0.05,200,20260905,True,False
all,20260905,2017H1,cox_slope_deviation,h4,tabicl,,tabicl - gbm-50k: E - R,True,-0.14993050566406949,-0.29288245909589306,-0.023903534690212017,0.07847394371058332,0.05,200,20260905,True,False
all,20260905,2017H1,cox_slope_deviation,h4,tabicl@t1,,tabicl@t1 - gbm-50k: E - R,True,-0.0880188250638491,-0.2524067315464369,0.02383274249730236,0.08273077176553185,0.05,200,20260905,False,True
all,20260905,2017H1,cox_slope_deviation,h4,tabpfn@t1,,tabpfn@t1 - gbm-50k: E - R,True,-0.053579483811498185,-0.22041104656560598,0.04947910579968421,0.08737723274690527,0.05,200,20260905,False,False
all,20260905,builds,cox_slope_deviation,reduction,scorecard,,scorecard: E - R,True,0.005530585253504236,-0.018307398375239394,0.013465134213232954,0.008550693600309259,0.05,200,20260905,False,False
all,20260905,builds,cox_slope_deviation,reduction,gbm,,gbm: E - R,True,0.010464934384183305,0.0002250501180160913,0.018304209984836964,0.004664640706255823,0.05,200,20260905,True,False
all,20260905,builds,cox_slope_deviation,reduction,gbm-50k,,gbm-50k: E - R,True,0.03148544815361796,-0.0063996874880362774,0.06124201010092114,0.020868873410076642,0.05,200,20260905,False,False
all,20260905,builds,cox_slope_deviation,reduction,tabpfn,,tabpfn: E - R,True,-0.0201509635552051,-0.03409331023530286,0.0004941811495789342,0.010181723769521141,0.05,200,20260905,False,False
all,20260905,builds,cox_slope_deviation,reduction,tabicl,,tabicl: E - R,True,-0.025398038413468896,-0.0401573122829514,-0.0040024228454317665,0.011608035750148259,0.05,200,20260905,True,False
all,20260905,builds,cox_slope_deviation,reduction,tabicl@t1,,tabicl@t1: E - R,True,-0.009825780667882408,-0.025547693427804972,0.01050578967315177,0.008962821357984038,0.05,200,20260905,False,True
all,20260905,builds,cox_slope_deviation,reduction,tabpfn@t1,,tabpfn@t1: E - R,True,0.00688260753712142,-0.015240435169469622,0.02410206700503653,0.010115139054271801,0.05,200,20260905,False,False
all,20260905,builds,cox_slope_deviation,h4,scorecard,,scorecard - gbm-50k: E - R,True,-0.025954862900113725,-0.058168001558227975,0.005601626990372089,0.02022753630872061,0.05,200,20260905,False,False
all,20260905,builds,cox_slope_deviation,h4,gbm,,gbm - gbm-50k: E - R,True,-0.021020513769434656,-0.051514653753812256,0.014158636914893578,0.020773788629331685,0.05,200,20260905,False,False
all,20260905,builds,cox_slope_deviation,h4,tabpfn,,tabpfn - gbm-50k: E - R,True,-0.05163641170882307,-0.09037204620906826,-0.0021208336947624493,0.027881684725749572,0.05,200,20260905,True,False
all,20260905,builds,cox_slope_deviation,h4,tabicl,,tabicl - gbm-50k: E - R,True,-0.05688348656708686,-0.09959560750345837,-0.0013170808598762741,0.031068285420011072,0.05,200,20260905,True,False
all,20260905,builds,cox_slope_deviation,h4,tabicl@t1,,tabicl@t1 - gbm-50k: E - R,True,-0.041311228821500366,-0.06864876767255008,0.0017903176314976634,0.022226493548444165,0.05,200,20260905,False,True
all,20260905,builds,cox_slope_deviation,h4,tabpfn@t1,,tabpfn@t1 - gbm-50k: E - R,True,-0.02460284061649654,-0.04927268318118389,0.0014481890332854752,0.015923928368634505,0.05,200,20260905,False,False
"all, cohorts resampled",20260905,arm,cox_slope_deviation,reduction,scorecard,,scorecard: E - R,True,-0.007780663643133318,-0.021829627996934355,0.007439197322365642,0.007903086151134674,0.05,200,20260905,False,False
"all, cohorts resampled",20260905,arm,cox_slope_deviation,reduction,gbm,,gbm: E - R,True,0.01351169042169971,0.002079503619959417,0.023333599879459627,0.005500086369093857,0.05,200,20260905,True,False
"all, cohorts resampled",20260905,arm,cox_slope_deviation,reduction,gbm-50k,,gbm-50k: E - R,True,0.04016986436142333,-0.008048852214050817,0.08706495417534667,0.030471184775547364,0.05,200,20260905,False,False
"all, cohorts resampled",20260905,arm,cox_slope_deviation,reduction,tabpfn,,tabpfn: E - R,True,-0.0010555960806334086,-0.01829848845046165,0.02212277217809065,0.010913061564166587,0.05,200,20260905,False,False
"all, cohorts resampled",20260905,arm,cox_slope_deviation,reduction,tabicl,,tabicl: E - R,True,-0.004527005757827819,-0.02318990156655951,0.02022334314336051,0.012247529056491077,0.05,200,20260905,False,False
"all, cohorts resampled",20260905,arm,cox_slope_deviation,reduction,tabicl@t1,,tabicl@t1: E - R,True,0.0008594681534888025,-0.009180010555874371,0.016451913696015185,0.006936913302662772,0.05,200,20260905,False,True
"all, cohorts resampled",20260905,arm,cox_slope_deviation,reduction,tabpfn@t1,,tabpfn@t1: E - R,True,0.007781139917251277,-0.014312466997758356,0.021907703313272905,0.009554377539858825,0.05,200,20260905,False,False
"all, cohorts resampled",20260905,arm,cox_slope_deviation,h4,scorecard,,scorecard - gbm-50k: E - R,True,-0.047950528004556646,-0.10281624294543124,0.004500569818357779,0.03159004034277533,0.05,200,20260905,False,False
"all, cohorts resampled",20260905,arm,cox_slope_deviation,h4,gbm,,gbm - gbm-50k: E - R,True,-0.026658173939723615,-0.07647306311296063,0.017619485226104688,0.031089219567909644,0.05,200,20260905,False,False
"all, cohorts resampled",20260905,arm,cox_slope_deviation,h4,tabpfn,,tabpfn - gbm-50k: E - R,True,-0.04122546044205674,-0.09480433065679315,0.020794798748226623,0.038604029772323176,0.05,200,20260905,False,False
"all, cohorts resampled",20260905,arm,cox_slope_deviation,h4,tabicl,,tabicl - gbm-50k: E - R,True,-0.04469687011925114,-0.09623569936673125,0.01842229746832303,0.03984488289142764,0.05,200,20260905,False,False
"all, cohorts resampled",20260905,arm,cox_slope_deviation,h4,tabicl@t1,,tabicl@t1 - gbm-50k: E - R,True,-0.03931039620793452,-0.08769541041920949,0.007176376371608994,0.030846102371983784,0.05,200,20260905,False,True
"all, cohorts resampled",20260905,arm,cox_slope_deviation,h4,tabpfn@t1,,tabpfn@t1 - gbm-50k: E - R,True,-0.03238872444417205,-0.07498564443639964,0.0010923774621001644,0.02399227932718691,0.05,200,20260905,False,False
all,20260906,arm,cox_slope_deviation,reduction,scorecard,,scorecard: E - R,True,-0.007780663643133318,-0.018938301274091355,0.0004951726277689946,0.0050788191066774985,0.05,200,20260906,False,False
all,20260906,arm,cox_slope_deviation,reduction,gbm,,gbm: E - R,True,0.01351169042169971,0.003827897144108578,0.019297735256835837,0.0039022919597529056,0.05,200,20260906,True,False
all,20260906,arm,cox_slope_deviation,reduction,gbm-50k,,gbm-50k: E - R,True,0.04016986436142333,-0.002566632548987452,0.07687197516874106,0.02843661562615277,0.05,200,20260906,False,False
all,20260906,arm,cox_slope_deviation,reduction,tabpfn,,tabpfn: E - R,True,-0.0010555960806334086,-0.013844381295150069,0.018964898352575026,0.010582596384615957,0.05,200,20260906,False,False
all,20260906,arm,cox_slope_deviation,reduction,tabicl,,tabicl: E - R,True,-0.004527005757827819,-0.016898376643189494,0.016100149815523265,0.01158439267073712,0.05,200,20260906,False,False
all,20260906,arm,cox_slope_deviation,reduction,tabicl@t1,,tabicl@t1: E - R,True,0.0008594681534888025,-0.0082086235871379,0.009928429731855396,0.004656390956436443,0.05,200,20260906,False,True
all,20260906,arm,cox_slope_deviation,reduction,tabpfn@t1,,tabpfn@t1: E - R,True,0.007781139917251277,-0.009345423813059783,0.019695404275221994,0.008037585296562231,0.05,200,20260906,False,False
all,20260906,arm,cox_slope_deviation,h4,scorecard,,scorecard - gbm-50k: E - R,True,-0.047950528004556646,-0.09158545617476913,-0.001964885471471346,0.028608351771852142,0.05,200,20260906,True,False
all,20260906,arm,cox_slope_deviation,h4,gbm,,gbm - gbm-50k: E - R,True,-0.026658173939723615,-0.06593677901331185,0.017429897005733053,0.028565680548033785,0.05,200,20260906,False,False
all,20260906,arm,cox_slope_deviation,h4,tabpfn,,tabpfn - gbm-50k: E - R,True,-0.04122546044205674,-0.08776815546371741,0.019359113365107594,0.03768813561489935,0.05,200,20260906,False,False
all,20260906,arm,cox_slope_deviation,h4,tabicl,,tabicl - gbm-50k: E - R,True,-0.04469687011925114,-0.08887837084073817,0.01620157155503969,0.038554417415031725,0.05,200,20260906,False,False
all,20260906,arm,cox_slope_deviation,h4,tabicl@t1,,tabicl@t1 - gbm-50k: E - R,True,-0.03931039620793452,-0.07806522886067399,0.007197292410064959,0.02940451461078575,0.05,200,20260906,False,True
all,20260906,arm,cox_slope_deviation,h4,tabpfn@t1,,tabpfn@t1 - gbm-50k: E - R,True,-0.03238872444417205,-0.06591929116379867,0.0015283702696057403,0.02238556821270157,0.05,200,20260906,False,False
all,20260906,2013H1,cox_slope_deviation,reduction,scorecard,,scorecard: E - R,True,-0.04005868064197296,-0.04524347158372511,-0.03026670056142257,0.004065093414051818,0.05,200,20260906,True,False
all,20260906,2013H1,cox_slope_deviation,reduction,gbm,,gbm: E - R,True,0.006094994631100428,-0.009762983733927708,0.019678612148101002,0.007498574196356533,0.05,200,20260906,False,False
all,20260906,2013H1,cox_slope_deviation,reduction,gbm-50k,,gbm-50k: E - R,True,0.0376303853263091,-0.00898068381508733,0.10303185222842123,0.04112868052735314,0.05,200,20260906,False,False
all,20260906,2013H1,cox_slope_deviation,reduction,tabpfn,,tabpfn: E - R,True,0.031953052082325024,0.025167613375087394,0.0392259809821988,0.0038199861501555573,0.05,200,20260906,True,False
all,20260906,2013H1,cox_slope_deviation,reduction,tabicl,,tabicl: E - R,True,0.03570830831660347,0.029664111471083988,0.043469719899268115,0.003553801338957378,0.05,200,20260906,True,False
all,20260906,2013H1,cox_slope_deviation,reduction,tabicl@t1,,tabicl@t1: E - R,True,0.03967589812955986,0.02557601299156043,0.046652647486857185,0.004874158441637768,0.05,200,20260906,True,True
all,20260906,2013H1,cox_slope_deviation,reduction,tabpfn@t1,,tabpfn@t1: E - R,True,0.026536313207692962,0.01198278122715948,0.03439068053404381,0.005763454033731232,0.05,200,20260906,True,False
all,20260906,2013H1,cox_slope_deviation,h4,scorecard,,scorecard - gbm-50k: E - R,True,-0.07768906596828205,-0.14258549558626213,-0.027445858585952283,0.04121248669019387,0.05,200,20260906,True,False
all,20260906,2013H1,cox_slope_deviation,h4,gbm,,gbm - gbm-50k: E - R,True,-0.03153539069520867,-0.09946212980151373,0.006915353603527755,0.04083135228417349,0.05,200,20260906,False,False
all,20260906,2013H1,cox_slope_deviation,h4,tabpfn,,tabpfn - gbm-50k: E - R,True,-0.005677333243984076,-0.07125084610543121,0.03875376796329744,0.04093980553306568,0.05,200,20260906,False,False
all,20260906,2013H1,cox_slope_deviation,h4,tabicl,,tabicl - gbm-50k: E - R,True,-0.0019220770097056333,-0.06944003271893738,0.04752370117538884,0.042396426473709496,0.05,200,20260906,False,False
all,20260906,2013H1,cox_slope_deviation,h4,tabicl@t1,,tabicl@t1 - gbm-50k: E - R,True,0.002045512803250757,-0.06764309601878259,0.046788158663257196,0.04232881543904439,0.05,200,20260906,False,True
all,20260906,2013H1,cox_slope_deviation,h4,tabpfn@t1,,tabpfn@t1 - gbm-50k: E - R,True,-0.011094072118616141,-0.07738828435342655,0.0336424521899481,0.04096337295997169,0.05,200,20260906,False,False
all,20260906,2013H2,cox_slope_deviation,reduction,scorecard,,scorecard: E - R,True,-0.038420622055713574,-0.0459383005581357,-0.020169727453729983,0.00665627191985871,0.05,200,20260906,True,False
all,20260906,2013H2,cox_slope_deviation,reduction,gbm,,gbm: E - R,True,0.07879604888932207,0.04929050108481049,0.09160849663205482,0.010626988140120208,0.05,200,20260906,True,False
all,20260906,2013H2,cox_slope_deviation,reduction,gbm-50k,,gbm-50k: E - R,True,0.17312233493617343,-0.07296992669679447,0.5045019767091148,0.2199009041766894,0.05,200,20260906,False,False
all,20260906,2013H2,cox_slope_deviation,reduction,tabpfn,,tabpfn: E - R,True,0.010293231132015348,-0.04437834052442259,0.050632227239030006,0.03037885961869023,0.05,200,20260906,False,False
all,20260906,2013H2,cox_slope_deviation,reduction,tabicl,,tabicl: E - R,True,0.0011902853618868114,-0.04211362292910905,0.029164140413478253,0.02443871874562523,0.05,200,20260906,False,False
all,20260906,2013H2,cox_slope_deviation,reduction,tabicl@t1,,tabicl@t1: E - R,True,0.013622854142288789,-0.0025415333514596603,0.030663657188596937,0.007629862363618995,0.05,200,20260906,False,True
all,20260906,2013H2,cox_slope_deviation,reduction,tabpfn@t1,,tabpfn@t1: E - R,True,0.030931437959631422,-0.0014635308680589361,0.06339405157906396,0.01797556992849279,0.05,200,20260906,False,False
all,20260906,2013H2,cox_slope_deviation,h4,scorecard,,scorecard - gbm-50k: E - R,True,-0.21154295699188705,-0.5340469569495166,0.04369361622373759,0.2203000879559002,0.05,200,20260906,False,False
all,20260906,2013H2,cox_slope_deviation,h4,gbm,,gbm - gbm-50k: E - R,True,-0.09432628604685138,-0.43084048869864056,0.14873470696597849,0.2201237704253505,0.05,200,20260906,False,False
all,20260906,2013H2,cox_slope_deviation,h4,tabpfn,,tabpfn - gbm-50k: E - R,True,-0.16282910380415808,-0.5367198826461802,0.11818323712768154,0.24917854957985647,0.05,200,20260906,False,False
all,20260906,2013H2,cox_slope_deviation,h4,tabicl,,tabicl - gbm-50k: E - R,True,-0.17193204957428668,-0.5363238416598028,0.09620088439278073,0.24325007136175553,0.05,200,20260906,False,False
all,20260906,2013H2,cox_slope_deviation,h4,tabicl@t1,,tabicl@t1 - gbm-50k: E - R,True,-0.15949948079388465,-0.4940756567525,0.08709137023963985,0.22103658233651305,0.05,200,20260906,False,True
all,20260906,2013H2,cox_slope_deviation,h4,tabpfn@t1,,tabpfn@t1 - gbm-50k: E - R,True,-0.14219089697654202,-0.4579528967577886,0.08882057899671936,0.20690985135938972,0.05,200,20260906,False,False
all,20260906,2014H1,cox_slope_deviation,reduction,scorecard,,scorecard: E - R,True,-0.0034132699027960497,-0.016938863769785952,0.020611149443052538,0.009978629234052558,0.05,200,20260906,False,False
all,20260906,2014H1,cox_slope_deviation,reduction,gbm,,gbm: E - R,True,-0.01945625845542502,-0.04078981747611164,-0.0015168495642763561,0.010919091840054367,0.05,200,20260906,True,False
all,20260906,2014H1,cox_slope_deviation,reduction,gbm-50k,,gbm-50k: E - R,True,-0.01120871655857105,-0.04480393887360822,0.012303082080162878,0.014492962126125988,0.05,200,20260906,False,False
all,20260906,2014H1,cox_slope_deviation,reduction,tabpfn,,tabpfn: E - R,True,0.04165278482382899,0.0012535755620602393,0.08676247938828885,0.02194867795933758,0.05,200,20260906,True,False
all,20260906,2014H1,cox_slope_deviation,reduction,tabicl,,tabicl: E - R,True,0.05178775690736662,0.000993706022606077,0.08477857027348287,0.024982709130683747,0.05,200,20260906,True,False
all,20260906,2014H1,cox_slope_deviation,reduction,tabicl@t1,,tabicl@t1: E - R,True,-0.018515396140358246,-0.047236019884863034,0.007004171265714507,0.014662752489389991,0.05,200,20260906,False,True
all,20260906,2014H1,cox_slope_deviation,reduction,tabpfn@t1,,tabpfn@t1: E - R,True,-0.06357215962492276,-0.1036274231843841,-0.013737996178841505,0.023237839900080205,0.05,200,20260906,True,False
all,20260906,2014H1,cox_slope_deviation,h4,scorecard,,scorecard - gbm-50k: E - R,True,0.007795446655774999,-0.016647168856674725,0.04888264788767363,0.017125944289970496,0.05,200,20260906,False,False
all,20260906,2014H1,cox_slope_deviation,h4,gbm,,gbm - gbm-50k: E - R,True,-0.008247541896853972,-0.04077057549876535,0.02428310714607249,0.016680574508533354,0.05,200,20260906,False,False
all,20260906,2014H1,cox_slope_deviation,h4,tabpfn,,tabpfn - gbm-50k: E - R,True,0.052861501382400033,0.008909069394060496,0.0869524417736853,0.020989037651514095,0.05,200,20260906,True,False
all,20260906,2014H1,cox_slope_deviation,h4,tabicl,,tabicl - gbm-50k: E - R,True,0.06299647346593766,0.015301956324241856,0.092210180976222,0.020168817507847575,0.05,200,20260906,True,False
all,20260906,2014H1,cox_slope_deviation,h4,tabicl@t1,,tabicl@t1 - gbm-50k: E - R,True,-0.007306679581787196,-0.04327720439355909,0.023214969211234032,0.01712014706916399,0.05,200,20260906,False,True
all,20260906,2014H1,cox_slope_deviation,h4,tabpfn@t1,,tabpfn@t1 - gbm-50k: E - R,True,-0.05236344306635171,-0.10328957651170652,-0.0026936033166247548,0.02540137378419465,0.05,200,20260906,True,False
all,20260906,2014H2,cox_slope_deviation,reduction,scorecard,,scorecard: E - R,True,-0.02523605352315074,-0.038140663183801146,0.0013438226211306239,0.010867369453911481,0.05,200,20260906,False,False
all,20260906,2014H2,cox_slope_deviation,reduction,gbm,,gbm: E - R,True,-0.005306755918634512,-0.015182418310430738,0.01153638765267374,0.007427956005442004,0.05,200,20260906,False,False
all,20260906,2014H2,cox_slope_deviation,reduction,gbm-50k,,gbm-50k: E - R,True,0.014401625756158451,-0.09690009829750598,0.1367489693101789,0.0832739659340952,0.05,200,20260906,False,False
all,20260906,2014H2,cox_slope_deviation,reduction,tabpfn,,tabpfn: E - R,True,-2.2584670795075996e-05,-0.01654735152006609,0.016655678130409288,0.008846989373510144,0.05,200,20260906,False,False
all,20260906,2014H2,cox_slope_deviation,reduction,tabicl,,tabicl: E - R,True,0.002330041238797431,-0.017878224002096637,0.014417907785021186,0.007571863092592107,0.05,200,20260906,False,False
all,20260906,2014H2,cox_slope_deviation,reduction,tabicl@t1,,tabicl@t1: E - R,True,0.00538857678239302,-0.010603507077152506,0.02101645338968082,0.008470274612019496,0.05,200,20260906,False,True
all,20260906,2014H2,cox_slope_deviation,reduction,tabpfn@t1,,tabpfn@t1: E - R,True,0.010340076970753849,-0.014321859143472613,0.037656159305545646,0.014376770888838713,0.05,200,20260906,False,False
all,20260906,2014H2,cox_slope_deviation,h4,scorecard,,scorecard - gbm-50k: E - R,True,-0.0396376792793092,-0.16272860576926887,0.08433473579675724,0.08444628760057318,0.05,200,20260906,False,False
all,20260906,2014H2,cox_slope_deviation,h4,gbm,,gbm - gbm-50k: E - R,True,-0.019708381674792972,-0.1386266011446612,0.09802409868014378,0.08371965661050335,0.05,200,20260906,False,False
all,20260906,2014H2,cox_slope_deviation,h4,tabpfn,,tabpfn - gbm-50k: E - R,True,-0.01442421042695353,-0.13296104951199764,0.10939510361303564,0.08572146101155001,0.05,200,20260906,False,False
all,20260906,2014H2,cox_slope_deviation,h4,tabicl,,tabicl - gbm-50k: E - R,True,-0.012071584517361034,-0.13914673096968624,0.10460263426631035,0.08630207785779685,0.05,200,20260906,False,False
all,20260906,2014H2,cox_slope_deviation,h4,tabicl@t1,,tabicl@t1 - gbm-50k: E - R,True,-0.009013048973765439,-0.12670902450452834,0.10315362915428428,0.08096942618680868,0.05,200,20260906,False,True
all,20260906,2014H2,cox_slope_deviation,h4,tabpfn@t1,,tabpfn@t1 - gbm-50k: E - R,True,-0.00406154878540461,-0.11045578411117175,0.0950028756881817,0.07189149744409909,0.05,200,20260906,False,False
all,20260906,2015H1,cox_slope_deviation,reduction,scorecard,,scorecard: E - R,True,0.022378611121897526,-0.007490860590678043,0.03926823199865952,0.012208812526792723,0.05,200,20260906,False,False
all,20260906,2015H1,cox_slope_deviation,reduction,gbm,,gbm: E - R,True,-0.008710627474930954,-0.0318165098508747,0.01166785563492171,0.011252413026043826,0.05,200,20260906,False,False
all,20260906,2015H1,cox_slope_deviation,reduction,gbm-50k,,gbm-50k: E - R,True,0.015832360918318567,-0.07485401318234755,0.12324092503981054,0.060301867342490253,0.05,200,20260906,False,False
all,20260906,2015H1,cox_slope_deviation,reduction,tabpfn,,tabpfn: E - R,True,-0.03817154471219188,-0.09171812847543061,0.019475613806710996,0.03265642134281051,0.05,200,20260906,False,False
all,20260906,2015H1,cox_slope_deviation,reduction,tabicl,,tabicl: E - R,True,-0.04400715875912286,-0.09150094987402678,0.016679070569140825,0.03522271126701545,0.05,200,20260906,False,False
all,20260906,2015H1,cox_slope_deviation,reduction,tabicl@t1,,tabicl@t1: E - R,True,-0.008353048815147616,-0.047930705711449646,0.049344653229918795,0.02747386056422406,0.05,200,20260906,False,True
all,20260906,2015H1,cox_slope_deviation,reduction,tabpfn@t1,,tabpfn@t1: E - R,True,0.02696495463678572,-0.02139861188511351,0.105347402270443,0.040448513963498404,0.05,200,20260906,False,False
all,20260906,2015H1,cox_slope_deviation,h4,scorecard,,scorecard - gbm-50k: E - R,True,0.006546250203578958,-0.09895690808374827,0.10546343402488864,0.059943090681831006,0.05,200,20260906,False,False
all,20260906,2015H1,cox_slope_deviation,h4,gbm,,gbm - gbm-50k: E - R,True,-0.02454298839324952,-0.14963773962610458,0.06389341724241153,0.06152556165571608,0.05,200,20260906,False,False
all,20260906,2015H1,cox_slope_deviation,h4,tabpfn,,tabpfn - gbm-50k: E - R,True,-0.05400390563051043,-0.18138248634957901,0.03498650375533155,0.07643191685486977,0.05,200,20260906,False,False
all,20260906,2015H1,cox_slope_deviation,h4,tabicl,,tabicl - gbm-50k: E - R,True,-0.059839519677441416,-0.18888185895521117,0.026701280476485848,0.07602136706851799,0.05,200,20260906,False,False
all,20260906,2015H1,cox_slope_deviation,h4,tabicl@t1,,tabicl@t1 - gbm-50k: E - R,True,-0.024185409733466185,-0.08300420464071194,0.04844945224743932,0.03689594950275101,0.05,200,20260906,False,True
all,20260906,2015H1,cox_slope_deviation,h4,tabpfn@t1,,tabpfn@t1 - gbm-50k: E - R,True,0.011132593718467152,-0.02842258674218253,0.07746263556842281,0.029816166351301722,0.05,200,20260906,False,False
all,20260906,2015H2,cox_slope_deviation,reduction,scorecard,,scorecard: E - R,True,0.03985726943117936,-0.0131103476844743,0.057244103885677244,0.017702067752597136,0.05,200,20260906,False,False
all,20260906,2015H2,cox_slope_deviation,reduction,gbm,,gbm: E - R,True,0.03369741954735974,0.006598342716400241,0.0543808132862855,0.012424095579639203,0.05,200,20260906,True,False
all,20260906,2015H2,cox_slope_deviation,reduction,gbm-50k,,gbm-50k: E - R,True,-0.018759201212932296,-0.054344411832422286,0.025793589614513057,0.02186639072245399,0.05,200,20260906,False,False
all,20260906,2015H2,cox_slope_deviation,reduction,tabpfn,,tabpfn: E - R,True,-0.00736630193181854,-0.06073072878270278,0.033128649867418,0.027015574158039967,0.05,200,20260906,False,False
all,20260906,2015H2,cox_slope_deviation,reduction,tabicl,,tabicl: E - R,True,-0.035131060975065846,-0.08783632702013901,0.029822644161831908,0.03797469603335491,0.05,200,20260906,False,False
all,20260906,2015H2,cox_slope_deviation,reduction,tabicl@t1,,tabicl@t1: E - R,True,0.003343633192736617,-0.02627357644208437,0.03520504254427007,0.016310565886522854,0.05,200,20260906,False,True
all,20260906,2015H2,cox_slope_deviation,reduction,tabpfn@t1,,tabpfn@t1: E - R,True,0.014062596496559103,-0.019608895253268702,0.06184472177451829,0.02298976566233604,0.05,200,20260906,False,False
all,20260906,2015H2,cox_slope_deviation,h4,scorecard,,scorecard - gbm-50k: E - R,True,0.05861647064411165,-0.012869440100604899,0.09438326972720996,0.028426501165988546,0.05,200,20260906,False,False
all,20260906,2015H2,cox_slope_deviation,h4,gbm,,gbm - gbm-50k: E - R,True,0.05245662076029203,0.002089751264114008,0.09110663431576625,0.02412047313858571,0.05,200,20260906,True,False
all,20260906,2015H2,cox_slope_deviation,h4,tabpfn,,tabpfn - gbm-50k: E - R,True,0.011392899281113757,-0.039739422347348216,0.07064339981775977,0.029981123173578254,0.05,200,20260906,False,False
all,20260906,2015H2,cox_slope_deviation,h4,tabicl,,tabicl - gbm-50k: E - R,True,-0.016371859762133553,-0.07209343775438831,0.06571092211749287,0.04451409743586628,0.05,200,20260906,False,False
all,20260906,2015H2,cox_slope_deviation,h4,tabicl@t1,,tabicl@t1 - gbm-50k: E - R,True,0.022102834405668913,-0.03960468031535917,0.0737405810186878,0.03218789224468941,0.05,200,20260906,False,True
all,20260906,2015H2,cox_slope_deviation,h4,tabpfn@t1,,tabpfn@t1 - gbm-50k: E - R,True,0.0328217977094914,-0.014824728414081978,0.09454387872154482,0.0323015098792977,0.05,200,20260906,False,False
all,20260906,2016H1,cox_slope_deviation,reduction,scorecard,,scorecard: E - R,True,0.017205989854476814,-0.03128963275346181,0.035277491569691836,0.01834173551926982,0.05,200,20260906,False,False
all,20260906,2016H1,cox_slope_deviation,reduction,gbm,,gbm: E - R,True,-0.0015988725077936555,-0.021828998608356708,0.018596534402882368,0.009936470744661766,0.05,200,20260906,False,False
all,20260906,2016H1,cox_slope_deviation,reduction,gbm-50k,,gbm-50k: E - R,True,0.013846980729146243,-0.05221327765896432,0.10899967934532093,0.050386685012074495,0.05,200,20260906,False,False
all,20260906,2016H1,cox_slope_deviation,reduction,tabpfn,,tabpfn: E - R,True,-0.06332839967228122,-0.10097999409617495,-0.017764072649165682,0.0238706485605487,0.05,200,20260906,True,False
all,20260906,2016H1,cox_slope_deviation,reduction,tabicl,,tabicl: E - R,True,-0.07808706226839583,-0.09598978627805689,-0.05205733391690159,0.012650302909834338,0.05,200,20260906,True,False
all,20260906,2016H1,cox_slope_deviation,reduction,tabicl@t1,,tabicl@t1: E - R,True,-0.04691935881009259,-0.06993730476028195,0.004546439505556,0.019464069432506097,0.05,200,20260906,False,True
all,20260906,2016H1,cox_slope_deviation,reduction,tabpfn@t1,,tabpfn@t1: E - R,True,0.02041547139086081,-0.03312088219185661,0.06677878152438607,0.028785785360930488,0.05,200,20260906,False,False
all,20260906,2016H1,cox_slope_deviation,h4,scorecard,,scorecard - gbm-50k: E - R,True,0.0033590091253305706,-0.09364944927254733,0.07528816741248516,0.05303164078068379,0.05,200,20260906,False,False
all,20260906,2016H1,cox_slope_deviation,h4,gbm,,gbm - gbm-50k: E - R,True,-0.015445853236939899,-0.10372692187570338,0.054363754910485625,0.05094667211897691,0.05,200,20260906,False,False
all,20260906,2016H1,cox_slope_deviation,h4,tabpfn,,tabpfn - gbm-50k: E - R,True,-0.07717538040142748,-0.19685901826545152,0.025586533523196557,0.06976039658920442,0.05,200,20260906,False,False
all,20260906,2016H1,cox_slope_deviation,h4,tabicl,,tabicl - gbm-50k: E - R,True,-0.09193404299754208,-0.19100312486412083,-0.005539229263940416,0.05628314386789931,0.05,200,20260906,True,False
all,20260906,2016H1,cox_slope_deviation,h4,tabicl@t1,,tabicl@t1 - gbm-50k: E - R,True,-0.060766339539238844,-0.13730034247358186,0.019878726220223002,0.047448333391758094,0.05,200,20260906,False,True
all,20260906,2016H1,cox_slope_deviation,h4,tabpfn@t1,,tabpfn@t1 - gbm-50k: E - R,True,0.006568490661714564,-0.08393537022209549,0.07518075125056779,0.05051051897289324,0.05,200,20260906,False,False
all,20260906,2016H2,cox_slope_deviation,reduction,scorecard,,scorecard: E - R,True,0.0327697028108191,-0.03623670025210545,0.06174257490134526,0.024684572774747397,0.05,200,20260906,False,False
all,20260906,2016H2,cox_slope_deviation,reduction,gbm,,gbm: E - R,True,0.007439089012556653,-0.02656478729134545,0.028399664794142743,0.013682211696258847,0.05,200,20260906,False,False
all,20260906,2016H2,cox_slope_deviation,reduction,gbm-50k,,gbm-50k: E - R,True,0.01095367773078986,-0.08438402384728566,0.07324496128863042,0.042744083318992133,0.05,200,20260906,False,False
all,20260906,2016H2,cox_slope_deviation,reduction,tabpfn,,tabpfn: E - R,True,-0.056252934179004975,-0.1083013663978354,0.032024259586594446,0.049554214814702444,0.05,200,20260906,False,False
all,20260906,2016H2,cox_slope_deviation,reduction,tabicl,,tabicl: E - R,True,-0.059992535636389545,-0.09834387203693801,0.007270418811513145,0.03678153748889134,0.05,200,20260906,False,False
all,20260906,2016H2,cox_slope_deviation,reduction,tabicl@t1,,tabicl@t1: E - R,True,-0.036205945185641734,-0.08253436028322435,0.014399099297459271,0.027566358664578,0.05,200,20260906,False,True
all,20260906,2016H2,cox_slope_deviation,reduction,tabpfn@t1,,tabpfn@t1: E - R,True,0.00229467485106064,-0.0627224314417998,0.0475410516549033,0.028217724912595298,0.05,200,20260906,False,False
all,20260906,2016H2,cox_slope_deviation,h4,scorecard,,scorecard - gbm-50k: E - R,True,0.021816025080029233,-0.041153828094077506,0.12660256607266263,0.04516122738538005,0.05,200,20260906,False,False
all,20260906,2016H2,cox_slope_deviation,h4,gbm,,gbm - gbm-50k: E - R,True,-0.003514588718233206,-0.062345452748587306,0.09079819832610274,0.04209267551140352,0.05,200,20260906,False,False
all,20260906,2016H2,cox_slope_deviation,h4,tabpfn,,tabpfn - gbm-50k: E - R,True,-0.06720661190979484,-0.16138558766490504,0.10441981440718065,0.08346891974919346,0.05,200,20260906,False,False
all,20260906,2016H2,cox_slope_deviation,h4,tabicl,,tabicl - gbm-50k: E - R,True,-0.07094621336717939,-0.1595643824016852,0.07768683620929008,0.07339518893773976,0.05,200,20260906,False,False
all,20260906,2016H2,cox_slope_deviation,h4,tabicl@t1,,tabicl@t1 - gbm-50k: E - R,True,-0.04715962291643159,-0.10199463920512838,0.0841730251330297,0.05476428199499409,0.05,200,20260906,False,True
all,20260906,2016H2,cox_slope_deviation,h4,tabpfn@t1,,tabpfn@t1 - gbm-50k: E - R,True,-0.008659002879729219,-0.060764473084726475,0.08304976594419682,0.04142343709725034,0.05,200,20260906,False,False
all,20260906,2017H1,cox_slope_deviation,reduction,scorecard,,scorecard: E - R,True,0.044692320186798584,-0.026350168513050817,0.05954480127964032,0.025260566776097792,0.05,200,20260906,False,False
all,20260906,2017H1,cox_slope_deviation,reduction,gbm,,gbm: E - R,True,0.003229371734094988,-0.022748507190171543,0.028252152507055858,0.013015345479718821,0.05,200,20260906,False,False
all,20260906,2017H1,cox_slope_deviation,reduction,gbm-50k,,gbm-50k: E - R,True,0.047549585757169256,-0.044574344029357185,0.18494365741605728,0.06386625625568773,0.05,200,20260906,False,False
all,20260906,2017H1,cox_slope_deviation,reduction,tabpfn,,tabpfn: E - R,True,-0.10011597486892364,-0.1485887297803524,-0.0038093447927069874,0.04037809411550113,0.05,200,20260906,True,False
all,20260906,2017H1,cox_slope_deviation,reduction,tabicl,,tabicl: E - R,True,-0.10238091990690024,-0.13001496332205964,-0.046125507304971065,0.02501211087099235,0.05,200,20260906,True,False
all,20260906,2017H1,cox_slope_deviation,reduction,tabicl@t1,,tabicl@t1: E - R,True,-0.04046923930667984,-0.12589955134695266,0.049835434853029735,0.048723882475865704,0.05,200,20260906,False,True
all,20260906,2017H1,cox_slope_deviation,reduction,tabpfn@t1,,tabpfn@t1: E - R,True,-0.006029898054328939,-0.11412865149333329,0.0998670654572451,0.06033146622946114,0.05,200,20260906,False,False
all,20260906,2017H1,cox_slope_deviation,h4,scorecard,,scorecard - gbm-50k: E - R,True,-0.00285726557037067,-0.1540732026170482,0.07912973913521268,0.0621093011031449,0.05,200,20260906,False,False
all,20260906,2017H1,cox_slope_deviation,h4,gbm,,gbm - gbm-50k: E - R,True,-0.04432021402307427,-0.16997405251138306,0.041489575216278364,0.060374779775904934,0.05,200,20260906,False,False
all,20260906,2017H1,cox_slope_deviation,h4,tabpfn,,tabpfn - gbm-50k: E - R,True,-0.1476655606260929,-0.30535497274640677,-0.023631776031209008,0.08649082423873895,0.05,200,20260906,True,False
all,20260906,2017H1,cox_slope_deviation,h4,tabicl,,tabicl - gbm-50k: E - R,True,-0.14993050566406949,-0.29464475121842654,-0.028219070406910306,0.07964352229987076,0.05,200,20260906,True,False
all,20260906,2017H1,cox_slope_deviation,h4,tabicl@t1,,tabicl@t1 - gbm-50k: E - R,True,-0.0880188250638491,-0.2476823000570058,0.0319031275554311,0.0845247060841995,0.05,200,20260906,False,True
all,20260906,2017H1,cox_slope_deviation,h4,tabpfn@t1,,tabpfn@t1 - gbm-50k: E - R,True,-0.053579483811498185,-0.21473719178643155,0.048643763313556514,0.08900369807110077,0.05,200,20260906,False,False
all,20260906,builds,cox_slope_deviation,reduction,scorecard,,scorecard: E - R,True,0.005530585253504236,-0.017470863004749992,0.013172272023294096,0.00836479480480444,0.05,200,20260906,False,False
all,20260906,builds,cox_slope_deviation,reduction,gbm,,gbm: E - R,True,0.010464934384183305,-0.0016312280702686054,0.0201013231028227,0.004913299000319075,0.05,200,20260906,False,False
all,20260906,builds,cox_slope_deviation,reduction,gbm-50k,,gbm-50k: E - R,True,0.03148544815361796,-0.0032954883265553362,0.06416146137399752,0.020972602859353102,0.05,200,20260906,False,False
all,20260906,builds,cox_slope_deviation,reduction,tabpfn,,tabpfn: E - R,True,-0.0201509635552051,-0.03529033419582084,0.0013182947781635655,0.010861732950179634,0.05,200,20260906,False,False
all,20260906,builds,cox_slope_deviation,reduction,tabicl,,tabicl: E - R,True,-0.025398038413468896,-0.03881935874974995,-0.0029723758115144197,0.011831726594107873,0.05,200,20260906,True,False
all,20260906,builds,cox_slope_deviation,reduction,tabicl@t1,,tabicl@t1: E - R,True,-0.009825780667882408,-0.02600701259341599,0.008664729908301002,0.008851282382488557,0.05,200,20260906,False,True
all,20260906,builds,cox_slope_deviation,reduction,tabpfn@t1,,tabpfn@t1: E - R,True,0.00688260753712142,-0.01473796889314462,0.024227499881467787,0.010085210316500169,0.05,200,20260906,False,False
all,20260906,builds,cox_slope_deviation,h4,scorecard,,scorecard - gbm-50k: E - R,True,-0.025954862900113725,-0.060615037668568975,0.006705775267341928,0.020929513288340224,0.05,200,20260906,False,False
all,20260906,builds,cox_slope_deviation,h4,gbm,,gbm - gbm-50k: E - R,True,-0.021020513769434656,-0.051132639788652665,0.014476901643755407,0.020500307375406174,0.05,200,20260906,False,False
all,20260906,builds,cox_slope_deviation,h4,tabpfn,,tabpfn - gbm-50k: E - R,True,-0.05163641170882307,-0.08842154121551123,-0.0014322226941827618,0.028679518510019215,0.05,200,20260906,True,False
all,20260906,builds,cox_slope_deviation,h4,tabicl,,tabicl - gbm-50k: E - R,True,-0.05688348656708686,-0.09865716120157157,-0.0029148916901763624,0.031386472618122475,0.05,200,20260906,True,False
all,20260906,builds,cox_slope_deviation,h4,tabicl@t1,,tabicl@t1 - gbm-50k: E - R,True,-0.041311228821500366,-0.0668376194358353,0.004389213706653996,0.0228431309779039,0.05,200,20260906,False,True
all,20260906,builds,cox_slope_deviation,h4,tabpfn@t1,,tabpfn@t1 - gbm-50k: E - R,True,-0.02460284061649654,-0.049251409064223095,0.0032351106787419297,0.01624830449873434,0.05,200,20260906,False,False
"all, cohorts resampled",20260906,arm,cox_slope_deviation,reduction,scorecard,,scorecard: E - R,True,-0.007780663643133318,-0.027298129329554523,0.006445045622425348,0.008408670058760066,0.05,200,20260906,False,False
"all, cohorts resampled",20260906,arm,cox_slope_deviation,reduction,gbm,,gbm: E - R,True,0.01351169042169971,0.0011139871425218302,0.025380753712527303,0.005667674299586099,0.05,200,20260906,True,False
"all, cohorts resampled",20260906,arm,cox_slope_deviation,reduction,gbm-50k,,gbm-50k: E - R,True,0.04016986436142333,-0.007820471428029135,0.08885682360057678,0.030499365845515068,0.05,200,20260906,False,False
"all, cohorts resampled",20260906,arm,cox_slope_deviation,reduction,tabpfn,,tabpfn: E - R,True,-0.0010555960806334086,-0.018919908319412503,0.023072643939283155,0.011423507778080079,0.05,200,20260906,False,False
"all, cohorts resampled",20260906,arm,cox_slope_deviation,reduction,tabicl,,tabicl: E - R,True,-0.004527005757827819,-0.0214978643378765,0.020225720838713306,0.012315441202071448,0.05,200,20260906,False,False
"all, cohorts resampled",20260906,arm,cox_slope_deviation,reduction,tabicl@t1,,tabicl@t1: E - R,True,0.0008594681534888025,-0.011965006574721786,0.016982523104930283,0.007148227163628709,0.05,200,20260906,False,True
"all, cohorts resampled",20260906,arm,cox_slope_deviation,reduction,tabpfn@t1,,tabpfn@t1: E - R,True,0.007781139917251277,-0.013042287686983416,0.0220138628927371,0.009421646717105327,0.05,200,20260906,False,False
"all, cohorts resampled",20260906,arm,cox_slope_deviation,h4,scorecard,,scorecard - gbm-50k: E - R,True,-0.047950528004556646,-0.10131451624800275,0.0033471804863198108,0.03109006205678563,0.05,200,20260906,False,False
"all, cohorts resampled",20260906,arm,cox_slope_deviation,h4,gbm,,gbm - gbm-50k: E - R,True,-0.026658173939723615,-0.0775952252924355,0.021450600838457085,0.03069658373021832,0.05,200,20260906,False,False
"all, cohorts resampled",20260906,arm,cox_slope_deviation,h4,tabpfn,,tabpfn - gbm-50k: E - R,True,-0.04122546044205674,-0.09647010795747367,0.024025038170627566,0.039009368740109,0.05,200,20260906,False,False
"all, cohorts resampled",20260906,arm,cox_slope_deviation,h4,tabicl,,tabicl - gbm-50k: E - R,True,-0.04469687011925114,-0.09620466796472527,0.021404823300445183,0.03983206309080263,0.05,200,20260906,False,False
"all, cohorts resampled",20260906,arm,cox_slope_deviation,h4,tabicl@t1,,tabicl@t1 - gbm-50k: E - R,True,-0.03931039620793452,-0.09045479861274351,0.011767007720687662,0.03117062693540126,0.05,200,20260906,False,True
"all, cohorts resampled",20260906,arm,cox_slope_deviation,h4,tabpfn@t1,,tabpfn@t1 - gbm-50k: E - R,True,-0.03238872444417205,-0.07999344520084188,0.00099687023050764,0.024483211200248645,0.05,200,20260906,False,False
all,20260907,arm,cox_slope_deviation,reduction,scorecard,,scorecard: E - R,True,-0.007780663643133318,-0.018072194394830987,0.0007231640400740212,0.004955723537564885,0.05,200,20260907,False,False
all,20260907,arm,cox_slope_deviation,reduction,gbm,,gbm: E - R,True,0.01351169042169971,0.004899672508175407,0.01957533494332552,0.00419005807165079,0.05,200,20260907,True,False
all,20260907,arm,cox_slope_deviation,reduction,gbm-50k,,gbm-50k: E - R,True,0.04016986436142333,-0.0030293650674635183,0.07915390286630947,0.028385061533797797,0.05,200,20260907,False,False
all,20260907,arm,cox_slope_deviation,reduction,tabpfn,,tabpfn: E - R,True,-0.0010555960806334086,-0.014641092162308881,0.016092160556916167,0.009716820185292229,0.05,200,20260907,False,False
all,20260907,arm,cox_slope_deviation,reduction,tabicl,,tabicl: E - R,True,-0.004527005757827819,-0.01750678449073165,0.014888454961476057,0.010906849706663975,0.05,200,20260907,False,False
all,20260907,arm,cox_slope_deviation,reduction,tabicl@t1,,tabicl@t1: E - R,True,0.0008594681534888025,-0.008504146405077117,0.01069920149181678,0.004931951404546768,0.05,200,20260907,False,True
all,20260907,arm,cox_slope_deviation,reduction,tabpfn@t1,,tabpfn@t1: E - R,True,0.007781139917251277,-0.010254517184453856,0.018842306019468513,0.00800799820836491,0.05,200,20260907,False,False
all,20260907,arm,cox_slope_deviation,h4,scorecard,,scorecard - gbm-50k: E - R,True,-0.047950528004556646,-0.09163948040070814,-0.004253325126566106,0.02876877097432621,0.05,200,20260907,True,False
all,20260907,arm,cox_slope_deviation,h4,gbm,,gbm - gbm-50k: E - R,True,-0.026658173939723615,-0.06825272892833298,0.016604115483736106,0.028484765821004263,0.05,200,20260907,False,False
all,20260907,arm,cox_slope_deviation,h4,tabpfn,,tabpfn - gbm-50k: E - R,True,-0.04122546044205674,-0.09224614752095686,0.01615863380284601,0.03664525090058757,0.05,200,20260907,False,False
all,20260907,arm,cox_slope_deviation,h4,tabicl,,tabicl - gbm-50k: E - R,True,-0.04469687011925114,-0.09502516241147119,0.0160461535545234,0.03773523358529354,0.05,200,20260907,False,False
all,20260907,arm,cox_slope_deviation,h4,tabicl@t1,,tabicl@t1 - gbm-50k: E - R,True,-0.03931039620793452,-0.081106604665534,0.0060523290621380945,0.029420074488469526,0.05,200,20260907,False,True
all,20260907,arm,cox_slope_deviation,h4,tabpfn@t1,,tabpfn@t1 - gbm-50k: E - R,True,-0.03238872444417205,-0.06925013103137606,-0.0006812143582878702,0.022717910943002916,0.05,200,20260907,True,False
all,20260907,2013H1,cox_slope_deviation,reduction,scorecard,,scorecard: E - R,True,-0.04005868064197296,-0.045883634372957546,-0.02945873849752413,0.004246822532575329,0.05,200,20260907,True,False
all,20260907,2013H1,cox_slope_deviation,reduction,gbm,,gbm: E - R,True,0.006094994631100428,-0.00807999375643408,0.018732355173758933,0.007046062629558957,0.05,200,20260907,False,False
all,20260907,2013H1,cox_slope_deviation,reduction,gbm-50k,,gbm-50k: E - R,True,0.0376303853263091,-0.011098835511105644,0.10186543579520382,0.03831932922467071,0.05,200,20260907,False,False
all,20260907,2013H1,cox_slope_deviation,reduction,tabpfn,,tabpfn: E - R,True,0.031953052082325024,0.02340216458272972,0.037453807185402976,0.004021073738626097,0.05,200,20260907,True,False
all,20260907,2013H1,cox_slope_deviation,reduction,tabicl,,tabicl: E - R,True,0.03570830831660347,0.028819167521843526,0.0412580590901606,0.0034098447795578015,0.05,200,20260907,True,False
all,20260907,2013H1,cox_slope_deviation,reduction,tabicl@t1,,tabicl@t1: E - R,True,0.03967589812955986,0.024764475136491236,0.04488176203094471,0.004818328191571711,0.05,200,20260907,True,True
all,20260907,2013H1,cox_slope_deviation,reduction,tabpfn@t1,,tabpfn@t1: E - R,True,0.026536313207692962,0.009360816662672472,0.034754255825849595,0.006275380325131934,0.05,200,20260907,True,False
all,20260907,2013H1,cox_slope_deviation,h4,scorecard,,scorecard - gbm-50k: E - R,True,-0.07768906596828205,-0.14134256135896534,-0.024866920425723676,0.03873150005630427,0.05,200,20260907,True,False
all,20260907,2013H1,cox_slope_deviation,h4,gbm,,gbm - gbm-50k: E - R,True,-0.03153539069520867,-0.09562477527902653,0.006025944593265643,0.03716042876357511,0.05,200,20260907,False,False
all,20260907,2013H1,cox_slope_deviation,h4,tabpfn,,tabpfn - gbm-50k: E - R,True,-0.005677333243984076,-0.06708356214874046,0.040688908188276605,0.03741819643426179,0.05,200,20260907,False,False
all,20260907,2013H1,cox_slope_deviation,h4,tabicl,,tabicl - gbm-50k: E - R,True,-0.0019220770097056333,-0.06528074166217039,0.04562613189417055,0.038820797424384,0.05,200,20260907,False,False
all,20260907,2013H1,cox_slope_deviation,h4,tabicl@t1,,tabicl@t1 - gbm-50k: E - R,True,0.002045512803250757,-0.06462542993560454,0.047277360886061055,0.03915301226746022,0.05,200,20260907,False,True
all,20260907,2013H1,cox_slope_deviation,h4,tabpfn@t1,,tabpfn@t1 - gbm-50k: E - R,True,-0.011094072118616141,-0.07490945972094061,0.0377283023680598,0.0380020147113699,0.05,200,20260907,False,False
all,20260907,2013H2,cox_slope_deviation,reduction,scorecard,,scorecard: E - R,True,-0.038420622055713574,-0.04544090748494357,-0.018469228208372778,0.006936630992383921,0.05,200,20260907,True,False
all,20260907,2013H2,cox_slope_deviation,reduction,gbm,,gbm: E - R,True,0.07879604888932207,0.04617000390564427,0.09236130471035338,0.012764588699052398,0.05,200,20260907,True,False
all,20260907,2013H2,cox_slope_deviation,reduction,gbm-50k,,gbm-50k: E - R,True,0.17312233493617343,-0.07581553915507176,0.5023843132867162,0.22828395528978093,0.05,200,20260907,False,False
all,20260907,2013H2,cox_slope_deviation,reduction,tabpfn,,tabpfn: E - R,True,0.010293231132015348,-0.04984878587782959,0.050997233504153645,0.032063652530053055,0.05,200,20260907,False,False
all,20260907,2013H2,cox_slope_deviation,reduction,tabicl,,tabicl: E - R,True,0.0011902853618868114,-0.046817956285627724,0.028073728180790316,0.026564932058092895,0.05,200,20260907,False,False
all,20260907,2013H2,cox_slope_deviation,reduction,tabicl@t1,,tabicl@t1: E - R,True,0.013622854142288789,-0.0028540860717827686,0.028099447196652614,0.008225540016441362,0.05,200,20260907,False,True
all,20260907,2013H2,cox_slope_deviation,reduction,tabpfn@t1,,tabpfn@t1: E - R,True,0.030931437959631422,-0.0025214157033467233,0.06436671202564008,0.018854580999519616,0.05,200,20260907,False,False
all,20260907,2013H2,cox_slope_deviation,h4,scorecard,,scorecard - gbm-50k: E - R,True,-0.21154295699188705,-0.5406285254002284,0.04572485199755411,0.2287813770266317,0.05,200,20260907,False,False
all,20260907,2013H2,cox_slope_deviation,h4,gbm,,gbm - gbm-50k: E - R,True,-0.09432628604685138,-0.4308078849935626,0.1678204250092987,0.22862513049643265,0.05,200,20260907,False,False
all,20260907,2013H2,cox_slope_deviation,h4,tabpfn,,tabpfn - gbm-50k: E - R,True,-0.16282910380415808,-0.5486485260750391,0.12085579985899403,0.259218120163854,0.05,200,20260907,False,False
all,20260907,2013H2,cox_slope_deviation,h4,tabicl,,tabicl - gbm-50k: E - R,True,-0.17193204957428668,-0.5419220779407751,0.10120720496913714,0.2537679380144695,0.05,200,20260907,False,False
all,20260907,2013H2,cox_slope_deviation,h4,tabicl@t1,,tabicl@t1 - gbm-50k: E - R,True,-0.15949948079388465,-0.4978036145248355,0.09095429710652035,0.23046324437305873,0.05,200,20260907,False,True
all,20260907,2013H2,cox_slope_deviation,h4,tabpfn@t1,,tabpfn@t1 - gbm-50k: E - R,True,-0.14219089697654202,-0.46097972064921117,0.09214841727599708,0.21374669681914932,0.05,200,20260907,False,False
all,20260907,2014H1,cox_slope_deviation,reduction,scorecard,,scorecard: E - R,True,-0.0034132699027960497,-0.01862141230801848,0.01888158637805451,0.009935673053876827,0.05,200,20260907,False,False
all,20260907,2014H1,cox_slope_deviation,reduction,gbm,,gbm: E - R,True,-0.01945625845542502,-0.04283963767643583,0.003637274166579339,0.011211484699522205,0.05,200,20260907,False,False
all,20260907,2014H1,cox_slope_deviation,reduction,gbm-50k,,gbm-50k: E - R,True,-0.01120871655857105,-0.04299601867308338,0.015648538641637143,0.015089670650990525,0.05,200,20260907,False,False
all,20260907,2014H1,cox_slope_deviation,reduction,tabpfn,,tabpfn: E - R,True,0.04165278482382899,0.0003475871564143269,0.07353710541527783,0.0183740567524926,0.05,200,20260907,True,False
all,20260907,2014H1,cox_slope_deviation,reduction,tabicl,,tabicl: E - R,True,0.05178775690736662,0.006252490818855035,0.08283801577246346,0.0227320678410582,0.05,200,20260907,True,False
all,20260907,2014H1,cox_slope_deviation,reduction,tabicl@t1,,tabicl@t1: E - R,True,-0.018515396140358246,-0.05408115870853449,0.010196964191779121,0.015988820515625876,0.05,200,20260907,False,True
all,20260907,2014H1,cox_slope_deviation,reduction,tabpfn@t1,,tabpfn@t1: E - R,True,-0.06357215962492276,-0.11934718699087132,-0.013940991026010234,0.028013121455043095,0.05,200,20260907,True,False
all,20260907,2014H1,cox_slope_deviation,h4,scorecard,,scorecard - gbm-50k: E - R,True,0.007795446655774999,-0.02294683536367404,0.049095634680781916,0.01851826736987332,0.05,200,20260907,False,False
all,20260907,2014H1,cox_slope_deviation,h4,gbm,,gbm - gbm-50k: E - R,True,-0.008247541896853972,-0.04280276959923088,0.02611676327065553,0.018350476254508755,0.05,200,20260907,False,False
all,20260907,2014H1,cox_slope_deviation,h4,tabpfn,,tabpfn - gbm-50k: E - R,True,0.052861501382400033,0.002400146827329345,0.07948118375475005,0.020464448878553015,0.05,200,20260907,True,False
all,20260907,2014H1,cox_slope_deviation,h4,tabicl,,tabicl - gbm-50k: E - R,True,0.06299647346593766,0.0176561805404197,0.09092034286754455,0.019525444922442497,0.05,200,20260907,True,False
all,20260907,2014H1,cox_slope_deviation,h4,tabicl@t1,,tabicl@t1 - gbm-50k: E - R,True,-0.007306679581787196,-0.052031478312902474,0.026582817215136192,0.019738291662683115,0.05,200,20260907,False,True
all,20260907,2014H1,cox_slope_deviation,h4,tabpfn@t1,,tabpfn@t1 - gbm-50k: E - R,True,-0.05236344306635171,-0.1177922527880803,-0.004083985734555125,0.030181902930681112,0.05,200,20260907,True,False
all,20260907,2014H2,cox_slope_deviation,reduction,scorecard,,scorecard: E - R,True,-0.02523605352315074,-0.039481262241390355,0.0045365152047997645,0.011148609868472636,0.05,200,20260907,False,False
all,20260907,2014H2,cox_slope_deviation,reduction,gbm,,gbm: E - R,True,-0.005306755918634512,-0.014615501262617205,0.013856558698281148,0.007776206044419299,0.05,200,20260907,False,False
all,20260907,2014H2,cox_slope_deviation,reduction,gbm-50k,,gbm-50k: E - R,True,0.014401625756158451,-0.10196835738988323,0.1371152757660221,0.0789055525815414,0.05,200,20260907,False,False
all,20260907,2014H2,cox_slope_deviation,reduction,tabpfn,,tabpfn: E - R,True,-2.2584670795075996e-05,-0.02032886300784635,0.016092384771561264,0.009462882279984408,0.05,200,20260907,False,False
all,20260907,2014H2,cox_slope_deviation,reduction,tabicl,,tabicl: E - R,True,0.002330041238797431,-0.019000782537774204,0.013664242324736063,0.008164425763927141,0.05,200,20260907,False,False
all,20260907,2014H2,cox_slope_deviation,reduction,tabicl@t1,,tabicl@t1: E - R,True,0.00538857678239302,-0.011567749985029407,0.018774004516339322,0.008092566265781845,0.05,200,20260907,False,True
all,20260907,2014H2,cox_slope_deviation,reduction,tabpfn@t1,,tabpfn@t1: E - R,True,0.010340076970753849,-0.014536660270135483,0.03744233053207059,0.01474780849789137,0.05,200,20260907,False,False
all,20260907,2014H2,cox_slope_deviation,h4,scorecard,,scorecard - gbm-50k: E - R,True,-0.0396376792793092,-0.16330545244940392,0.08716780248373407,0.07962334011147386,0.05,200,20260907,False,False
all,20260907,2014H2,cox_slope_deviation,h4,gbm,,gbm - gbm-50k: E - R,True,-0.019708381674792972,-0.13991422474670065,0.10172522708968454,0.0795042299262713,0.05,200,20260907,False,False
all,20260907,2014H2,cox_slope_deviation,h4,tabpfn,,tabpfn - gbm-50k: E - R,True,-0.01442421042695353,-0.13810164160646007,0.10775780143590351,0.08240743369363232,0.05,200,20260907,False,False
all,20260907,2014H2,cox_slope_deviation,h4,tabicl,,tabicl - gbm-50k: E - R,True,-0.012071584517361034,-0.1435683157980136,0.10983661536031447,0.08315059538068639,0.05,200,20260907,False,False
all,20260907,2014H2,cox_slope_deviation,h4,tabicl@t1,,tabicl@t1 - gbm-50k: E - R,True,-0.009013048973765439,-0.12974089116125934,0.1072904802613652,0.07793864797227443,0.05,200,20260907,False,True
all,20260907,2014H2,cox_slope_deviation,h4,tabpfn@t1,,tabpfn@t1 - gbm-50k: E - R,True,-0.00406154878540461,-0.10911508707894485,0.09313643768580598,0.06793037769029944,0.05,200,20260907,False,False
all,20260907,2015H1,cox_slope_deviation,reduction,scorecard,,scorecard: E - R,True,0.022378611121897526,-0.0025439142976244663,0.03696469875390086,0.01063731883964794,0.05,200,20260907,False,False
all,20260907,2015H1,cox_slope_deviation,reduction,gbm,,gbm: E - R,True,-0.008710627474930954,-0.0317436680351361,0.009840234004975464,0.011577488848445084,0.05,200,20260907,False,False
all,20260907,2015H1,cox_slope_deviation,reduction,gbm-50k,,gbm-50k: E - R,True,0.015832360918318567,-0.07345942627639218,0.11635689398455325,0.06093149944403661,0.05,200,20260907,False,False
all,20260907,2015H1,cox_slope_deviation,reduction,tabpfn,,tabpfn: E - R,True,-0.03817154471219188,-0.09209002430035003,0.015525835220801717,0.03143639127388055,0.05,200,20260907,False,False
all,20260907,2015H1,cox_slope_deviation,reduction,tabicl,,tabicl: E - R,True,-0.04400715875912286,-0.08327687790386921,0.015331305951223223,0.032968434467863385,0.05,200,20260907,False,False
all,20260907,2015H1,cox_slope_deviation,reduction,tabicl@t1,,tabicl@t1: E - R,True,-0.008353048815147616,-0.05334240463334208,0.04944111241818244,0.028568241459285864,0.05,200,20260907,False,True
all,20260907,2015H1,cox_slope_deviation,reduction,tabpfn@t1,,tabpfn@t1: E - R,True,0.02696495463678572,-0.026363439746559393,0.10585526667646086,0.0387197862181305,0.05,200,20260907,False,False
all,20260907,2015H1,cox_slope_deviation,h4,scorecard,,scorecard - gbm-50k: E - R,True,0.006546250203578958,-0.09453339312628925,0.10272720528962108,0.062187300479227235,0.05,200,20260907,False,False
all,20260907,2015H1,cox_slope_deviation,h4,gbm,,gbm - gbm-50k: E - R,True,-0.02454298839324952,-0.13923494989639867,0.058953776378717744,0.06111802560922936,0.05,200,20260907,False,False
all,20260907,2015H1,cox_slope_deviation,h4,tabpfn,,tabpfn - gbm-50k: E - R,True,-0.05400390563051043,-0.17379357705107967,0.030755162709623692,0.07475590976127018,0.05,200,20260907,False,False
all,20260907,2015H1,cox_slope_deviation,h4,tabicl,,tabicl - gbm-50k: E - R,True,-0.059839519677441416,-0.17973144931341387,0.02273048275941153,0.07280505647047238,0.05,200,20260907,False,False
all,20260907,2015H1,cox_slope_deviation,h4,tabicl@t1,,tabicl@t1 - gbm-50k: E - R,True,-0.024185409733466185,-0.08149988217700099,0.04453294991977939,0.03717172611730498,0.05,200,20260907,False,True
all,20260907,2015H1,cox_slope_deviation,h4,tabpfn@t1,,tabpfn@t1 - gbm-50k: E - R,True,0.011132593718467152,-0.03287740980231796,0.08144074182970203,0.03197533714176011,0.05,200,20260907,False,False
all,20260907,2015H2,cox_slope_deviation,reduction,scorecard,,scorecard: E - R,True,0.03985726943117936,-0.00845500988350674,0.058215323648912354,0.016515687213191882,0.05,200,20260907,False,False
all,20260907,2015H2,cox_slope_deviation,reduction,gbm,,gbm: E - R,True,0.03369741954735974,0.01081041522516514,0.05727657200083999,0.012233980318171632,0.05,200,20260907,True,False
all,20260907,2015H2,cox_slope_deviation,reduction,gbm-50k,,gbm-50k: E - R,True,-0.018759201212932296,-0.05027858362830853,0.024055464139966048,0.02245227218484601,0.05,200,20260907,False,False
all,20260907,2015H2,cox_slope_deviation,reduction,tabpfn,,tabpfn: E - R,True,-0.00736630193181854,-0.0687994706217211,0.02764047843410394,0.027771168102188964,0.05,200,20260907,False,False
all,20260907,2015H2,cox_slope_deviation,reduction,tabicl,,tabicl: E - R,True,-0.035131060975065846,-0.09207048374987326,0.02491209428668936,0.0371552938667345,0.05,200,20260907,False,False
all,20260907,2015H2,cox_slope_deviation,reduction,tabicl@t1,,tabicl@t1: E - R,True,0.003343633192736617,-0.02504628421583709,0.04176639275518,0.017517442321163736,0.05,200,20260907,False,True
all,20260907,2015H2,cox_slope_deviation,reduction,tabpfn@t1,,tabpfn@t1: E - R,True,0.014062596496559103,-0.02386193740112314,0.06543835147435997,0.023726705674741656,0.05,200,20260907,False,False
all,20260907,2015H2,cox_slope_deviation,h4,scorecard,,scorecard - gbm-50k: E - R,True,0.05861647064411165,-0.009365515339406938,0.09791008530515607,0.030703673679182503,0.05,200,20260907,False,False
all,20260907,2015H2,cox_slope_deviation,h4,gbm,,gbm - gbm-50k: E - R,True,0.05245662076029203,0.004874978426021652,0.09284718169968435,0.025941001189624377,0.05,200,20260907,True,False
all,20260907,2015H2,cox_slope_deviation,h4,tabpfn,,tabpfn - gbm-50k: E - R,True,0.011392899281113757,-0.03756364340484431,0.06784034909913891,0.028003947078999336,0.05,200,20260907,False,False
all,20260907,2015H2,cox_slope_deviation,h4,tabicl,,tabicl - gbm-50k: E - R,True,-0.016371859762133553,-0.06947485268068124,0.0660479471130422,0.04163724654074193,0.05,200,20260907,False,False
all,20260907,2015H2,cox_slope_deviation,h4,tabicl@t1,,tabicl@t1 - gbm-50k: E - R,True,0.022102834405668913,-0.03689398988249438,0.07394368367490559,0.033223768765604685,0.05,200,20260907,False,True
all,20260907,2015H2,cox_slope_deviation,h4,tabpfn@t1,,tabpfn@t1 - gbm-50k: E - R,True,0.0328217977094914,-0.01644046120423674,0.09699192165075547,0.033874315720916065,0.05,200,20260907,False,False
all,20260907,2016H1,cox_slope_deviation,reduction,scorecard,,scorecard: E - R,True,0.017205989854476814,-0.032222336337105646,0.04273570532048837,0.01958090701187018,0.05,200,20260907,False,False
all,20260907,2016H1,cox_slope_deviation,reduction,gbm,,gbm: E - R,True,-0.0015988725077936555,-0.02485733284373832,0.021625671013709533,0.010655143107202954,0.05,200,20260907,False,False
all,20260907,2016H1,cox_slope_deviation,reduction,gbm-50k,,gbm-50k: E - R,True,0.013846980729146243,-0.05969422100901051,0.1330563414592265,0.05446306575439209,0.05,200,20260907,False,False
all,20260907,2016H1,cox_slope_deviation,reduction,tabpfn,,tabpfn: E - R,True,-0.06332839967228122,-0.0908449928610856,-0.014352845889004715,0.021652924258461107,0.05,200,20260907,True,False
all,20260907,2016H1,cox_slope_deviation,reduction,tabicl,,tabicl: E - R,True,-0.07808706226839583,-0.09527894303410905,-0.05291390715163731,0.01257699118723932,0.05,200,20260907,True,False
all,20260907,2016H1,cox_slope_deviation,reduction,tabicl@t1,,tabicl@t1: E - R,True,-0.04691935881009259,-0.07092752139804802,0.012073628127063812,0.023363259594394645,0.05,200,20260907,False,True
all,20260907,2016H1,cox_slope_deviation,reduction,tabpfn@t1,,tabpfn@t1: E - R,True,0.02041547139086081,-0.029073831442091053,0.07198232466157259,0.030587151867606528,0.05,200,20260907,False,False
all,20260907,2016H1,cox_slope_deviation,h4,scorecard,,scorecard - gbm-50k: E - R,True,0.0033590091253305706,-0.1003684786041101,0.08551518580635682,0.05358601583379049,0.05,200,20260907,False,False
all,20260907,2016H1,cox_slope_deviation,h4,gbm,,gbm - gbm-50k: E - R,True,-0.015445853236939899,-0.12610602565167095,0.06064118379770935,0.05494351086149854,0.05,200,20260907,False,False
all,20260907,2016H1,cox_slope_deviation,h4,tabpfn,,tabpfn - gbm-50k: E - R,True,-0.07717538040142748,-0.2078090188173435,0.033550347690688286,0.07038567694934988,0.05,200,20260907,False,False
all,20260907,2016H1,cox_slope_deviation,h4,tabicl,,tabicl - gbm-50k: E - R,True,-0.09193404299754208,-0.2098608699955933,0.0039326863743659336,0.06036937854676292,0.05,200,20260907,False,False
all,20260907,2016H1,cox_slope_deviation,h4,tabicl@t1,,tabicl@t1 - gbm-50k: E - R,True,-0.060766339539238844,-0.1308284052725995,0.025192415124161018,0.045428904780504216,0.05,200,20260907,False,True
all,20260907,2016H1,cox_slope_deviation,h4,tabpfn@t1,,tabpfn@t1 - gbm-50k: E - R,True,0.006568490661714564,-0.08388797276768187,0.0780119308073884,0.047726404566742126,0.05,200,20260907,False,False
all,20260907,2016H2,cox_slope_deviation,reduction,scorecard,,scorecard: E - R,True,0.0327697028108191,-0.03512572458795177,0.061208899774133525,0.025205968340817685,0.05,200,20260907,False,False
all,20260907,2016H2,cox_slope_deviation,reduction,gbm,,gbm: E - R,True,0.007439089012556653,-0.02694585130367217,0.03675898393563206,0.0153223642628002,0.05,200,20260907,False,False
all,20260907,2016H2,cox_slope_deviation,reduction,gbm-50k,,gbm-50k: E - R,True,0.01095367773078986,-0.09151694993369912,0.07471959721864388,0.04411876008804096,0.05,200,20260907,False,False
all,20260907,2016H2,cox_slope_deviation,reduction,tabpfn,,tabpfn: E - R,True,-0.056252934179004975,-0.11382770936677537,0.03243351923785616,0.05172786096707185,0.05,200,20260907,False,False
all,20260907,2016H2,cox_slope_deviation,reduction,tabicl,,tabicl: E - R,True,-0.059992535636389545,-0.10280935317514724,0.007041784196431137,0.038717272908807346,0.05,200,20260907,False,False
all,20260907,2016H2,cox_slope_deviation,reduction,tabicl@t1,,tabicl@t1: E - R,True,-0.036205945185641734,-0.07510545931046675,0.014523958395295963,0.025554926939118986,0.05,200,20260907,False,True
all,20260907,2016H2,cox_slope_deviation,reduction,tabpfn@t1,,tabpfn@t1: E - R,True,0.00229467485106064,-0.06529468989217574,0.06410027415676914,0.030817049168044904,0.05,200,20260907,False,False
all,20260907,2016H2,cox_slope_deviation,h4,scorecard,,scorecard - gbm-50k: E - R,True,0.021816025080029233,-0.05328987872286604,0.13869897008152735,0.048282721371941284,0.05,200,20260907,False,False
all,20260907,2016H2,cox_slope_deviation,h4,gbm,,gbm - gbm-50k: E - R,True,-0.003514588718233206,-0.06475087963338379,0.1081482079381816,0.04567174920285312,0.05,200,20260907,False,False
all,20260907,2016H2,cox_slope_deviation,h4,tabpfn,,tabpfn - gbm-50k: E - R,True,-0.06720661190979484,-0.1620411037962823,0.10216567373584541,0.08434990295230504,0.05,200,20260907,False,False
all,20260907,2016H2,cox_slope_deviation,h4,tabicl,,tabicl - gbm-50k: E - R,True,-0.07094621336717939,-0.1556897336553113,0.07793992830338192,0.07406710239132756,0.05,200,20260907,False,False
all,20260907,2016H2,cox_slope_deviation,h4,tabicl@t1,,tabicl@t1 - gbm-50k: E - R,True,-0.04715962291643159,-0.09375616036906174,0.09547736721748344,0.05388129532960273,0.05,200,20260907,False,True
all,20260907,2016H2,cox_slope_deviation,h4,tabpfn@t1,,tabpfn@t1 - gbm-50k: E - R,True,-0.008659002879729219,-0.05911479934219722,0.08924182325051361,0.041169100161487344,0.05,200,20260907,False,False
all,20260907,2017H1,cox_slope_deviation,reduction,scorecard,,scorecard: E - R,True,0.044692320186798584,-0.03006253614191961,0.05818644800149418,0.026034032225125375,0.05,200,20260907,False,False
all,20260907,2017H1,cox_slope_deviation,reduction,gbm,,gbm: E - R,True,0.003229371734094988,-0.02565749983797314,0.042075141279318926,0.015653320888990473,0.05,200,20260907,False,False
all,20260907,2017H1,cox_slope_deviation,reduction,gbm-50k,,gbm-50k: E - R,True,0.047549585757169256,-0.047264261305533906,0.19306291766793401,0.06519583574106319,0.05,200,20260907,False,False
all,20260907,2017H1,cox_slope_deviation,reduction,tabpfn,,tabpfn: E - R,True,-0.10011597486892364,-0.14624739688778887,-0.016107756850125308,0.03913650735379273,0.05,200,20260907,True,False
all,20260907,2017H1,cox_slope_deviation,reduction,tabicl,,tabicl: E - R,True,-0.10238091990690024,-0.13212309289312785,-0.04872407910052812,0.02349148793186615,0.05,200,20260907,True,False
all,20260907,2017H1,cox_slope_deviation,reduction,tabicl@t1,,tabicl@t1: E - R,True,-0.04046923930667984,-0.11721951283388056,0.058871720745565535,0.04772518317482523,0.05,200,20260907,False,True
all,20260907,2017H1,cox_slope_deviation,reduction,tabpfn@t1,,tabpfn@t1: E - R,True,-0.006029898054328939,-0.11038305446990053,0.10084957243253478,0.0582245827404109,0.05,200,20260907,False,False
all,20260907,2017H1,cox_slope_deviation,h4,scorecard,,scorecard - gbm-50k: E - R,True,-0.00285726557037067,-0.14004322514851658,0.07521450844488942,0.06170296373558985,0.05,200,20260907,False,False
all,20260907,2017H1,cox_slope_deviation,h4,gbm,,gbm - gbm-50k: E - R,True,-0.04432021402307427,-0.16019496741772501,0.05166275533746649,0.06069860954667281,0.05,200,20260907,False,False
all,20260907,2017H1,cox_slope_deviation,h4,tabpfn,,tabpfn - gbm-50k: E - R,True,-0.1476655606260929,-0.30344782648971,-0.039138672830248626,0.0834916722558701,0.05,200,20260907,True,False
all,20260907,2017H1,cox_slope_deviation,h4,tabicl,,tabicl - gbm-50k: E - R,True,-0.14993050566406949,-0.2971365339827167,-0.034580613269381756,0.07729955876331965,0.05,200,20260907,True,False
all,20260907,2017H1,cox_slope_deviation,h4,tabicl@t1,,tabicl@t1 - gbm-50k: E - R,True,-0.0880188250638491,-0.2505528123906304,0.021351760447126666,0.0847897405552605,0.05,200,20260907,False,True
all,20260907,2017H1,cox_slope_deviation,h4,tabpfn@t1,,tabpfn@t1 - gbm-50k: E - R,True,-0.053579483811498185,-0.22147021175733225,0.04685855803257514,0.08996998308403964,0.05,200,20260907,False,False
all,20260907,builds,cox_slope_deviation,reduction,scorecard,,scorecard: E - R,True,0.005530585253504236,-0.016046809712548835,0.014507470862035183,0.008513131829484743,0.05,200,20260907,False,False
all,20260907,builds,cox_slope_deviation,reduction,gbm,,gbm: E - R,True,0.010464934384183305,-0.0007895562647440706,0.02116029515803911,0.005524173411108426,0.05,200,20260907,False,False
all,20260907,builds,cox_slope_deviation,reduction,gbm-50k,,gbm-50k: E - R,True,0.03148544815361796,-0.0036637284826248925,0.06153135597932372,0.019430835309610303,0.05,200,20260907,False,False
all,20260907,builds,cox_slope_deviation,reduction,tabpfn,,tabpfn: E - R,True,-0.0201509635552051,-0.03559389979707442,-0.0010353601366491505,0.010141783247061005,0.05,200,20260907,True,False
all,20260907,builds,cox_slope_deviation,reduction,tabicl,,tabicl: E - R,True,-0.025398038413468896,-0.03847884101986281,-0.005792874802586666,0.010878299716535771,0.05,200,20260907,True,False
all,20260907,builds,cox_slope_deviation,reduction,tabicl@t1,,tabicl@t1: E - R,True,-0.009825780667882408,-0.02463144516074663,0.010277471717297385,0.00912989606826717,0.05,200,20260907,False,True
all,20260907,builds,cox_slope_deviation,reduction,tabpfn@t1,,tabpfn@t1: E - R,True,0.00688260753712142,-0.01014860973451224,0.02404618418837768,0.0094824399265506,0.05,200,20260907,False,False
all,20260907,builds,cox_slope_deviation,h4,scorecard,,scorecard - gbm-50k: E - R,True,-0.025954862900113725,-0.06048772098471122,0.00861559323039006,0.020334784035797193,0.05,200,20260907,False,False
all,20260907,builds,cox_slope_deviation,h4,gbm,,gbm - gbm-50k: E - R,True,-0.021020513769434656,-0.05040165726098681,0.012664167449291193,0.019181153556574623,0.05,200,20260907,False,False
all,20260907,builds,cox_slope_deviation,h4,tabpfn,,tabpfn - gbm-50k: E - R,True,-0.05163641170882307,-0.08650637378583691,-0.0035189571724345654,0.026093871507575323,0.05,200,20260907,True,False
all,20260907,builds,cox_slope_deviation,h4,tabicl,,tabicl - gbm-50k: E - R,True,-0.05688348656708686,-0.09528724088779215,-0.005398511521669322,0.028859564922756403,0.05,200,20260907,True,False
all,20260907,builds,cox_slope_deviation,h4,tabicl@t1,,tabicl@t1 - gbm-50k: E - R,True,-0.041311228821500366,-0.06784410407365299,-0.0002760116031263149,0.022068625563089365,0.05,200,20260907,True,True
all,20260907,builds,cox_slope_deviation,h4,tabpfn@t1,,tabpfn@t1 - gbm-50k: E - R,True,-0.02460284061649654,-0.047664574860713016,0.0016521848856701083,0.015603663784749438,0.05,200,20260907,False,False
"all, cohorts resampled",20260907,arm,cox_slope_deviation,reduction,scorecard,,scorecard: E - R,True,-0.007780663643133318,-0.02558068953183033,0.005055503365921846,0.008016556428849457,0.05,200,20260907,False,False
"all, cohorts resampled",20260907,arm,cox_slope_deviation,reduction,gbm,,gbm: E - R,True,0.01351169042169971,0.000974447678026305,0.02185226526401997,0.005805397647912112,0.05,200,20260907,True,False
"all, cohorts resampled",20260907,arm,cox_slope_deviation,reduction,gbm-50k,,gbm-50k: E - R,True,0.04016986436142333,-0.007351479934390069,0.08798756522326132,0.03170464671846083,0.05,200,20260907,False,False
"all, cohorts resampled",20260907,arm,cox_slope_deviation,reduction,tabpfn,,tabpfn: E - R,True,-0.0010555960806334086,-0.020411468993924715,0.02643661561262269,0.012933531095050589,0.05,200,20260907,False,False
"all, cohorts resampled",20260907,arm,cox_slope_deviation,reduction,tabicl,,tabicl: E - R,True,-0.004527005757827819,-0.023130567516803213,0.022049074628848763,0.013663699745858649,0.05,200,20260907,False,False
"all, cohorts resampled",20260907,arm,cox_slope_deviation,reduction,tabicl@t1,,tabicl@t1: E - R,True,0.0008594681534888025,-0.011342212521287936,0.01598375614359864,0.006915532470062753,0.05,200,20260907,False,True
"all, cohorts resampled",20260907,arm,cox_slope_deviation,reduction,tabpfn@t1,,tabpfn@t1: E - R,True,0.007781139917251277,-0.010993966844804803,0.022978817753853003,0.00977461080275163,0.05,200,20260907,False,False
"all, cohorts resampled",20260907,arm,cox_slope_deviation,h4,scorecard,,scorecard - gbm-50k: E - R,True,-0.047950528004556646,-0.10112968350292983,0.003601032057052835,0.03102170033343176,0.05,200,20260907,False,False
"all, cohorts resampled",20260907,arm,cox_slope_deviation,h4,gbm,,gbm - gbm-50k: E - R,True,-0.026658173939723615,-0.07521819169476729,0.02262426254634053,0.031464060308687515,0.05,200,20260907,False,False
"all, cohorts resampled",20260907,arm,cox_slope_deviation,h4,tabpfn,,tabpfn - gbm-50k: E - R,True,-0.04122546044205674,-0.09516836221733291,0.027896995615149137,0.04183936853865718,0.05,200,20260907,False,False
"all, cohorts resampled",20260907,arm,cox_slope_deviation,h4,tabicl,,tabicl - gbm-50k: E - R,True,-0.04469687011925114,-0.09604957135027263,0.025975184353490565,0.04250760914173397,0.05,200,20260907,False,False
"all, cohorts resampled",20260907,arm,cox_slope_deviation,h4,tabicl@t1,,tabicl@t1 - gbm-50k: E - R,True,-0.03931039620793452,-0.08777009893201264,0.011293937406357082,0.03225168578093256,0.05,200,20260907,False,True
"all, cohorts resampled",20260907,arm,cox_slope_deviation,h4,tabpfn@t1,,tabpfn@t1 - gbm-50k: E - R,True,-0.03238872444417205,-0.0762119767460533,0.002730102540524692,0.02497580639136616,0.05,200,20260907,False,False
