build_id,ablation,cohorts,metric,kind,model,matrix,pair,is_difference,value,ci_lo,ci_hi,se,alpha,resamples,seed,excludes_zero
2004H2-E,upb_nominal,all,auc,mean,scorecard,primary,scorecard: primary,False,0.806004138700463,0.7938191625625084,0.8201265040786948,0.006487387871897805,0.05,200,20260905,
2004H2-E,upb_nominal,all,auc,mean,scorecard,upb_nominal,scorecard: upb_nominal,False,0.8073835727166294,0.7953836541663097,0.8210595261266695,0.006487272278832216,0.05,200,20260905,
2004H2-E,upb_nominal,all,auc,diff,scorecard,,scorecard: upb_nominal - primary,True,0.0013794340161664698,8.663126869668805e-05,0.0026045306677418057,0.0006458039122116109,0.05,200,20260905,True
2004H2-E,upb_nominal,all,auc,mean,gbm,primary,gbm: primary,False,0.797359254580639,0.7854563175847369,0.8115552427547403,0.006671330616323115,0.05,200,20260905,
2004H2-E,upb_nominal,all,auc,mean,gbm,upb_nominal,gbm: upb_nominal,False,0.8035519762148677,0.7914503969825211,0.8167122994136882,0.006560975677962517,0.05,200,20260905,
2004H2-E,upb_nominal,all,auc,diff,gbm,,gbm: upb_nominal - primary,True,0.006192721634228682,0.0021170036916571934,0.010727673048141885,0.002133928136621337,0.05,200,20260905,True
2004H2-E,upb_nominal,all,auc,mean,gbm-50k,primary,gbm-50k: primary,False,0.792346488124786,0.7797391889793371,0.8038373870583899,0.006487526801482578,0.05,200,20260905,
2004H2-E,upb_nominal,all,auc,mean,gbm-50k,upb_nominal,gbm-50k: upb_nominal,False,0.7909313081257001,0.7795518622989964,0.8023577412623911,0.006506021891034277,0.05,200,20260905,
2004H2-E,upb_nominal,all,auc,diff,gbm-50k,,gbm-50k: upb_nominal - primary,True,-0.0014151799990859137,-0.005663842632867494,0.0028135790517623345,0.0022187009477936523,0.05,200,20260905,False
2004H2-E,upb_nominal,all,auc,mean,tabpfn,primary,tabpfn: primary,False,0.8071109125122841,0.7930245039797815,0.8187343334044642,0.0066400014034408775,0.05,200,20260905,
2004H2-E,upb_nominal,all,auc,mean,tabpfn,upb_nominal,tabpfn: upb_nominal,False,0.8074092343866903,0.7938049975465071,0.8187969240570462,0.006584816183225229,0.05,200,20260905,
2004H2-E,upb_nominal,all,auc,diff,tabpfn,,tabpfn: upb_nominal - primary,True,0.0002983218744062599,-0.0002658407281580677,0.0007848161063173292,0.00029745899809820956,0.05,200,20260905,False
2004H2-E,upb_nominal,all,auc,mean,tabicl,primary,tabicl: primary,False,0.8054696223510147,0.79220886693373,0.8173203644633168,0.006558911975040168,0.05,200,20260905,
2004H2-E,upb_nominal,all,auc,mean,tabicl,upb_nominal,tabicl: upb_nominal,False,0.8059636692259958,0.7932947434291513,0.8175312332249106,0.006514965993662276,0.05,200,20260905,
2004H2-E,upb_nominal,all,auc,diff,tabicl,,tabicl: upb_nominal - primary,True,0.0004940468749811133,-0.0003738392688506869,0.0015294505760532738,0.0005167951944971689,0.05,200,20260905,False
2004H2-E,upb_nominal,all,auc,mean,tabicl@t1,primary,tabicl@t1: primary,False,0.8054703102668368,0.7922078945600624,0.8173226531514196,0.006559132361645897,0.05,200,20260905,
2004H2-E,upb_nominal,all,auc,mean,tabicl@t1,upb_nominal,tabicl@t1: upb_nominal,False,0.8059628159338712,0.7932929748597343,0.8175314068031453,0.006514900603993846,0.05,200,20260905,
2004H2-E,upb_nominal,all,auc,diff,tabicl@t1,,tabicl@t1: upb_nominal - primary,True,0.0004925056670344041,-0.0003742285867713579,0.0015281140064674435,0.0005167234480111767,0.05,200,20260905,False
2004H2-E,upb_nominal,all,auc,mean,tabpfn@t1,primary,tabpfn@t1: primary,False,0.8071124568601316,0.793017180970243,0.8187402874380306,0.006639983689808468,0.05,200,20260905,
2004H2-E,upb_nominal,all,auc,mean,tabpfn@t1,upb_nominal,tabpfn@t1: upb_nominal,False,0.8074076919580903,0.7937883176011489,0.8188080195585806,0.0065845342382388605,0.05,200,20260905,
2004H2-E,upb_nominal,all,auc,diff,tabpfn@t1,,tabpfn@t1: upb_nominal - primary,True,0.0002952350979587015,-0.00026705644639289926,0.0007790637056067584,0.0002973050540610201,0.05,200,20260905,False
2004H2-E,upb_nominal,all,auc,did,scorecard,,scorecard - gbm-50k: upb_nominal - primary,True,0.0027946140152523835,-0.0023267331756466696,0.00796466181127479,0.0025723206507330732,0.05,200,20260905,False
2004H2-E,upb_nominal,all,auc,did,gbm,,gbm - gbm-50k: upb_nominal - primary,True,0.0076079016333145955,0.0033257295337583317,0.011785705364740448,0.002366317314282582,0.05,200,20260905,True
2004H2-E,upb_nominal,all,auc,did,tabpfn,,tabpfn - gbm-50k: upb_nominal - primary,True,0.0017135018734921736,-0.002658066490785596,0.005991943559497843,0.002229494779566403,0.05,200,20260905,False
2004H2-E,upb_nominal,all,auc,did,tabicl,,tabicl - gbm-50k: upb_nominal - primary,True,0.001909226874067027,-0.002536290908231623,0.0061905702298906545,0.0022897783959837685,0.05,200,20260905,False
2004H2-E,upb_nominal,all,auc,did,tabicl@t1,,tabicl@t1 - gbm-50k: upb_nominal - primary,True,0.0019076856661203179,-0.002539816125366706,0.006189048407947847,0.0022895040711314167,0.05,200,20260905,False
2004H2-E,upb_nominal,all,auc,did,tabpfn@t1,,tabpfn@t1 - gbm-50k: upb_nominal - primary,True,0.0017104150970446153,-0.002650500927156271,0.0059800001077042085,0.0022289545971676487,0.05,200,20260905,False
2004H2-E,upb_nominal,all,brier,mean,scorecard,primary,scorecard: primary,False,0.01248774813113769,0.011756814712010089,0.013179346633694257,0.00038705427699789577,0.05,200,20260905,
2004H2-E,upb_nominal,all,brier,mean,scorecard,upb_nominal,scorecard: upb_nominal,False,0.012487171938222519,0.011745545231594748,0.013178423471221865,0.00039021885890757414,0.05,200,20260905,
2004H2-E,upb_nominal,all,brier,diff,scorecard,,scorecard: upb_nominal - primary,True,-5.761929151703454e-07,-1.0993577718511686e-05,1.0544210069221095e-05,5.906872628581859e-06,0.05,200,20260905,False
2004H2-E,upb_nominal,all,brier,mean,gbm,primary,gbm: primary,False,0.012514068340619572,0.011778614625312473,0.013186448659816899,0.0003859577060682115,0.05,200,20260905,
2004H2-E,upb_nominal,all,brier,mean,gbm,upb_nominal,gbm: upb_nominal,False,0.012490207932815583,0.011737981877597241,0.013164590274532815,0.00039055367588015146,0.05,200,20260905,
2004H2-E,upb_nominal,all,brier,diff,gbm,,gbm: upb_nominal - primary,True,-2.3860407803989042e-05,-4.846067250675245e-05,-6.162629909558132e-07,1.3168431981553865e-05,0.05,200,20260905,True
2004H2-E,upb_nominal,all,brier,mean,gbm-50k,primary,gbm-50k: primary,False,0.012559256424118795,0.01182199273086034,0.013252563752711062,0.00038616229038903265,0.05,200,20260905,
2004H2-E,upb_nominal,all,brier,mean,gbm-50k,upb_nominal,gbm-50k: upb_nominal,False,0.012530611076960222,0.011788911904331515,0.013208102249438127,0.0003904803446523662,0.05,200,20260905,
2004H2-E,upb_nominal,all,brier,diff,gbm-50k,,gbm-50k: upb_nominal - primary,True,-2.8645347158573475e-05,-5.852693613625508e-05,-2.163732497035626e-06,1.5237731394605011e-05,0.05,200,20260905,True
2004H2-E,upb_nominal,all,brier,mean,tabpfn,primary,tabpfn: primary,False,0.012446847718607601,0.01169813712646301,0.013127050722201343,0.00039143928673164243,0.05,200,20260905,
2004H2-E,upb_nominal,all,brier,mean,tabpfn,upb_nominal,tabpfn: upb_nominal,False,0.012475913956630919,0.011720722973139761,0.013161068811726302,0.0003945415493538464,0.05,200,20260905,
2004H2-E,upb_nominal,all,brier,diff,tabpfn,,tabpfn: upb_nominal - primary,True,2.9066238023317537e-05,2.1487780687211992e-05,3.5892596146336426e-05,4.011302663182264e-06,0.05,200,20260905,True
2004H2-E,upb_nominal,all,brier,mean,tabicl,primary,tabicl: primary,False,0.012458252023103253,0.011712571500867812,0.013141259895059694,0.0003913359125199462,0.05,200,20260905,
2004H2-E,upb_nominal,all,brier,mean,tabicl,upb_nominal,tabicl: upb_nominal,False,0.012492173059544642,0.011739292834108104,0.013181947269404175,0.000395120480977348,0.05,200,20260905,
2004H2-E,upb_nominal,all,brier,diff,tabicl,,tabicl: upb_nominal - primary,True,3.3921036441389094e-05,2.4148849805504967e-05,4.401020676478682e-05,5.210875617343322e-06,0.05,200,20260905,True
2004H2-E,upb_nominal,all,brier,mean,tabicl@t1,primary,tabicl@t1: primary,False,0.012446467166690988,0.01171645345525638,0.013112312166897728,0.0003839444144828208,0.05,200,20260905,
2004H2-E,upb_nominal,all,brier,mean,tabicl@t1,upb_nominal,tabicl@t1: upb_nominal,False,0.012449570631702924,0.011711488814896406,0.013124584064886839,0.0003885011137592364,0.05,200,20260905,
2004H2-E,upb_nominal,all,brier,diff,tabicl@t1,,tabicl@t1: upb_nominal - primary,True,3.103465011936035e-06,-8.458211642421503e-06,1.4174547259533138e-05,6.0928792139089905e-06,0.05,200,20260905,False
2004H2-E,upb_nominal,all,brier,mean,tabpfn@t1,primary,tabpfn@t1: primary,False,0.012426524834904576,0.011692888378162118,0.01309523171920391,0.0003839661345378983,0.05,200,20260905,
2004H2-E,upb_nominal,all,brier,mean,tabpfn@t1,upb_nominal,tabpfn@t1: upb_nominal,False,0.012431119558684612,0.011690087379002673,0.013104731321653488,0.0003877388275587428,0.05,200,20260905,
2004H2-E,upb_nominal,all,brier,diff,tabpfn@t1,,tabpfn@t1: upb_nominal - primary,True,4.594723780036031e-06,-4.749743552673932e-06,1.329226022102662e-05,4.7361733563584525e-06,0.05,200,20260905,False
2004H2-E,upb_nominal,all,brier,did,scorecard,,scorecard - gbm-50k: upb_nominal - primary,True,2.806915424340313e-05,3.959552457125267e-06,5.677635650385015e-05,1.4002439537685354e-05,0.05,200,20260905,True
2004H2-E,upb_nominal,all,brier,did,gbm,,gbm - gbm-50k: upb_nominal - primary,True,4.784939354584433e-06,-2.1374904611129625e-05,3.2587841962296654e-05,1.3739105052061434e-05,0.05,200,20260905,False
2004H2-E,upb_nominal,all,brier,did,tabpfn,,tabpfn - gbm-50k: upb_nominal - primary,True,5.771158518189101e-05,3.3874711188637076e-05,8.578832070695658e-05,1.4153922912852542e-05,0.05,200,20260905,True
2004H2-E,upb_nominal,all,brier,did,tabicl,,tabicl - gbm-50k: upb_nominal - primary,True,6.256638359996257e-05,3.658564694855142e-05,9.134284582300923e-05,1.4254720732249221e-05,0.05,200,20260905,True
2004H2-E,upb_nominal,all,brier,did,tabicl@t1,,tabicl@t1 - gbm-50k: upb_nominal - primary,True,3.174881217050951e-05,4.573466414510043e-06,5.8577155217695507e-05,1.4300863097792694e-05,0.05,200,20260905,True
2004H2-E,upb_nominal,all,brier,did,tabpfn@t1,,tabpfn@t1 - gbm-50k: upb_nominal - primary,True,3.3240070938609506e-05,8.679962227973582e-06,6.14733495857243e-05,1.4112240590795997e-05,0.05,200,20260905,True
