build_id,cohorts,draw,metric,pair,is_difference,value,ci_lo,ci_hi,se,alpha,resamples,seed,excludes_zero,reads_derived
2014H2-E,all,,gini,scorecard,False,0.5437041362997126,0.5284401029824815,0.559120722206379,0.008250846160740616,0.05,200,20260905,,False
2014H2-E,all,,gini,gbm,False,0.5479465831886549,0.5305924038011095,0.562088464331142,0.008278143994452482,0.05,200,20260905,,False
2014H2-E,all,,gini,gbm-50k,False,0.5278756141787301,0.510398668878007,0.5438989613325945,0.009343426139282983,0.05,200,20260905,,False
2014H2-E,all,,gini,gbm - scorecard,True,0.004242446888942264,-0.0022033012240351363,0.012603230906940587,0.0037923035413675167,0.05,200,20260905,False,False
2014H2-E,all,,gini,gbm-50k - scorecard,True,-0.01582852212098255,-0.025824072109871345,-0.005172998761895143,0.005559257083483287,0.05,200,20260905,True,False
2014H2-E,all,,gini,gbm-50k - gbm,True,-0.020070969009924815,-0.030635916746614287,-0.010097424257567718,0.005444173223655017,0.05,200,20260905,True,False
2014H2-E,all,,abs_log_oe,scorecard,False,0.7099605147789171,0.6725028157557,0.751329334823371,0.020447557915126948,0.05,200,20260905,,False
2014H2-E,all,,abs_log_oe,gbm,False,0.6106999897021761,0.574743240251595,0.6564668509532097,0.02115374546654473,0.05,200,20260905,,False
2014H2-E,all,,abs_log_oe,gbm-50k,False,0.6531035304670065,0.60936064536424,0.7107088876861453,0.027308925680054632,0.05,200,20260905,,False
2014H2-E,all,,abs_log_oe,gbm - scorecard,True,-0.09926052507674099,-0.12191179895561326,-0.07946657152252215,0.010787553732933622,0.05,200,20260905,True,False
2014H2-E,all,,abs_log_oe,gbm-50k - scorecard,True,-0.05685698431191052,-0.08577970599010351,-0.028675990915862707,0.019690187743435995,0.05,200,20260905,True,False
2014H2-E,all,,abs_log_oe,gbm-50k - gbm,True,0.04240354076483047,0.009986454943436151,0.07454106072674482,0.020411437125072,0.05,200,20260905,True,False
2014H2-E,all,,cox_slope_deviation,scorecard,False,0.1452247275492179,0.12387083258504111,0.18887248992451752,0.016105193878477697,0.05,200,20260905,,False
2014H2-E,all,,cox_slope_deviation,gbm,False,0.16353385066130333,0.14707274534491008,0.20180365656771032,0.014708080045591453,0.05,200,20260905,,False
2014H2-E,all,,cox_slope_deviation,gbm-50k,False,0.1743040664636654,0.13730317673941378,0.22970996016082082,0.024264156132674995,0.05,200,20260905,,False
2014H2-E,all,,cox_slope_deviation,gbm - scorecard,True,0.018309123112085435,-0.007393590271959652,0.03916467440208865,0.011966749961099787,0.05,200,20260905,False,False
2014H2-E,all,,cox_slope_deviation,gbm-50k - scorecard,True,0.029079338914447538,-0.024008157250263805,0.08306421837431124,0.02651645285749349,0.05,200,20260905,False,False
2014H2-E,all,,cox_slope_deviation,gbm-50k - gbm,True,0.010770215802362102,-0.047064925964161314,0.06332954561086154,0.027330596673532787,0.05,200,20260905,False,False
2014H2-E,all,,cox_slope,scorecard,False,0.906236161609281,0.8717691978838676,0.9402046948228565,0.017815936017117957,0.05,200,20260905,,False
2014H2-E,all,,cox_slope,gbm,False,0.8412807957527052,0.8098027868840589,0.8730548012792395,0.016596710950098036,0.05,200,20260905,,False
2014H2-E,all,,cox_slope,gbm-50k,False,0.9873844231767815,0.8072605549239152,1.1295678277739725,0.1189857368798194,0.05,200,20260905,,False
2014H2-E,all,,cox_slope,gbm - scorecard,True,-0.06495536585657591,-0.07978125383310551,-0.04647015832648794,0.008456116880201446,0.05,200,20260905,True,False
2014H2-E,all,,cox_slope,gbm-50k - scorecard,True,0.08114826156750048,-0.0915782803430099,0.2133931966997283,0.11846470242070359,0.05,200,20260905,False,False
2014H2-E,all,,cox_slope,gbm-50k - gbm,True,0.14610362742407637,-0.02384240128988848,0.2779284080393888,0.11753197655153166,0.05,200,20260905,False,False
2014H2-E,all,,psi,scorecard,False,0.11083588412030225,0.10925237989544136,0.11345063961848408,0.0011286984697163433,0.05,200,20260905,,False
2014H2-E,all,,psi,gbm,False,0.090898278945668,0.08937974073074607,0.09301014073285639,0.0009784571736284797,0.05,200,20260905,,False
2014H2-E,all,,psi,gbm-50k,False,0.10459718657178257,0.0860419277271064,0.12093879227267855,0.013132756725339785,0.05,200,20260905,,False
2014H2-E,all,,psi,gbm - scorecard,True,-0.01993760517463422,-0.02144521568376516,-0.01844212676157407,0.0007571559950330113,0.05,200,20260905,True,False
2014H2-E,all,,psi,gbm-50k - scorecard,True,-0.006238697548519666,-0.02497476784595082,0.008843945304383568,0.013163032213230617,0.05,200,20260905,False,False
2014H2-E,all,,psi,gbm-50k - gbm,True,0.013698907626114554,-0.004649563263924441,0.02887884625214469,0.013138173160203992,0.05,200,20260905,False,False
2014H2-E,nearest,,gini,scorecard,False,0.6327599556795632,0.5831131070263595,0.6722822209870188,0.024752435540545705,0.05,200,20260905,,False
2014H2-E,nearest,,gini,gbm,False,0.6349912376183825,0.5854338714609647,0.6847936608855013,0.0246005186497688,0.05,200,20260905,,False
2014H2-E,nearest,,gini,gbm-50k,False,0.6115976845104966,0.5525776402570364,0.6573794021646507,0.02732207619757251,0.05,200,20260905,,False
2014H2-E,nearest,,gini,gbm - scorecard,True,0.002231281938819274,-0.018575619859163648,0.02428532709118857,0.011341236395345664,0.05,200,20260905,False,False
2014H2-E,nearest,,gini,gbm-50k - scorecard,True,-0.021162271169066733,-0.047027148156643314,0.006427491196009039,0.013475674810120044,0.05,200,20260905,False,False
2014H2-E,nearest,,gini,gbm-50k - gbm,True,-0.023393553107886007,-0.05015929230989145,-0.0005603865980174599,0.01298725591159778,0.05,200,20260905,True,False
2014H2-E,nearest,,abs_log_oe,scorecard,False,0.9316862890089199,0.7975989657751712,1.050845653920112,0.06566766645332063,0.05,200,20260905,,False
2014H2-E,nearest,,abs_log_oe,gbm,False,0.8206461671097628,0.689503520815841,0.9398570849424983,0.06587667789074088,0.05,200,20260905,,False
2014H2-E,nearest,,abs_log_oe,gbm-50k,False,0.9031105998047129,0.7449700863437199,1.0475817936175271,0.0783477412237164,0.05,200,20260905,,False
2014H2-E,nearest,,abs_log_oe,gbm - scorecard,True,-0.11104012189915724,-0.11821955606745921,-0.10436266098982495,0.0034980867837695368,0.05,200,20260905,True,False
2014H2-E,nearest,,abs_log_oe,gbm-50k - scorecard,True,-0.028575689204207017,-0.08916767452260244,0.017755101509207043,0.04121058682727775,0.05,200,20260905,False,False
2014H2-E,nearest,,abs_log_oe,gbm-50k - gbm,True,0.08246443269495023,0.023963269738997615,0.12855644495584315,0.04097145381185694,0.05,200,20260905,True,False
2014H2-E,nearest,,cox_slope_deviation,scorecard,False,0.041437874052217716,0.01602752857753576,0.16598266505657297,0.04089218243892218,0.05,200,20260905,,False
2014H2-E,nearest,,cox_slope_deviation,gbm,False,0.03912446527065705,0.013740625970272188,0.14258629418129617,0.03492777226424114,0.05,200,20260905,,False
2014H2-E,nearest,,cox_slope_deviation,gbm-50k,False,0.15886478501636755,0.043191366157710846,0.29468902258759844,0.07231397537292014,0.05,200,20260905,,False
2014H2-E,nearest,,cox_slope_deviation,gbm - scorecard,True,-0.0023134087815606663,-0.09661687542647072,0.0726087659520022,0.04475523787128253,0.05,200,20260905,False,False
2014H2-E,nearest,,cox_slope_deviation,gbm-50k - scorecard,True,0.11742691096414982,-0.0649273146267884,0.20529863861123274,0.07239055239912978,0.05,200,20260905,False,False
2014H2-E,nearest,,cox_slope_deviation,gbm-50k - gbm,True,0.11974031974571049,-0.015583501646181053,0.2503518332694479,0.07859509865095539,0.05,200,20260905,False,False
2014H2-E,nearest,,cox_slope,scorecard,False,1.0323996977901644,0.9300992018074998,1.136077253788252,0.05666676954558008,0.05,200,20260905,,False
2014H2-E,nearest,,cox_slope,gbm,False,0.9608755347293428,0.8656499242856677,1.065598881328425,0.04988781746257492,0.05,200,20260905,,False
2014H2-E,nearest,,cox_slope,gbm-50k,False,1.1078592407947265,0.844024065806433,1.2946890225875984,0.144852961790223,0.05,200,20260905,,False
2014H2-E,nearest,,cox_slope,gbm - scorecard,True,-0.07152416306082143,-0.11926750086141387,-0.016980501246477583,0.026815340573069307,0.05,200,20260905,True,False
2014H2-E,nearest,,cox_slope,gbm-50k - scorecard,True,0.07545954300456208,-0.14955506079590597,0.23574474936357054,0.13644607249922847,0.05,200,20260905,False,False
2014H2-E,nearest,,cox_slope,gbm-50k - gbm,True,0.1469837060653835,-0.07296788003647821,0.2877414083605704,0.13426358431317242,0.05,200,20260905,False,False
2014H2-E,nearest,,psi,scorecard,False,0.03832209964859254,0.035703835419176815,0.04188995970694408,0.0016469053496848917,0.05,200,20260905,,False
2014H2-E,nearest,,psi,gbm,False,0.04811403052867336,0.04534209055203154,0.051920441751206074,0.0017009218216882532,0.05,200,20260905,,False
2014H2-E,nearest,,psi,gbm-50k,False,0.05091443868932196,0.037909909410542154,0.06497408863336113,0.009275371186735899,0.05,200,20260905,,False
2014H2-E,nearest,,psi,gbm - scorecard,True,0.009791930880080818,0.00720199492151424,0.012185915963693032,0.0013653977456144285,0.05,200,20260905,True,False
2014H2-E,nearest,,psi,gbm-50k - scorecard,True,0.012592339040729412,-0.0017051373699632324,0.025219047009786034,0.009328538133281872,0.05,200,20260905,False,False
2014H2-E,nearest,,psi,gbm-50k - gbm,True,0.0028004081606485937,-0.010957519455432871,0.015149416535682214,0.009182818716220629,0.05,200,20260905,False,False
2014H2-E,"all, cohorts resampled",,gini,scorecard,False,0.5437041362997126,0.49340733813155907,0.5896898265961568,0.02506090723349619,0.05,200,20260905,,False
2014H2-E,"all, cohorts resampled",,gini,gbm,False,0.5479465831886549,0.4983220244909097,0.5927527501960467,0.024422381022328347,0.05,200,20260905,,False
2014H2-E,"all, cohorts resampled",,gini,gbm-50k,False,0.5278756141787301,0.47700689415806685,0.5744793915236757,0.025652938639436317,0.05,200,20260905,,False
2014H2-E,"all, cohorts resampled",,gini,gbm - scorecard,True,0.004242446888942264,-0.004803724067482967,0.01489787075868194,0.005328469653450244,0.05,200,20260905,False,False
2014H2-E,"all, cohorts resampled",,gini,gbm-50k - scorecard,True,-0.01582852212098255,-0.028208000636386385,-0.0035424687628491367,0.006261692388971042,0.05,200,20260905,True,False
2014H2-E,"all, cohorts resampled",,gini,gbm-50k - gbm,True,-0.020070969009924815,-0.032687275416991846,-0.007211207291792768,0.006655018509064367,0.05,200,20260905,True,False
2014H2-E,"all, cohorts resampled",,abs_log_oe,scorecard,False,0.7099605147789171,0.5095621630544434,0.9039093030037766,0.09878918146267174,0.05,200,20260905,,False
2014H2-E,"all, cohorts resampled",,abs_log_oe,gbm,False,0.6106999897021761,0.4329004640980156,0.7850757679695909,0.088165314230003,0.05,200,20260905,,False
2014H2-E,"all, cohorts resampled",,abs_log_oe,gbm-50k,False,0.6531035304670065,0.43574512264724363,0.8698403123302987,0.10490850827392957,0.05,200,20260905,,False
2014H2-E,"all, cohorts resampled",,abs_log_oe,gbm - scorecard,True,-0.09926052507674099,-0.13030807811637848,-0.06623296411181578,0.01773427718388311,0.05,200,20260905,True,False
2014H2-E,"all, cohorts resampled",,abs_log_oe,gbm-50k - scorecard,True,-0.05685698431191052,-0.08756922479485497,-0.017476494966520744,0.02174361981953266,0.05,200,20260905,True,False
2014H2-E,"all, cohorts resampled",,abs_log_oe,gbm-50k - gbm,True,0.04240354076483047,0.0015739841324052992,0.08831451253212777,0.025220135059136655,0.05,200,20260905,True,False
2014H2-E,"all, cohorts resampled",,cox_slope_deviation,scorecard,False,0.1452247275492179,0.08608929115845956,0.23555972114915072,0.03789631306910684,0.05,200,20260905,,False
2014H2-E,"all, cohorts resampled",,cox_slope_deviation,gbm,False,0.16353385066130333,0.09604474508375728,0.2564339025341403,0.039372593554224365,0.05,200,20260905,,False
2014H2-E,"all, cohorts resampled",,cox_slope_deviation,gbm-50k,False,0.1743040664636654,0.11633191035449665,0.2518097843692891,0.03543592526442369,0.05,200,20260905,,False
2014H2-E,"all, cohorts resampled",,cox_slope_deviation,gbm - scorecard,True,0.018309123112085435,-0.02392756303881241,0.04797079512916807,0.0199559065901056,0.05,200,20260905,False,False
2014H2-E,"all, cohorts resampled",,cox_slope_deviation,gbm-50k - scorecard,True,0.029079338914447538,-0.037846921750382054,0.11121696547725149,0.03589007366208249,0.05,200,20260905,False,False
2014H2-E,"all, cohorts resampled",,cox_slope_deviation,gbm-50k - gbm,True,0.010770215802362102,-0.07124106471913867,0.11954958364050443,0.041431749102684455,0.05,200,20260905,False,False
2014H2-E,"all, cohorts resampled",,cox_slope,scorecard,False,0.906236161609281,0.801704067772617,0.9958295518181245,0.049845553050493874,0.05,200,20260905,,False
2014H2-E,"all, cohorts resampled",,cox_slope,gbm,False,0.8412807957527052,0.7573063680618933,0.920458270211696,0.04309306776222753,0.05,200,20260905,,False
2014H2-E,"all, cohorts resampled",,cox_slope,gbm-50k,False,0.9873844231767815,0.7841826817908234,1.1958475663496337,0.12692005218612945,0.05,200,20260905,,False
2014H2-E,"all, cohorts resampled",,cox_slope,gbm - scorecard,True,-0.06495536585657591,-0.08848404390036338,-0.04055724390447328,0.013490109592030793,0.05,200,20260905,True,False
2014H2-E,"all, cohorts resampled",,cox_slope,gbm-50k - scorecard,True,0.08114826156750048,-0.09341961378027296,0.22263989775725704,0.12156113059373334,0.05,200,20260905,False,False
2014H2-E,"all, cohorts resampled",,cox_slope,gbm-50k - gbm,True,0.14610362742407637,-0.025667098278977327,0.2887894901292037,0.12100493709503655,0.05,200,20260905,False,False
2014H2-E,"all, cohorts resampled",,psi,scorecard,False,0.11083588412030225,0.07733835924708611,0.1531914501497506,0.01941958888195218,0.05,200,20260905,,False
2014H2-E,"all, cohorts resampled",,psi,gbm,False,0.090898278945668,0.0727219466548922,0.11716726019617911,0.011011032919349267,0.05,200,20260905,,False
2014H2-E,"all, cohorts resampled",,psi,gbm-50k,False,0.10459718657178257,0.07211665522951721,0.15062830479617872,0.02074438984029517,0.05,200,20260905,,False
2014H2-E,"all, cohorts resampled",,psi,gbm - scorecard,True,-0.01993760517463422,-0.040952068829499824,-0.003567757022566495,0.009355208769185198,0.05,200,20260905,True,False
2014H2-E,"all, cohorts resampled",,psi,gbm-50k - scorecard,True,-0.006238697548519666,-0.034460166274252794,0.014574587826241799,0.01455245770559817,0.05,200,20260905,False,False
2014H2-E,"all, cohorts resampled",,psi,gbm-50k - gbm,True,0.013698907626114554,-0.006760646798368689,0.03750200126320186,0.01515975483073296,0.05,200,20260905,False,False
2014H2-E,all,20260911,gini,scorecard,False,0.5437041362997126,0.5285990043276962,0.5591342668429677,0.008232496770798098,0.05,200,20260905,,False
2014H2-E,all,20260911,gini,gbm,False,0.5479465831886549,0.5315593263930913,0.5623895214942631,0.008262158057549499,0.05,200,20260905,,False
2014H2-E,all,20260911,gini,gbm-50k,False,0.5292059676590263,0.5122023562072802,0.5432420661562077,0.009027201648406485,0.05,200,20260905,,False
2014H2-E,all,20260911,gini,gbm - scorecard,True,0.004242446888942264,-0.0021943383635973867,0.012926198811651936,0.003758008249862941,0.05,200,20260905,False,False
2014H2-E,all,20260911,gini,gbm-50k - scorecard,True,-0.014498168640686315,-0.021692621257939436,-0.005367034025406474,0.004167006101098622,0.05,200,20260905,True,False
2014H2-E,all,20260911,gini,gbm-50k - gbm,True,-0.01874061552962858,-0.026320844116252535,-0.011909094199940639,0.0039474312878226055,0.05,200,20260905,True,False
2014H2-E,all,20260911,abs_log_oe,scorecard,False,0.7099605147789171,0.6729675082198745,0.750688958376254,0.02022443490252895,0.05,200,20260905,,False
2014H2-E,all,20260911,abs_log_oe,gbm,False,0.6106999897021761,0.573896426506529,0.6549280182400652,0.021060856790582387,0.05,200,20260905,,False
2014H2-E,all,20260911,abs_log_oe,gbm-50k,False,0.6639062849485975,0.634526184811892,0.7085540196004875,0.019683525890229696,0.05,200,20260905,,False
2014H2-E,all,20260911,abs_log_oe,gbm - scorecard,True,-0.09926052507674099,-0.12232438056870688,-0.07925553705762099,0.010823978338192888,0.05,200,20260905,True,False
2014H2-E,all,20260911,abs_log_oe,gbm-50k - scorecard,True,-0.04605422983031959,-0.04808253169709674,-0.030988686087475324,0.004937315324825856,0.05,200,20260905,True,False
2014H2-E,all,20260911,abs_log_oe,gbm-50k - gbm,True,0.0532062952464214,0.04604042706797268,0.0756983186051072,0.007776544321399485,0.05,200,20260905,True,False
2014H2-E,all,20260911,cox_slope_deviation,scorecard,False,0.1452247275492179,0.12432035382523204,0.19065895630520527,0.01622129941844313,0.05,200,20260905,,False
2014H2-E,all,20260911,cox_slope_deviation,gbm,False,0.16353385066130333,0.14563825231509706,0.20143769097660263,0.014632079093866974,0.05,200,20260905,,False
2014H2-E,all,20260911,cox_slope_deviation,gbm-50k,False,0.14854659750087157,0.12680027091565843,0.20388289430855747,0.020748727436569747,0.05,200,20260905,,False
2014H2-E,all,20260911,cox_slope_deviation,gbm - scorecard,True,0.018309123112085435,-0.00832039203163111,0.0387990937922322,0.01204833849335511,0.05,200,20260905,False,False
2014H2-E,all,20260911,cox_slope_deviation,gbm-50k - scorecard,True,0.0033218699516536776,-0.032748415539567255,0.04443530626495608,0.019511387058489853,0.05,200,20260905,False,False
2014H2-E,all,20260911,cox_slope_deviation,gbm-50k - gbm,True,-0.014987253160431757,-0.05502554958894023,0.03870297672052714,0.02405645674598147,0.05,200,20260905,False,False
2014H2-E,all,20260911,cox_slope,scorecard,False,0.9062361616092811,0.8715362454731852,0.940178583211948,0.01775310501217298,0.05,200,20260905,,False
2014H2-E,all,20260911,cox_slope,gbm,False,0.8412807957527052,0.8093504812965602,0.8725842374379688,0.016571974023330178,0.05,200,20260905,,False
2014H2-E,all,20260911,cox_slope,gbm-50k,False,1.0249792681338572,0.9837871139067704,1.063798999092663,0.021880794889531843,0.05,200,20260905,,False
2014H2-E,all,20260911,cox_slope,gbm - scorecard,True,-0.06495536585657591,-0.07961058801116284,-0.04690155546770226,0.008428132943226406,0.05,200,20260905,True,False
2014H2-E,all,20260911,cox_slope,gbm-50k - scorecard,True,0.11874310652457609,0.10136010677384562,0.1392089578560056,0.010272125625026931,0.05,200,20260905,True,False
2014H2-E,all,20260911,cox_slope,gbm-50k - gbm,True,0.183698472381152,0.16355201879213024,0.2037022670347088,0.010265402210193116,0.05,200,20260905,True,False
2014H2-E,all,20260911,psi,scorecard,False,0.11083588412030224,0.10913804578581984,0.11347677688735429,0.0011282839755769399,0.05,200,20260905,,False
2014H2-E,all,20260911,psi,gbm,False,0.09089827894566802,0.08932991266875043,0.09302273373532803,0.0009798840264965396,0.05,200,20260905,,False
2014H2-E,all,20260911,psi,gbm-50k,False,0.1080012536531995,0.10641731547522489,0.11077048850176144,0.0011461450609363633,0.05,200,20260905,,False
2014H2-E,all,20260911,psi,gbm - scorecard,True,-0.01993760517463422,-0.02140912938987102,-0.01847529478936699,0.0007518992632435719,0.05,200,20260905,True,False
2014H2-E,all,20260911,psi,gbm-50k - scorecard,True,-0.002834630467102736,-0.004299533172574879,-0.0012293733963038929,0.0007626419790480506,0.05,200,20260905,True,False
2014H2-E,all,20260911,psi,gbm-50k - gbm,True,0.017102974707531485,0.015771739062876745,0.018596326486485907,0.0007218658649330602,0.05,200,20260905,True,False
2014H2-E,all,20260912,gini,scorecard,False,0.5437041362997126,0.5285990043276962,0.5591342668429677,0.008232496770798098,0.05,200,20260905,,False
2014H2-E,all,20260912,gini,gbm,False,0.5479465831886549,0.5315593263930913,0.5623895214942631,0.008262158057549499,0.05,200,20260905,,False
2014H2-E,all,20260912,gini,gbm-50k,False,0.532071150165986,0.5162105671413424,0.5468332339347478,0.008457204603667265,0.05,200,20260905,,False
2014H2-E,all,20260912,gini,gbm - scorecard,True,0.004242446888942264,-0.0021943383635973867,0.012926198811651936,0.003758008249862941,0.05,200,20260905,False,False
2014H2-E,all,20260912,gini,gbm-50k - scorecard,True,-0.011632986133726542,-0.020126362575872126,-0.004321695933805529,0.004248518991266997,0.05,200,20260905,True,False
2014H2-E,all,20260912,gini,gbm-50k - gbm,True,-0.015875433022668806,-0.023349490837413937,-0.008898535530884677,0.003754492617650953,0.05,200,20260905,True,False
2014H2-E,all,20260912,abs_log_oe,scorecard,False,0.7099605147789171,0.6729675082198745,0.750688958376254,0.02022443490252895,0.05,200,20260905,,False
2014H2-E,all,20260912,abs_log_oe,gbm,False,0.6106999897021761,0.573896426506529,0.6549280182400652,0.021060856790582387,0.05,200,20260905,,False
2014H2-E,all,20260912,abs_log_oe,gbm-50k,False,0.6280979432575944,0.5982414326554715,0.6716021650992351,0.019840566789515412,0.05,200,20260905,,False
2014H2-E,all,20260912,abs_log_oe,gbm - scorecard,True,-0.09926052507674099,-0.12232438056870688,-0.07925553705762099,0.010823978338192888,0.05,200,20260905,True,False
2014H2-E,all,20260912,abs_log_oe,gbm-50k - scorecard,True,-0.0818625715213227,-0.08678385201057907,-0.06692353459216809,0.00535962230739843,0.05,200,20260905,True,False
2014H2-E,all,20260912,abs_log_oe,gbm-50k - gbm,True,0.01739795355541829,0.008328579838359055,0.0386782064458136,0.007692330753660667,0.05,200,20260905,True,False
2014H2-E,all,20260912,cox_slope_deviation,scorecard,False,0.1452247275492179,0.12432035382523204,0.19065895630520527,0.01622129941844313,0.05,200,20260905,,False
2014H2-E,all,20260912,cox_slope_deviation,gbm,False,0.16353385066130333,0.14563825231509706,0.20143769097660263,0.014632079093866974,0.05,200,20260905,,False
2014H2-E,all,20260912,cox_slope_deviation,gbm-50k,False,0.1736676651020593,0.15385606135832625,0.21497265010915104,0.015166621416378874,0.05,200,20260905,,False
2014H2-E,all,20260912,cox_slope_deviation,gbm - scorecard,True,0.018309123112085435,-0.00832039203163111,0.0387990937922322,0.01204833849335511,0.05,200,20260905,False,False
2014H2-E,all,20260912,cox_slope_deviation,gbm-50k - scorecard,True,0.028442937552841413,-0.00025687686878019976,0.05317411453939289,0.013159606866782645,0.05,200,20260905,False,False
2014H2-E,all,20260912,cox_slope_deviation,gbm-50k - gbm,True,0.010133814440755978,-0.004241102715258297,0.0245852787735084,0.007692990280666982,0.05,200,20260905,False,False
2014H2-E,all,20260912,cox_slope,scorecard,False,0.9062361616092811,0.8715362454731852,0.940178583211948,0.01775310501217298,0.05,200,20260905,,False
2014H2-E,all,20260912,cox_slope,gbm,False,0.8412807957527052,0.8093504812965602,0.8725842374379688,0.016571974023330178,0.05,200,20260905,,False
2014H2-E,all,20260912,cox_slope,gbm-50k,False,0.830383123772563,0.7989283280261993,0.8642829092252704,0.017403596373561113,0.05,200,20260905,,False
2014H2-E,all,20260912,cox_slope,gbm - scorecard,True,-0.06495536585657591,-0.07961058801116284,-0.04690155546770226,0.008428132943226406,0.05,200,20260905,True,False
2014H2-E,all,20260912,cox_slope,gbm-50k - scorecard,True,-0.07585303783671815,-0.09410512818237592,-0.057437628510997374,0.009347883487103744,0.05,200,20260905,True,False
2014H2-E,all,20260912,cox_slope,gbm-50k - gbm,True,-0.010897671980142243,-0.026924172012061168,0.004068248625101058,0.00816640704105786,0.05,200,20260905,False,False
2014H2-E,all,20260912,psi,scorecard,False,0.11083588412030224,0.10913804578581984,0.11347677688735429,0.0011282839755769399,0.05,200,20260905,,False
2014H2-E,all,20260912,psi,gbm,False,0.09089827894566802,0.08932991266875043,0.09302273373532803,0.0009798840264965396,0.05,200,20260905,,False
2014H2-E,all,20260912,psi,gbm-50k,False,0.11874706185958263,0.1170456106579722,0.12119300854683564,0.0011327459673256793,0.05,200,20260905,,False
2014H2-E,all,20260912,psi,gbm - scorecard,True,-0.01993760517463422,-0.02140912938987102,-0.01847529478936699,0.0007518992632435719,0.05,200,20260905,True,False
2014H2-E,all,20260912,psi,gbm-50k - scorecard,True,0.007911177739280392,0.006323928967589201,0.009492952246830697,0.0008147924951045207,0.05,200,20260905,True,False
2014H2-E,all,20260912,psi,gbm-50k - gbm,True,0.027848782913914613,0.026343481307490105,0.029100898725752264,0.0007218973583263553,0.05,200,20260905,True,False
2014H2-E,all,20260913,gini,scorecard,False,0.5437041362997126,0.5285990043276962,0.5591342668429677,0.008232496770798098,0.05,200,20260905,,False
2014H2-E,all,20260913,gini,gbm,False,0.5479465831886549,0.5315593263930913,0.5623895214942631,0.008262158057549499,0.05,200,20260905,,False
2014H2-E,all,20260913,gini,gbm-50k,False,0.5223497247111778,0.5070880787035957,0.5385045143098651,0.008226783028927303,0.05,200,20260905,,False
2014H2-E,all,20260913,gini,gbm - scorecard,True,0.004242446888942264,-0.0021943383635973867,0.012926198811651936,0.003758008249862941,0.05,200,20260905,False,False
2014H2-E,all,20260913,gini,gbm-50k - scorecard,True,-0.021354411588534794,-0.02896380229613578,-0.013784821584634283,0.0036519029554859497,0.05,200,20260905,True,False
2014H2-E,all,20260913,gini,gbm-50k - gbm,True,-0.025596858477477058,-0.031499278559580283,-0.01770240556031353,0.0035469221369242047,0.05,200,20260905,True,False
2014H2-E,all,20260913,abs_log_oe,scorecard,False,0.7099605147789171,0.6729675082198745,0.750688958376254,0.02022443490252895,0.05,200,20260905,,False
2014H2-E,all,20260913,abs_log_oe,gbm,False,0.6106999897021761,0.573896426506529,0.6549280182400652,0.021060856790582387,0.05,200,20260905,,False
2014H2-E,all,20260913,abs_log_oe,gbm-50k,False,0.6673063631948278,0.6383299060982756,0.7143612468045423,0.019989006704266017,0.05,200,20260905,,False
2014H2-E,all,20260913,abs_log_oe,gbm - scorecard,True,-0.09926052507674099,-0.12232438056870688,-0.07925553705762099,0.010823978338192888,0.05,200,20260905,True,False
2014H2-E,all,20260913,abs_log_oe,gbm-50k - scorecard,True,-0.04265415158408925,-0.0485037485309146,-0.023021824453367676,0.006970908365862923,0.05,200,20260905,True,False
2014H2-E,all,20260913,abs_log_oe,gbm-50k - gbm,True,0.05660637349265174,0.054907308541145824,0.07655976876045752,0.005702956541561448,0.05,200,20260905,True,False
2014H2-E,all,20260913,cox_slope_deviation,scorecard,False,0.1452247275492179,0.12432035382523204,0.19065895630520527,0.01622129941844313,0.05,200,20260905,,False
2014H2-E,all,20260913,cox_slope_deviation,gbm,False,0.16353385066130333,0.14563825231509706,0.20143769097660263,0.014632079093866974,0.05,200,20260905,,False
2014H2-E,all,20260913,cox_slope_deviation,gbm-50k,False,0.2006979367880654,0.1654521209477712,0.23950393861330738,0.020000706010644166,0.05,200,20260905,,False
2014H2-E,all,20260913,cox_slope_deviation,gbm - scorecard,True,0.018309123112085435,-0.00832039203163111,0.0387990937922322,0.01204833849335511,0.05,200,20260905,False,False
2014H2-E,all,20260913,cox_slope_deviation,gbm-50k - scorecard,True,0.05547320923884752,-0.0036577159893132305,0.08597731876077176,0.02440328730270493,0.05,200,20260905,False,False
2014H2-E,all,20260913,cox_slope_deviation,gbm-50k - gbm,True,0.037164086126762086,-0.022146863768078322,0.07373959882977332,0.026781827476380665,0.05,200,20260905,False,False
2014H2-E,all,20260913,cox_slope,scorecard,False,0.9062361616092811,0.8715362454731852,0.940178583211948,0.01775310501217298,0.05,200,20260905,,False
2014H2-E,all,20260913,cox_slope,gbm,False,0.8412807957527052,0.8093504812965602,0.8725842374379688,0.016571974023330178,0.05,200,20260905,,False
2014H2-E,all,20260913,cox_slope,gbm-50k,False,1.1067908776239246,1.0689577809027928,1.1435968187965881,0.02027605587898586,0.05,200,20260905,,False
2014H2-E,all,20260913,cox_slope,gbm - scorecard,True,-0.06495536585657591,-0.07961058801116284,-0.04690155546770226,0.008428132943226406,0.05,200,20260905,True,False
2014H2-E,all,20260913,cox_slope,gbm-50k - scorecard,True,0.20055471601464347,0.18185923516528563,0.2183929869367011,0.009236392914746332,0.05,200,20260905,True,False
2014H2-E,all,20260913,cox_slope,gbm-50k - gbm,True,0.2655100818712194,0.2445716457775264,0.28332436066845385,0.009696611175176884,0.05,200,20260905,True,False
2014H2-E,all,20260913,psi,scorecard,False,0.11083588412030224,0.10913804578581984,0.11347677688735429,0.0011282839755769399,0.05,200,20260905,,False
2014H2-E,all,20260913,psi,gbm,False,0.09089827894566802,0.08932991266875043,0.09302273373532803,0.0009798840264965396,0.05,200,20260905,,False
2014H2-E,all,20260913,psi,gbm-50k,False,0.08704324420256558,0.08579357500709883,0.08932801115179428,0.0010097124016814054,0.05,200,20260905,,False
2014H2-E,all,20260913,psi,gbm - scorecard,True,-0.01993760517463422,-0.02140912938987102,-0.01847529478936699,0.0007518992632435719,0.05,200,20260905,True,False
2014H2-E,all,20260913,psi,gbm-50k - scorecard,True,-0.023792639917736655,-0.025230048478033427,-0.022489055959943143,0.0007205790274655486,0.05,200,20260905,True,False
2014H2-E,all,20260913,psi,gbm-50k - gbm,True,-0.003855034743102434,-0.005110340984844422,-0.0025988008164930148,0.0006652668710379115,0.05,200,20260905,True,False
